grupo_barrio,barrio,latitud,longitud,tipo_habitacion,precio,minimo_noches,cantidad_resenas,resenas_por_mes,cantidad_alojamientos_anfitrion,disponibilidad_anual
17.0,80.0,40.41476,-3.70418,4,157.0,5,173,0.93,17,342
17.0,66.0,40.42247,-3.70577,4,143.0,5,53,0.29,17,341
17.0,77.0,40.41884,-3.69655,3,65.0,1,249,2.78,3,299
17.0,66.0,40.42252,-3.7025,4,116.0,30,36,0.21,4,305
17.0,66.0,40.42252,-3.7025,4,79.0,30,31,0.18,4,317
17.0,76.0,40.41143,-3.70912,3,45.0,1,402,2.35,1,116
12.0,54.0,40.45575,-3.64912,3,90.0,1,52,0.32,2,336
17.0,66.0,40.4257,-3.70383,3,60.0,2,72,0.58,1,257
17.0,61.0,40.41319,-3.7024,3,120.0,3,223,1.31,1,34
17.0,79.0,40.4152,-3.69668,4,160.0,5,107,0.63,1,43
17.0,66.0,40.42116,-3.70384,4,98.0,15,374,2.19,2,319
12.0,27.0,40.45959,-3.64699,3,68.0,2,234,1.39,1,308
17.0,61.0,40.4131,-3.70086,4,117.0,5,79,0.47,2,42
17.0,61.0,40.4078,-3.70085,4,58.0,10,563,3.32,2,291
17.0,61.0,40.41175,-3.70021,4,70.0,2,97,0.6,2,285
17.0,80.0,40.41428,-3.70767,4,138.0,3,224,1.36,7,140
13.0,49.0,40.39627,-3.69926,4,100.0,4,88,0.58,1,125
17.0,66.0,40.42377853393555,-3.702780961990357,4,144.0,2,682,4.05,1,208
12.0,54.0,40.47142,-3.62881,4,114.0,2,163,1.02,2,128
17.0,76.0,40.41685,-3.70882,4,148.0,2,138,1.26,1,328
17.0,80.0,40.41849,-3.70743,3,139.0,4,191,1.3,21,301
17.0,77.0,40.42242,-3.69562,4,84.0,5,71,0.43,1,199
17.0,66.0,40.42838,-3.70345,4,90.0,25,151,0.92,2,14
17.0,79.0,40.41285,-3.69553,4,157.0,3,216,1.32,1,85
17.0,61.0,40.41015,-3.69797,4,95.0,5,54,0.33,2,158
16.0,78.0,40.40988,-3.67503,4,115.0,2,319,1.95,1,105
17.0,80.0,40.41676,-3.70682,3,70.0,2,658,4.02,1,271
17.0,76.0,40.41944,-3.70945,4,110.0,2,188,1.16,1,30
17.0,61.0,40.41115,-3.69673,4,70.0,4,44,0.31,3,209
17.0,80.0,40.4149,-3.70331,4,144.0,3,253,1.66,75,135
17.0,66.0,40.42552,-3.70589,4,117.0,3,109,0.85,75,110
18.0,68.0,40.42978,-3.67817,3,27.0,4,215,1.32,1,188
17.0,61.0,40.41281,-3.70749,4,94.0,3,126,0.8,75,107
17.0,77.0,40.42849,-3.70183,4,64.0,4,497,3.06,1,154
17.0,80.0,40.41592,-3.70177,4,129.0,3,149,1.11,75,119
17.0,76.0,40.41941,-3.70823,4,139.0,3,82,0.62,75,115
17.0,80.0,40.41628,-3.70364,4,126.0,3,213,1.35,75,122
9.0,43.0,40.43202,-3.60353,3,91.0,1,33,0.2,2,89
17.0,79.0,40.41155,-3.69492,3,50.0,3,185,1.62,1,228
10.0,61.0,40.44117,-3.64841,4,119.0,1,742,6.35,1,24
17.0,66.0,40.42323,-3.70434,4,114.0,15,54,0.34,5,271
17.0,79.0,40.41412,-3.70057,3,101.0,1,21,0.21,1,356
17.0,61.0,40.41327,-3.70223,3,93.0,2,609,3.86,1,255
17.0,80.0,40.41604,-3.70834,4,127.0,2,913,5.66,1,273
17.0,66.0,40.42286,-3.70236,3,70.0,4,603,3.82,1,2
16.0,64.0,40.45841,-3.67598,3,38.0,7,100,0.67,2,105
17.0,79.0,40.41309,-3.69775,3,53.0,3,426,2.65,1,279
18.0,82.0,40.42296831342578,-3.690953727258608,4,117.0,1,46,0.32,29,301
6.0,7.0,40.36725,-3.68875,3,48.0,5,105,0.66,1,238
13.0,60.0,40.40661,-3.6952,4,99.0,3,116,0.78,2,35
3.0,26.0,40.40743,-3.74293,3,29.0,10,295,1.86,3,117
17.0,80.0,40.41584,-3.70683,4,158.0,3,282,1.81,7,123
17.0,61.0,40.41389,-3.70461,4,117.0,1,441,2.81,6,37
17.0,80.0,40.41697,-3.70732,4,97.0,2,862,5.48,1,323
17.0,66.0,40.42616,-3.70263,4,147.0,3,120,0.85,1,292
17.0,66.0,40.42105,-3.70349,4,86.0,3,3,0.02,1,233
8.0,48.0,40.39368,-3.66975,4,52.0,30,33,0.27,1,222
17.0,76.0,40.41826,-3.71244,4,150.0,5,110,0.84,2,26
15.0,64.0,40.43653,-3.70421,3,43.0,5,119,0.86,1,10
17.0,66.0,40.42329,-3.70833,4,114.0,7,414,2.64,3,50
13.0,55.0,40.40333,-3.7025,3,46.0,5,212,1.38,3,160
17.0,66.0,40.42063868265047,-3.705671159481837,4,156.0,5,1,0.45,17,285
17.0,66.0,40.42057,-3.70486,4,147.0,5,24,0.16,17,314
17.0,79.0,40.41382,-3.69514,4,157.0,3,438,2.84,1,95
9.0,5.0,40.4267,-3.61631,3,42.0,20,31,0.24,6,155
17.0,80.0,40.41399,-3.70776,4,90.0,2,662,4.23,2,6
17.0,76.0,40.40883973425041,-3.71506993463148,4,100.0,3,255,1.79,1,6
17.0,80.0,40.41403,-3.70453,4,93.0,1,327,2.15,6,51
17.0,66.0,40.42398,-3.70451,3,42.0,3,33,0.75,1,365
9.0,24.0,40.43602,-3.63506,4,58.0,4,355,2.28,1,76
16.0,73.0,40.4077,-3.68473,3,38.0,1,240,1.57,3,153
17.0,79.0,40.4112,-3.69567,4,54.0,2,370,2.42,5,319
17.0,77.0,40.42171,-3.69823,4,100.0,7,282,1.82,1,191
17.0,76.0,40.42033,-3.70862,4,150.0,1,92,0.6,10,1
17.0,66.0,40.42556,-3.70175,4,68.0,2,314,2.03,5,255
4.0,57.0,40.46913,-3.58258,4,148.0,2,310,2.06,1,51
8.0,41.0,40.39826,-3.66722,3,42.0,2,198,1.38,1,84
17.0,80.0,40.41901,-3.70631,4,106.0,1,457,2.97,5,18
16.0,51.0,40.40646,-3.68289,3,38.0,1,932,6.14,3,141
17.0,61.0,40.40956,-3.7009,4,93.0,2,592,3.82,1,252
9.0,31.0,40.4449,-3.63508,3,90.0,2,95,0.68,1,364
18.0,73.0,40.4256315,-3.6714298,4,83.0,5,4,0.19,1,129
17.0,61.0,40.40766,-3.69952,4,85.0,10,86,0.56,2,25
17.0,80.0,40.41866,-3.70547,4,103.0,2,577,3.84,12,249
8.0,12.0,40.38901,-3.64185,3,26.0,1,282,2.24,1,265
17.0,80.0,40.41538,-3.70351,3,68.0,1,764,5.06,14,91
17.0,66.0,40.422540963200944,-3.701240072319667,4,94.0,1,234,1.54,5,57
17.0,79.0,40.41245,-3.69688,4,122.0,1,634,4.14,20,309
17.0,61.0,40.40875,-3.70439,4,97.0,4,25,0.25,8,166
8.0,41.0,40.40215,-3.66263,3,32.0,6,95,0.63,1,203
17.0,61.0,40.41045,-3.7057,4,136.0,2,389,2.61,1,290
15.0,66.0,40.43542,-3.70755,3,47.0,2,36,0.39,1,3
14.0,71.0,40.46544,-3.69534,4,120.0,1,74,0.52,2,72
17.0,79.0,40.41328,-3.69498,4,130.0,2,357,2.38,1,258
17.0,61.0,40.40912,-3.70074,3,80.0,30,122,1.01,1,139
17.0,76.0,40.41301,-3.70848,4,134.0,20,43,0.32,5,99
17.0,76.0,40.41354,-3.7079,4,104.0,2,93,0.74,1,15
17.0,61.0,40.41368,-3.70544,4,101.0,20,44,0.31,5,49
17.0,80.0,40.41936,-3.70752,4,94.0,2,207,1.38,5,18
17.0,76.0,40.4175,-3.7093,4,143.0,4,364,2.42,1,3
15.0,39.0,40.43715,-3.71356,3,86.0,1,151,1.01,2,359
5.0,44.0,40.34993,-3.70594,4,87.0,5,55,0.41,2,241
17.0,79.0,40.41031,-3.69438,4,49.0,30,12,0.09,1,297
17.0,80.0,40.41682,-3.70233,4,147.0,2,352,2.36,3,223
17.0,80.0,40.41884,-3.702,4,128.0,2,297,2.01,3,226
13.0,46.0,40.39963,-3.69485,3,50.0,3,498,3.68,3,203
13.0,46.0,40.39848,-3.69692,3,52.0,3,492,3.3,3,211
17.0,76.0,40.42239,-3.70986,4,93.0,2,500,3.37,12,223
17.0,80.0,40.41688,-3.70384,4,159.0,2,340,2.29,3,202
17.0,76.0,40.42055,-3.71043,4,82.0,2,447,3.06,12,189
15.0,69.0,40.43831228745207,-3.698593652243729,4,102.0,2,78,0.53,2,6
17.0,79.0,40.41495,-3.70061,4,121.0,4,531,3.57,28,274
17.0,61.0,40.41263,-3.70751,4,103.0,3,157,1.85,1,240
17.0,76.0,40.417042,-3.709589,4,111.0,1,614,4.31,2,29
17.0,61.0,40.40872,-3.70761,4,98.0,5,339,2.35,3,19
16.0,84.0,40.46396,-3.68005,4,94.0,1,66,0.49,1,311
15.0,69.0,40.43817,-3.69863,3,55.0,1,74,0.51,2,50
17.0,61.0,40.40773,-3.70647,4,88.0,2,100,0.68,1,159
17.0,76.0,40.41639,-3.71313,4,97.0,28,243,1.66,1,270
17.0,66.0,40.42157,-3.70276,4,143.0,1,195,1.34,5,40
17.0,76.0,40.42183,-3.71091,4,114.0,6,188,1.29,24,31
13.0,60.0,40.4058,-3.69604,4,100.0,30,59,0.43,1,348
10.0,36.0,40.50377,-3.68884,4,88.0,4,312,2.12,1,325
18.0,73.0,40.4244,-3.67485,3,15.0,30,21,0.15,1,7
17.0,76.0,40.41256,-3.70938,4,94.0,2,473,3.3,12,249
7.0,33.0,40.36148,-3.59824,3,45.0,2,99,0.74,1,354
17.0,61.0,40.41055,-3.70656,4,64.0,5,247,1.71,3,27
3.0,11.0,40.40296,-3.74469,3,38.0,2,82,0.57,1,90
18.0,68.0,40.42929,-3.67663,4,108.0,5,109,0.75,1,168
17.0,66.0,40.42171,-3.70564,4,87.0,2,220,1.75,1,11
16.0,70.0,40.41697,-3.67319,3,60.0,2,257,1.8,1,220
17.0,76.0,40.42063,-3.71193,4,114.0,3,187,1.33,24,32
13.0,55.0,40.40366,-3.7059,4,111.0,3,103,1.13,5,2
17.0,76.0,40.41856630367691,-3.709107643183609,3,152.0,1,213,1.46,21,365
16.0,66.0,40.442649841308594,-3.6739718914031982,3,46.0,15,64,0.54,1,138
17.0,61.0,40.41396,-3.70446,4,102.0,1,444,3.05,6,46
17.0,80.0,40.41474,-3.70744,4,125.0,1,536,3.67,20,324
17.0,80.0,40.41666,-3.70222,4,120.0,3,341,2.35,2,198
17.0,79.0,40.41555,-3.69955,4,119.0,7,50,0.36,7,346
17.0,76.0,40.41919,-3.70915,3,78.0,4,196,1.35,21,273
17.0,76.0,40.41535,-3.7101,4,60.0,3,319,2.21,2,300
17.0,61.0,40.41014,-3.70096,4,115.0,3,204,1.47,1,218
17.0,80.0,40.4152,-3.70429,4,144.0,1,690,4.75,14,119
17.0,66.0,40.42318,-3.70166,4,68.0,2,410,3.32,5,269
13.0,60.0,40.40498,-3.7006,4,155.0,2,76,1.48,1,238
17.0,76.0,40.4142968542387,-3.709685581272064,3,133.0,3,229,1.58,21,344
18.0,82.0,40.42129424736724,-3.683965195613257,4,127.0,1,32,0.24,29,275
3.0,11.0,40.40847,-3.72231,3,38.0,10,73,0.55,1,80
17.0,61.0,40.41128,-3.70224,3,76.0,6,207,1.55,1,185
17.0,66.0,40.42883,-3.70233,4,73.0,28,23,0.17,4,176
17.0,61.0,40.40756,-3.70568,3,70.0,4,385,2.73,4,1
15.0,64.0,40.42936,-3.7021,4,70.0,30,13,0.09,4,308
16.0,65.0,40.47054,-3.68104,3,55.0,1,427,3.05,4,19
17.0,61.0,40.40986,-3.69752,4,110.0,1,376,2.66,2,316
17.0,66.0,40.42506,-3.70752,4,102.0,7,324,2.36,2,123
10.0,41.0,40.42617,-3.64297,3,44.0,2,32,0.24,1,251
9.0,5.0,40.42654,-3.615916,3,34.0,20,40,0.3,6,117
17.0,61.0,40.40672,-3.69915,4,77.0,1,591,4.22,2,265
17.0,76.0,40.4091847,-3.7112316,3,60.0,2,90,2.38,1,88
17.0,80.0,40.41677,-3.70241,4,155.0,1,863,6.14,14,119
11.0,70.0,40.4269,-3.71367,4,142.0,1,373,2.67,4,159
17.0,61.0,40.40981,-3.70444,4,70.0,4,16,0.28,8,235
17.0,66.0,40.42809,-3.70396,3,38.0,12,15,0.12,2,146
17.0,61.0,40.41076,-3.69967,4,107.0,2,326,2.35,1,134
17.0,76.0,40.413128,-3.713299,4,113.0,1,412,2.96,20,327
17.0,66.0,40.4282,-3.704,3,32.0,12,44,0.33,2,107
15.0,67.0,40.43951,-3.6993,4,105.0,2,148,1.07,1,37
17.0,66.0,40.42755,-3.70255,3,31.0,13,62,0.45,1,32
17.0,61.0,40.4080534400944,-3.701130759415112,4,98.0,7,251,1.81,2,274
13.0,60.0,40.40441,-3.70095,3,33.0,2,125,0.94,1,73
17.0,79.0,40.411968,-3.695372,3,103.0,3,107,0.77,1,140
17.0,66.0,40.42333,-3.7066,3,36.0,1,880,6.37,19,236
17.0,61.0,40.41047,-3.7089,4,108.0,3,84,0.61,1,5
11.0,15.0,40.46919,-3.7249,3,50.0,7,59,0.49,7,339
16.0,51.0,40.40549,-3.68245,3,57.0,2,194,1.43,3,8
17.0,66.0,40.42314,-3.70683,4,103.0,5,5,0.04,9,302
11.0,70.0,40.42729,-3.7148,3,45.0,3,328,2.46,1,328
17.0,66.0,40.422,-3.70498,4,103.0,3,267,1.95,1,234
3.0,26.0,40.40718,-3.75199,3,38.0,1,0,0.0,1,89
18.0,63.0,40.43805,-3.67307,4,115.0,1,88,0.67,3,175
17.0,61.0,40.41015,-3.69681,4,73.0,5,55,0.5,3,184
17.0,77.0,40.41995,-3.7005,4,140.0,2,621,4.58,1,83
13.0,49.0,40.39904,-3.69987,3,88.0,1,72,0.53,4,364
11.0,70.0,40.42464,-3.71255,4,77.0,20,180,1.34,3,223
17.0,61.0,40.40945,-3.70965,4,72.0,2,386,2.85,1,145
17.0,66.0,40.42162,-3.70186,4,147.0,2,1036,7.58,1,93
17.0,76.0,40.41098,-3.71225,4,124.0,3,90,1.07,1,325
17.0,66.0,40.42423,-3.70664,4,88.0,4,275,2.06,1,153
17.0,61.0,40.41199,-3.70387,3,80.0,2,77,0.58,1,198
17.0,61.0,40.40846,-3.69586,4,117.0,3,99,0.74,1,307
15.0,64.0,40.43552,-3.70348,3,90.0,1,29,0.38,3,365
17.0,79.0,40.41449,-3.69607,4,100.0,4,361,2.65,4,212
10.0,41.0,40.42773,-3.64498,3,33.0,3,159,1.17,2,269
17.0,61.0,40.41212,-3.69915,3,82.0,25,120,0.89,3,132
17.0,77.0,40.42389,-3.69951,3,43.0,2,158,1.28,2,324
17.0,61.0,40.41275,-3.70039,3,72.0,25,95,0.7,3,132
10.0,41.0,40.42813,-3.64537,3,34.0,3,69,0.62,2,236
17.0,61.0,40.40738,-3.69719,3,29.0,1,501,3.89,4,31
16.0,78.0,40.40755,-3.67771,4,76.0,30,79,0.63,1,126
17.0,66.0,40.42845,-3.7037,4,121.0,4,63,0.47,1,99
17.0,79.0,40.41629,-3.69605,3,77.0,1,70,0.54,21,365
18.0,63.0,40.43727,-3.67535,4,129.0,7,73,0.59,2,311
6.0,42.0,40.38897,-3.71511,3,39.0,11,454,4.24,2,25
16.0,65.0,40.4716,-3.67378,4,100.0,30,153,1.14,1,224
17.0,61.0,40.4112,-3.70597,4,143.0,30,43,0.37,2,13
17.0,66.0,40.42459395118232,-3.702171623120405,4,89.0,1,62,0.46,5,171
13.0,60.0,40.40280834031722,-3.6968820166654233,3,56.0,2,33,1.41,1,163
17.0,76.0,40.40959,-3.71687,4,89.0,4,225,1.69,1,289
17.0,61.0,40.41255,-3.70337,4,123.0,28,28,0.23,10,255
15.0,64.0,40.43493,-3.70369,4,140.0,30,115,0.91,2,38
17.0,79.0,40.4158,-3.70119,4,105.0,15,207,1.55,2,282
17.0,80.0,40.41505,-3.70674,4,158.0,3,270,2.02,7,117
17.0,76.0,40.42284,-3.7106,3,90.0,2,44,0.33,7,364
17.0,80.0,40.4149,-3.70267,4,65.0,4,303,2.26,2,165
9.0,31.0,40.44597,-3.63157,3,69.0,1,124,0.93,2,138
17.0,76.0,40.41109895790407,-3.713395731388319,4,164.0,3,141,1.06,1,305
17.0,80.0,40.41991,-3.70155,4,83.0,3,636,5.09,2,61
17.0,76.0,40.42184,-3.71134,3,83.0,2,134,1.0,7,353
17.0,61.0,40.40875,-3.71018,3,56.0,1,175,1.31,1,234
13.0,49.0,40.39896,-3.69973,3,79.0,1,55,0.43,4,364
13.0,49.0,40.39894,-3.69999,3,44.0,1,69,0.52,4,80
17.0,80.0,40.41572,-3.70741,4,145.0,5,407,3.05,3,18
17.0,61.0,40.41232,-3.70005,4,93.0,3,321,2.42,2,292
15.0,67.0,40.44308,-3.69777,4,116.0,2,711,5.32,4,131
17.0,66.0,40.42267,-3.70809,4,82.0,3,418,3.14,1,289
17.0,61.0,40.41058,-3.70217,4,111.0,3,331,2.52,20,332
17.0,61.0,40.41058,-3.70217,4,104.0,3,352,2.68,20,332
17.0,76.0,40.41078,-3.71478,3,64.0,3,75,0.56,3,352
17.0,61.0,40.41036,-3.69937,4,122.0,1,171,1.29,10,13
11.0,70.0,40.42846199243451,-3.719398084040297,3,41.0,14,42,0.32,2,136
16.0,73.0,40.40692,-3.68303,4,103.0,2,347,2.64,292,286
17.0,76.0,40.41347,-3.70888,4,75.0,1,127,1.59,1,53
10.0,47.0,40.43536,-3.65044,3,35.0,3,90,0.68,1,288
10.0,75.0,40.45131,-3.6548,4,123.0,5,87,0.66,1,105
17.0,79.0,40.41332,-3.69636,4,157.0,2,591,4.46,28,74
17.0,76.0,40.42181,-3.7098,4,98.0,2,441,3.36,12,277
18.0,83.0,40.42932,-3.68441,4,146.0,2,334,2.7,2,294
11.0,47.0,40.44437,-3.78552,4,112.0,4,195,1.48,1,11
17.0,61.0,40.41058,-3.70217,4,105.0,3,343,2.61,20,343
17.0,61.0,40.41058,-3.70217,4,104.0,3,403,3.07,20,333
17.0,61.0,40.41058,-3.70217,4,104.0,3,393,3.0,20,337
17.0,61.0,40.41058,-3.70217,4,89.0,3,301,2.31,20,339
17.0,61.0,40.41058,-3.70217,4,101.0,3,355,2.71,20,307
17.0,80.0,40.415794372558594,-3.70602297782898,4,156.0,2,511,3.9,5,85
15.0,66.0,40.43275,-3.70848,4,140.0,30,46,0.37,1,36
16.0,59.0,40.44615,-3.67459,4,57.0,30,34,0.26,6,319
17.0,80.0,40.41719,-3.70148,4,108.0,1,357,2.74,292,309
3.0,12.0,40.39675,-3.7654,3,18.0,30,8,0.06,1,42
17.0,61.0,40.41332,-3.70503,4,143.0,30,111,0.93,7,19
18.0,82.0,40.4211,-3.68414,4,159.0,1,39,0.3,29,14
13.0,60.0,40.40253,-3.69666,4,72.0,3,146,1.12,23,21
16.0,66.0,40.44109,-3.67603,3,42.0,2,100,0.78,1,216
17.0,79.0,40.41102,-3.69438,4,122.0,1,502,3.85,20,325
16.0,51.0,40.40621,-3.6822,3,59.0,2,220,1.72,3,128
17.0,76.0,40.4126,-3.71268,4,76.0,30,1,1.0,2,198
16.0,78.0,40.41574,-3.67072,4,156.0,4,57,0.44,1,268
17.0,80.0,40.4191,-3.7079,4,127.0,1,442,3.43,4,107
14.0,63.0,40.45034,-3.69474,3,76.0,3,64,0.5,2,277
11.0,34.0,40.47327,-3.83206,3,53.0,1,0,0.0,2,108
17.0,61.0,40.40855,-3.70946,4,57.0,10,159,1.23,2,287
13.0,60.0,40.40225,-3.69099,4,111.0,30,263,2.05,1,34
17.0,61.0,40.40937423706055,-3.693152904510498,3,57.0,5,100,0.78,1,328
17.0,80.0,40.4155,-3.70749,3,59.0,2,77,0.64,2,77
2.0,2.0,40.40254,-3.64521,4,152.0,3,240,1.88,5,47
17.0,79.0,40.41602,-3.69945,4,161.0,2,323,2.52,1,49
17.0,61.0,40.41076,-3.70223,4,104.0,3,362,2.85,20,337
17.0,61.0,40.41073,-3.70223,4,104.0,3,304,2.38,20,330
17.0,61.0,40.41058,-3.70217,4,108.0,3,336,2.64,20,315
17.0,61.0,40.41079,-3.70225,4,107.0,3,367,2.88,20,326
17.0,61.0,40.41077,-3.70221,4,111.0,3,313,2.46,20,336
18.0,63.0,40.43721,-3.67314,4,85.0,30,24,0.2,3,253
17.0,77.0,40.42453,-3.70058,4,143.0,10,378,2.96,8,7
17.0,61.0,40.40721,-3.69942,4,108.0,1,148,1.16,10,80
16.0,84.0,40.46611,-3.68246,3,120.0,3,23,0.58,2,343
10.0,35.0,40.44266,-3.65135,3,37.0,10,44,0.37,2,334
17.0,76.0,40.42284,-3.7106,3,125.0,2,107,0.83,7,180
3.0,11.0,40.40262,-3.7399,4,148.0,7,41,0.34,4,315
17.0,66.0,40.43014,-3.71144,4,83.0,1,318,2.52,1,196
17.0,61.0,40.41027,-3.70129,4,117.0,5,125,0.98,1,274
14.0,63.0,40.45281,-3.69337,4,116.0,2,0,0.0,1,9
17.0,61.0,40.40703,-3.6992,4,150.0,1,95,0.78,10,147
17.0,79.0,40.41317,-3.696,4,65.0,4,358,2.8,4,302
16.0,64.0,40.45413,-3.67434,4,120.0,7,27,0.21,1,345
17.0,80.0,40.41906,-3.70455,4,144.0,3,111,0.87,5,226
8.0,48.0,40.3964,-3.66711,4,92.0,5,218,1.75,1,5
13.0,59.0,40.4041,-3.71624,4,121.0,5,180,1.42,1,21
17.0,76.0,40.42284,-3.7106,3,160.0,2,63,0.5,7,365
17.0,80.0,40.41909,-3.70719,4,143.0,1,438,3.45,20,303
17.0,79.0,40.41276,-3.69682,4,90.0,1,230,1.82,15,304
17.0,79.0,40.41459,-3.7026,4,136.0,3,351,2.79,10,181
17.0,79.0,40.41338,-3.69727,4,90.0,1,204,1.61,15,247
17.0,61.0,40.41197,-3.69943,3,96.0,2,120,0.95,2,98
18.0,82.0,40.42319,-3.68463,4,121.0,4,108,0.86,4,329
17.0,80.0,40.41698,-3.7034,4,101.0,3,252,2.0,1,221
17.0,66.0,40.42227,-3.70176,3,74.0,1,208,2.22,4,301
12.0,27.0,40.46211,-3.64967,3,33.0,2,144,1.14,5,14
16.0,73.0,40.41983,-3.68797,4,137.0,2,463,3.67,12,203
18.0,68.0,40.4289,-3.67495,3,56.5,21,16,0.15,1,16
11.0,18.0,40.42252,-3.72086,4,97.0,3,58,0.57,1,198
17.0,66.0,40.422210693359375,-3.707093954086304,3,47.0,1,789,6.31,19,299
17.0,66.0,40.422401428222656,-3.706758975982666,3,36.0,1,841,6.78,19,271
17.0,66.0,40.42226028442383,-3.7065720558166495,3,32.0,1,824,6.54,19,285
17.0,76.0,40.42062,-3.70723,4,110.0,28,208,1.67,1,253
17.0,61.0,40.40872,-3.70008,4,62.0,2,225,1.8,4,38
10.0,47.0,40.433601,-3.653563,4,140.0,1,89,0.71,1,163
17.0,80.0,40.41409,-3.70458,4,99.0,1,377,3.0,6,44
13.0,46.0,40.3959632,-3.6936646,3,43.0,3,48,1.46,1,257
17.0,76.0,40.41306,-3.71003,4,143.0,3,395,3.21,3,17
17.0,77.0,40.42163,-3.69654,3,70.0,2,563,5.07,2,12
10.0,45.0,40.48042,-3.72047,3,20.0,14,43,0.35,1,242
17.0,61.0,40.40961,-3.69711,4,77.0,3,452,3.63,1,129
6.0,39.0,40.39861,-3.71992,3,40.0,2,59,1.65,2,65
17.0,66.0,40.42074,-3.70642,4,103.0,7,94,0.98,1,248
17.0,66.0,40.42497,-3.70862,3,32.0,1,33,0.26,1,340
17.0,61.0,40.40907,-3.70038,4,135.0,2,287,2.31,1,86
3.0,26.0,40.40641,-3.74216,4,120.0,30,40,0.32,1,102
17.0,66.0,40.422245025634766,-3.7067720890045166,3,33.0,1,789,6.3,19,258
17.0,66.0,40.42143,-3.70321,4,99.0,30,363,2.9,1,11
18.0,73.0,40.42477,-3.66933,3,50.0,3,50,0.41,1,315
6.0,39.0,40.39627,-3.71999,3,66.0,2,602,4.86,1,77
15.0,66.0,40.43697,-3.70729,3,56.0,9,41,0.34,1,225
17.0,76.0,40.41805,-3.70876,4,120.0,3,489,3.94,2,300
17.0,61.0,40.4094016904833,-3.694743841631196,4,65.0,7,14,0.54,1,40
18.0,73.0,40.42765,-3.67321,3,40.0,3,232,1.9,3,226
17.0,61.0,40.41091,-3.69887,3,54.0,25,32,0.26,3,112
14.0,65.0,40.45915,-3.69322,4,160.0,4,46,1.19,2,357
17.0,79.0,40.4155,-3.70133,4,127.0,3,295,2.37,6,100
6.0,11.0,40.38422,-3.72129,3,20.0,5,89,0.73,1,22
3.0,26.0,40.40717,-3.74373,3,22.0,1,57,0.47,1,11
16.0,73.0,40.412289303919096,-3.690070435669735,3,146.0,2,35,0.29,3,362
16.0,59.0,40.44091,-3.6816,3,59.0,3,210,1.69,1,288
17.0,61.0,40.41089,-3.69915,4,95.0,3,202,1.65,1,33
17.0,80.0,40.41566,-3.70689,3,38.0,25,16,0.17,5,141
17.0,80.0,40.41537,-3.70331,4,144.0,1,543,4.38,14,119
3.0,29.0,40.41301,-3.72495,4,90.0,3,189,1.55,2,179
14.0,63.0,40.45546,-3.69918,3,78.0,2,103,0.94,1,335
18.0,73.0,40.42553,-3.67824,4,65.0,10,74,0.61,1,27
17.0,77.0,40.42398196261024,-3.6963784676263938,3,58.0,2,67,0.55,1,31
18.0,73.0,40.42791,-3.6771,3,40.0,3,287,2.35,1,13
17.0,76.0,40.41478,-3.7111,4,84.0,30,112,0.91,2,292
13.0,55.0,40.4038,-3.70616,4,121.0,2,416,3.38,1,206
17.0,79.0,40.4133,-3.69678,4,162.0,3,431,3.53,4,45
17.0,66.0,40.42396,-3.70366,3,43.0,6,159,1.31,3,140
3.0,29.0,40.40697,-3.73305,4,100.0,21,92,0.75,1,74
17.0,66.0,40.42233276367188,-3.70681095123291,3,34.0,1,781,6.34,19,270
9.0,24.0,40.43869,-3.624,4,81.0,3,222,1.83,3,237
17.0,61.0,40.41058,-3.70217,4,104.0,3,325,2.66,20,336
17.0,61.0,40.41058,-3.70217,4,88.0,3,430,3.5,20,326
17.0,66.0,40.42233276367188,-3.70681095123291,3,30.0,1,760,6.18,19,268
3.0,29.0,40.40918,-3.73434,3,26.0,2,94,0.93,2,154
17.0,76.0,40.41759,-3.71188,4,143.0,5,38,0.32,4,296
9.0,5.0,40.42381,-3.6179,3,26.0,1,1031,8.41,1,21
17.0,61.0,40.41058,-3.70217,4,117.0,3,257,2.12,20,330
18.0,63.0,40.43765,-3.66051,3,51.0,5,332,2.73,1,217
17.0,80.0,40.41912,-3.70179,4,111.0,2,317,2.6,1,147
17.0,61.0,40.41171,-3.70078,4,143.0,4,210,2.16,1,8
17.0,79.0,40.41276,-3.69495,3,54.0,2,401,3.29,3,28
16.0,64.0,40.4542,-3.67716,3,50.0,4,20,0.22,2,274
17.0,76.0,40.41014,-3.71055,4,128.0,3,30,0.25,1,90
17.0,79.0,40.41097,-3.69479,3,35.0,2,480,3.93,3,27
17.0,61.0,40.4093,-3.69804,4,105.0,14,219,1.8,1,32
10.0,47.0,40.43349186152441,-3.650601202789191,3,35.0,2,605,4.96,2,186
17.0,61.0,40.40826416015625,-3.7030858993530273,4,100.0,2,337,2.76,2,273
10.0,47.0,40.43393196787414,-3.6484552797551735,3,27.0,2,232,1.9,2,237
17.0,61.0,40.41053,-3.70298,3,120.0,1,474,3.89,1,258
16.0,65.0,40.47053,-3.68546,4,91.0,20,219,1.8,4,107
17.0,79.0,40.4121,-3.69577,4,104.0,4,128,1.17,1,23
17.0,76.0,40.42101,-3.71032,4,105.0,1,310,2.55,20,322
17.0,79.0,40.41315,-3.69597,4,80.0,4,338,2.78,4,304
17.0,80.0,40.41667,-3.70748,4,99.0,5,184,1.52,2,25
17.0,80.0,40.41964,-3.70261,4,136.0,4,165,1.35,2,278
3.0,29.0,40.41044,-3.73523,3,22.0,2,360,2.98,2,107
15.0,70.0,40.43975,-3.70541,3,40.0,30,0,0.0,4,14
15.0,67.0,40.43938,-3.70316,3,37.0,30,0,0.0,4,363
11.0,46.0,40.46322,-3.72396,3,26.0,15,58,0.48,2,69
17.0,79.0,40.4133,-3.69678,4,128.0,3,344,2.88,4,40
17.0,61.0,40.41045,-3.69721,4,64.0,3,454,3.76,1,208
9.0,45.0,40.44468,-3.58021,3,59.0,2,47,0.39,2,337
17.0,77.0,40.42099,-3.69777,4,150.0,2,487,5.25,4,95
17.0,66.0,40.42367,-3.70454,3,50.0,2,256,2.12,2,191
17.0,61.0,40.41058,-3.70217,4,102.0,3,306,2.52,20,338
15.0,67.0,40.43896,-3.70318,3,37.0,30,0,0.0,4,363
17.0,61.0,40.40733,-3.70608,3,49.0,4,198,1.8,1,71
13.0,46.0,40.39597,-3.68378,4,100.0,4,90,0.76,1,39
18.0,73.0,40.42467,-3.67037,4,157.0,7,151,1.27,1,27
17.0,61.0,40.40785,-3.70728,4,90.0,3,222,1.83,23,308
12.0,74.0,40.45411,-3.61186,4,110.5,2,346,2.87,2,7
17.0,66.0,40.42328,-3.70661,4,139.0,4,81,0.67,2,233
17.0,79.0,40.41071,-3.69525,3,54.0,2,353,2.91,3,25
17.0,76.0,40.41518,-3.71204,4,105.0,3,137,1.2,1,299
6.0,56.0,40.36851,-3.70284,3,33.0,2,103,0.87,1,6
17.0,66.0,40.4242,-3.70175,3,39.0,5,142,1.17,3,137
13.0,55.0,40.40354,-3.70311,3,51.0,2,187,1.55,1,242
17.0,61.0,40.40753,-3.69912,4,143.0,3,488,4.04,1,12
17.0,79.0,40.41377,-3.70153,4,146.0,3,146,1.23,10,200
17.0,61.0,40.40926,-3.7073,3,70.0,5,311,2.78,1,281
13.0,55.0,40.4035,-3.70339,3,46.0,5,82,0.68,3,330
17.0,61.0,40.40721,-3.6996,4,150.0,1,161,1.34,10,87
17.0,61.0,40.41386,-3.70303,3,105.0,2,255,2.11,1,13
17.0,66.0,40.42418,-3.70477,3,50.0,2,320,2.65,2,170
17.0,61.0,40.40837,-3.70842,3,69.0,2,94,0.78,1,41
16.0,73.0,40.41267,-3.68889,3,146.0,2,26,0.22,3,365
17.0,80.0,40.41634,-3.70209,4,153.0,2,477,4.01,1,149
17.0,79.0,40.41315,-3.69597,4,80.0,4,341,2.83,4,142
17.0,66.0,40.42411,-3.70264,4,68.0,2,390,3.23,5,277
8.0,37.0,40.38005,-3.65491,4,92.0,2,171,1.42,1,283
18.0,68.0,40.43001,-3.6744,4,144.0,30,0,0.0,13,257
17.0,61.0,40.407190172584286,-3.7007380265760794,3,46.0,5,6,0.43,2,269
17.0,79.0,40.41197,-3.69708,4,97.0,4,176,1.5,1,28
17.0,66.0,40.4215,-3.70341,4,143.0,7,180,1.5,1,9
17.0,61.0,40.40831,-3.70718,4,77.0,3,331,2.77,4,30
18.0,73.0,40.42364,-3.67495,3,47.0,2,198,1.68,1,154
17.0,79.0,40.41394,-3.70068,4,146.0,3,209,1.8,10,151
17.0,79.0,40.41692,-3.69881,4,116.0,5,145,1.21,2,74
17.0,79.0,40.41443,-3.70218,4,146.0,3,159,1.39,10,162
17.0,79.0,40.41456,-3.70259,4,136.0,3,347,3.02,10,130
17.0,66.0,40.4276,-3.70431,3,44.0,2,525,4.38,1,299
9.0,45.0,40.44293,-3.57959,3,40.0,2,26,0.22,2,348
16.0,70.0,40.41756,-3.67636,3,48.0,4,150,1.26,2,2
17.0,61.0,40.40918,-3.70552,4,108.0,10,276,2.32,8,27
14.0,65.0,40.45737,-3.69689,3,50.0,7,110,0.92,3,66
17.0,61.0,40.40589,-3.7019,4,65.0,3,333,2.79,5,50
17.0,61.0,40.40781,-3.69331,4,133.0,1,864,7.23,12,135
17.0,61.0,40.41242,-3.70591,3,44.0,7,80,0.68,7,255
17.0,76.0,40.41153,-3.70978,4,112.0,1,339,2.84,13,281
8.0,41.0,40.39921,-3.66147,3,33.0,1,174,1.46,1,342
16.0,59.0,40.44821,-3.68291,4,103.0,25,91,0.77,1,302
17.0,66.0,40.42245864868164,-3.70701003074646,3,37.0,1,782,6.54,19,283
9.0,24.0,40.44037,-3.6251,4,85.0,3,244,2.05,3,203
3.0,5.0,40.39812,-3.76909,4,87.0,2,358,3.03,1,175
17.0,61.0,40.41368,-3.70566,3,34.0,7,83,0.71,7,66
17.0,80.0,40.41532,-3.70559,4,80.0,4,183,1.54,2,17
17.0,79.0,40.4115,-3.6968,4,114.0,1,437,3.69,20,331
17.0,79.0,40.41359,-3.69684,4,43.0,7,176,1.51,1,76
17.0,80.0,40.41914,-3.70276,4,158.0,1,487,4.11,20,343
13.0,60.0,40.40435,-3.69709,3,110.0,3,237,2.01,2,139
6.0,32.0,40.38556051114707,-3.7035815191709474,3,44.0,1,21,0.71,5,79
14.0,63.0,40.45598,-3.69613,3,50.0,7,119,1.0,3,110
15.0,64.0,40.43085,-3.69728,4,80.0,30,141,1.21,1,293
17.0,77.0,40.42397,-3.6996,4,63.0,5,225,1.9,1,202
17.0,79.0,40.41593,-3.69772,4,151.0,2,602,5.22,6,118
17.0,79.0,40.41394,-3.70068,4,135.0,3,251,2.17,10,179
3.0,12.0,40.39104,-3.76326,3,27.0,7,150,1.29,2,42
17.0,66.0,40.42111,-3.70301,3,65.0,3,457,3.86,1,32
13.0,46.0,40.39527,-3.68228,3,69.0,1,12,0.12,2,180
3.0,12.0,40.39104,-3.76351,3,38.0,7,139,1.18,2,2
10.0,35.0,40.44255,-3.65286,3,36.0,4,25,0.21,2,338
13.0,60.0,40.40159,-3.68876,4,70.0,3,195,1.78,4,229
17.0,61.0,40.40647,-3.70066,4,120.0,1,117,1.03,1,34
12.0,54.0,40.45732,-3.62707,4,83.0,7,138,1.19,1,188
17.0,76.0,40.41126,-3.70881,3,70.0,1,222,1.89,2,2
11.0,70.0,40.43296,-3.71897,4,120.0,30,39,0.39,3,315
2.0,2.0,40.40191,-3.64424,3,26.0,1,32,0.3,1,4
10.0,81.0,40.45857,-3.65921,3,45.0,2,138,1.27,2,313
17.0,66.0,40.42261,-3.70154,4,143.0,25,159,1.35,1,25
17.0,80.0,40.41668,-3.70471,4,111.0,1,413,3.6,1,290
17.0,66.0,40.4235366,-3.7059685,4,113.0,3,383,3.25,1,238
15.0,64.0,40.43185,-3.70126,3,50.0,5,78,1.5,1,23
13.0,55.0,40.40547,-3.70552,4,92.0,5,209,1.79,4,205
17.0,80.0,40.41547,-3.70638,4,83.0,1,508,4.35,2,201
9.0,24.0,40.43225275790892,-3.6250154411351865,4,108.0,2,67,0.61,1,66
18.0,82.0,40.42281832940908,-3.690225076721194,4,131.0,3,112,2.9,1,113
11.0,46.0,40.4634,-3.72332,3,25.0,10,23,0.2,2,91
17.0,80.0,40.41909,-3.70285,3,56.0,2,233,1.98,1,260
16.0,65.0,40.47053,-3.68546,4,77.0,29,209,1.78,4,158
10.0,62.0,40.47366895139317,-3.666302290548466,4,130.0,2,247,2.1,1,343
17.0,79.0,40.41683,-3.69453,4,82.0,2,108,0.92,12,55
10.0,45.0,40.43239,-3.65216,4,119.0,2,50,0.44,1,153
17.0,66.0,40.42296,-3.70118,3,65.0,2,13,0.11,1,349
15.0,64.0,40.42994780571514,-3.7006694800256743,3,80.0,2,140,1.19,1,65
16.0,65.0,40.47436,-3.68684,3,56.0,1,0,0.0,1,269
13.0,60.0,40.4035,-3.69574,4,154.0,4,27,0.25,2,34
17.0,66.0,40.42156,-3.70605,4,160.0,1,72,0.62,1,325
17.0,80.0,40.41777,-3.702,4,134.0,30,1,0.2,13,256
17.0,80.0,40.41784,-3.70171,4,134.0,30,3,0.04,13,278
17.0,61.0,40.41153,-3.70668,4,67.0,2,41,0.38,1,76
18.0,60.0,40.42428,-3.66675,4,54.0,4,341,3.02,1,196
11.0,18.0,40.4234,-3.71793,4,90.0,30,224,1.92,2,52
17.0,79.0,40.413624110376006,-3.698560960214684,4,140.0,3,238,2.06,3,7
17.0,66.0,40.42406,-3.70274,4,97.0,2,258,2.24,1,195
17.0,77.0,40.424503326416016,-3.699172973632813,4,146.0,3,296,2.55,1,313
17.0,66.0,40.4229,-3.70177,3,80.0,3,146,3.05,1,35
17.0,61.0,40.40693,-3.70098,4,110.0,30,171,1.53,2,82
17.0,80.0,40.41634368896485,-3.707129001617432,4,137.0,3,255,2.24,1,48
17.0,77.0,40.42073,-3.6999,3,46.0,1,207,1.78,10,1
16.0,30.0,40.41154,-3.6668,3,61.0,30,0,0.0,3,363
10.0,12.0,40.49401,-3.71079,3,35.0,1,294,2.54,1,283
17.0,80.0,40.41871,-3.7031,4,135.0,1,485,4.17,4,191
17.0,80.0,40.420174,-3.705824,4,133.0,1,438,3.83,31,130
6.0,28.0,40.38819,-3.70318,3,25.0,2,99,0.85,1,41
13.0,60.0,40.4013,-3.69229,3,83.0,1,131,1.79,1,75
16.0,80.0,40.40119,-3.66999,4,97.0,7,19,0.18,25,252
16.0,80.0,40.40256,-3.66835,4,115.0,7,18,0.2,25,300
16.0,80.0,40.40205,-3.66798,4,115.0,7,11,0.1,25,245
16.0,80.0,40.40249,-3.66833,4,138.0,7,26,0.23,25,253
16.0,80.0,40.40059,-3.66933,4,153.0,7,41,0.36,25,268
5.0,3.0,40.35627,-3.69595,4,110.0,30,58,0.53,1,331
17.0,66.0,40.420795,-3.704236,4,134.0,1,415,3.62,31,129
17.0,66.0,40.42244,-3.70545,4,139.0,3,141,1.22,2,239
17.0,61.0,40.4107,-3.69816,4,128.0,3,157,1.38,2,279
17.0,76.0,40.41684,-3.71076,4,135.0,3,201,1.75,1,9
17.0,77.0,40.41999,-3.6986,4,54.0,2,285,2.47,1,21
13.0,59.0,40.40698,-3.7172,3,42.0,3,185,1.61,1,339
5.0,44.0,40.33366,-3.70227,4,98.0,2,65,0.56,19,31
17.0,61.0,40.41134,-3.7057,4,125.0,4,27,0.24,1,7
17.0,77.0,40.42319,-3.69914,3,54.0,2,420,3.69,1,90
6.0,22.0,40.37023,-3.74949,4,90.0,1,0,0.0,1,347
17.0,80.0,40.4168,-3.70282,4,106.0,30,63,0.55,1,234
17.0,76.0,40.41605,-3.70963,4,153.0,2,0,0.0,1,363
6.0,32.0,40.38554,-3.70331,4,47.0,7,48,0.43,21,274
6.0,28.0,40.38665,-3.70248,4,93.0,7,56,0.49,21,285
17.0,76.0,40.4098,-3.71258,4,133.0,3,209,1.81,1,192
17.0,79.0,40.41489,-3.69572,3,104.0,3,317,2.78,1,235
6.0,32.0,40.38558,-3.70331,4,71.0,7,45,0.39,21,200
6.0,32.0,40.38556,-3.7033,4,47.0,7,57,0.5,21,223
17.0,61.0,40.408817291259766,-3.7092440128326416,4,130.0,29,27,0.24,10,349
17.0,77.0,40.42216110229492,-3.698698997497559,4,143.0,4,413,3.64,1,1
17.0,76.0,40.41434,-3.71244,3,72.0,2,804,7.07,2,197
17.0,61.0,40.41184,-3.70425,3,82.0,1,454,3.96,6,280
17.0,76.0,40.40909,-3.71029,4,82.0,7,80,0.7,3,231
17.0,61.0,40.4087,-3.70403,4,107.0,3,479,4.19,2,118
18.0,68.0,40.43203,-3.67815,3,105.0,4,9,0.09,1,360
18.0,73.0,40.42533265803675,-3.6702997498102574,3,56.0,2,268,2.34,1,59
18.0,73.0,40.42616,-3.67959,4,110.0,15,28,0.25,1,275
17.0,80.0,40.41738,-3.70568,4,159.0,1,133,1.37,3,89
8.0,12.0,40.3876,-3.64196,3,27.0,2,136,1.24,1,349
6.0,32.0,40.38557,-3.70335,4,68.0,7,54,0.47,21,309
6.0,32.0,40.38556,-3.70334,4,47.0,7,42,0.38,21,260
17.0,76.0,40.41282,-3.70753,4,141.0,2,473,4.19,2,237
17.0,76.0,40.41526,-3.70856,4,129.0,1,384,3.41,1,117
17.0,61.0,40.41126,-3.70412,3,86.0,1,388,3.4,6,246
11.0,70.0,40.42342,-3.71339,4,65.0,30,23,0.2,1,231
13.0,46.0,40.39584,-3.69499,3,56.0,2,537,4.73,2,2
17.0,61.0,40.41126,-3.70034,4,93.0,1,385,3.41,292,275
13.0,49.0,40.39523,-3.69971,3,66.0,1,11,0.25,1,348
15.0,66.0,40.43372,-3.71082,4,121.0,3,83,0.75,75,206
15.0,69.0,40.42955,-3.69292,4,135.0,2,43,0.42,1,321
6.0,32.0,40.38556,-3.70331,4,93.0,7,35,0.32,21,76
13.0,46.0,40.39804,-3.69355,3,56.0,2,493,4.35,2,2
17.0,79.0,40.41236,-3.69553,4,102.0,1,441,3.92,1,31
12.0,61.0,40.47459,-3.64894,3,34.0,2,378,3.34,1,280
17.0,66.0,40.42511,-3.70688,4,99.0,4,279,2.47,2,283
13.0,60.0,40.404587,-3.697003,4,132.0,5,182,1.6,1,273
17.0,61.0,40.40976,-3.70249,4,143.0,30,514,4.57,1,57
17.0,66.0,40.42409,-3.70603,4,148.0,1,531,4.74,1,124
17.0,61.0,40.40817,-3.69979,3,83.0,2,148,1.31,1,151
17.0,79.0,40.41593,-3.69772,4,113.0,2,520,4.6,6,66
6.0,32.0,40.38572,-3.70329,4,50.0,7,31,0.28,21,297
17.0,61.0,40.40798,-3.7036,4,113.0,3,173,1.66,2,209
17.0,80.0,40.41416,-3.70716,4,137.0,2,470,4.15,141,284
17.0,61.0,40.40966,-3.70898,4,105.0,28,16,0.14,10,349
17.0,79.0,40.41608,-3.69443,4,140.0,1,181,1.61,4,285
13.0,60.0,40.40418711473929,-3.70009517507008,4,146.0,1,405,3.64,2,335
13.0,60.0,40.40487,-3.6969,4,85.0,10,76,0.7,1,43
17.0,61.0,40.41017,-3.70188,4,141.0,4,379,3.37,1,226
17.0,66.0,40.420708,-3.702295,4,153.0,1,377,3.34,31,146
13.0,60.0,40.40459,-3.69429,4,75.0,6,134,1.2,1,26
17.0,61.0,40.41073,-3.70358,3,62.0,2,11,0.1,1,15
17.0,61.0,40.4113,-3.70576,3,81.0,1,495,4.38,6,302
17.0,66.0,40.420708,-3.702295,4,154.0,1,367,3.29,31,147
15.0,39.0,40.43322,-3.71339,4,90.0,4,247,2.2,3,177
17.0,66.0,40.42698,-3.703,4,85.0,3,54,0.49,1,150
16.0,66.0,40.442081451416016,-3.674985885620117,4,124.0,2,158,2.26,8,171
13.0,46.0,40.3987,-3.69682,3,48.0,3,131,1.23,3,308
17.0,77.0,40.42358,-3.69863,3,60.0,2,160,1.46,1,216
17.0,76.0,40.41366,-3.71101,4,151.0,2,520,4.67,6,151
17.0,76.0,40.41242218017578,-3.708395957946777,4,157.0,2,71,0.65,1,19
15.0,64.0,40.43382,-3.70363,3,90.0,1,97,1.27,3,352
17.0,76.0,40.41495,-3.71102,4,140.0,1,260,2.32,1,260
18.0,83.0,40.43752,-3.68413,3,36.0,2,470,4.28,2,221
14.0,71.0,40.46788,-3.69288,3,49.0,1,641,5.72,3,51
10.0,45.0,40.43085,-3.65292,3,40.0,1,8,0.21,6,348
17.0,61.0,40.40905,-3.69501,4,69.0,28,46,0.44,2,262
17.0,80.0,40.4187,-3.70007,3,55.0,1,142,1.27,11,1
17.0,77.0,40.42065,-3.69848,3,58.0,1,100,0.89,11,1
17.0,80.0,40.41874,-3.70019,3,55.0,1,75,0.67,11,1
17.0,77.0,40.42069,-3.69837,3,58.0,1,152,1.35,11,1
18.0,63.0,40.43467,-3.66054,4,86.0,6,64,0.57,1,280
17.0,76.0,40.41274,-3.70767,3,70.0,2,313,2.85,2,338
11.0,47.0,40.45818,-3.78136,4,76.0,5,66,0.6,1,227
3.0,29.0,40.40703,-3.73715,4,90.0,5,30,0.27,2,67
17.0,80.0,40.41616,-3.70669,4,142.0,1,403,3.6,2,23
11.0,46.0,40.43786,-3.71943,3,98.0,1,5,0.06,13,318
14.0,71.0,40.46887,-3.69335,3,49.0,1,572,5.12,3,70
17.0,77.0,40.4237,-3.69659,3,115.0,2,80,0.73,1,70
17.0,76.0,40.41328,-3.71339,3,97.0,2,59,0.53,4,3
17.0,66.0,40.42515,-3.71031,3,43.0,4,166,1.49,2,203
17.0,76.0,40.41576,-3.71179,4,65.0,3,227,2.07,23,275
17.0,61.0,40.4075,-3.70178,4,74.0,3,328,2.94,5,59
17.0,77.0,40.42336,-3.69852,4,119.0,7,334,2.98,3,43
17.0,79.0,40.41593,-3.69772,4,151.0,2,555,5.0,6,72
17.0,61.0,40.41096704578397,-3.6982288350404495,4,101.0,1,107,0.96,10,132
17.0,61.0,40.41241,-3.70004,4,107.0,1,363,3.24,292,231
17.0,80.0,40.41955,-3.70036,3,55.0,1,76,0.71,11,1
17.0,77.0,40.4201,-3.69835,3,55.0,1,47,0.49,11,1
13.0,46.0,40.40041530415886,-3.695370827079954,4,154.0,3,35,1.07,3,298
9.0,24.0,40.43795,-3.63676,4,135.0,3,190,1.78,1,239
17.0,80.0,40.41846,-3.70664,4,90.0,1,356,3.19,92,351
6.0,7.0,40.37685,-3.69083,3,31.0,2,535,4.79,3,52
17.0,79.0,40.41561,-3.69908,4,164.0,5,459,4.14,28,215
17.0,61.0,40.40924,-3.70206,3,37.0,3,18,0.16,1,77
17.0,77.0,40.42082,-3.69521,3,92.0,1,201,1.83,1,123
17.0,66.0,40.42459,-3.70479,4,100.0,3,413,3.74,1,79
17.0,76.0,40.42284,-3.7106,3,133.0,1,48,0.44,7,361
17.0,76.0,40.41547,-3.71218,4,132.0,2,413,3.72,141,164
17.0,76.0,40.413018,-3.707772,3,70.0,2,332,3.01,2,351
6.0,32.0,40.38316,-3.69612,3,45.0,2,22,0.2,2,123
17.0,61.0,40.41107,-3.69936,4,101.0,2,404,3.75,1,39
17.0,80.0,40.41707,-3.70221,4,115.0,3,247,2.63,7,58
12.0,74.0,40.45481,-3.61386,4,110.5,2,238,2.52,2,1
17.0,79.0,40.41193,-3.69692,3,28.0,2,340,3.1,2,72
17.0,79.0,40.41045,-3.6942,3,34.0,2,257,2.52,2,19
17.0,79.0,40.41583,-3.6978,4,138.0,2,547,4.95,6,43
17.0,66.0,40.42189,-3.70138,3,66.0,1,141,1.3,2,168
17.0,80.0,40.41538,-3.70765,3,35.0,30,7,0.08,6,198
14.0,57.0,40.46144,-3.69965,4,103.0,3,83,0.78,1,326
17.0,76.0,40.41359,-3.70787,3,35.0,30,5,0.1,6,267
18.0,73.0,40.426956,-3.669885,4,33.0,1,145,1.36,1,363
17.0,80.0,40.41387,-3.7079,3,30.0,30,6,0.06,6,288
6.0,45.0,40.39125,-3.72402,3,83.0,2,123,1.12,1,365
17.0,66.0,40.42093,-3.70206,4,117.0,3,204,1.89,1,2
18.0,68.0,40.43448,-3.67734,3,60.0,7,0,0.0,2,226
16.0,51.0,40.40375,-3.68068,4,80.0,4,230,2.1,1,291
17.0,76.0,40.41914,-3.71052,4,159.0,3,443,4.07,13,55
9.0,45.0,40.44336,-3.5754,4,133.0,4,22,0.2,2,332
6.0,7.0,40.37935,-3.6907,3,36.0,2,522,5.19,3,37
6.0,39.0,40.39473,-3.72741,4,78.0,2,277,2.53,2,51
14.0,63.0,40.44693,-3.70091,4,123.0,2,315,2.87,3,295
18.0,63.0,40.43905,-3.66259,3,25.0,30,71,0.74,2,30
17.0,77.0,40.42194,-3.6998,4,110.0,1,453,4.21,1,251
17.0,61.0,40.40762,-3.70172,4,62.0,2,408,3.73,1,170
10.0,81.0,40.45804,-3.65896,3,46.0,2,77,0.71,2,36
17.0,61.0,40.40806,-3.70334,4,77.0,3,370,3.39,2,55
17.0,61.0,40.41058,-3.70217,4,107.0,3,311,2.88,20,328
10.0,36.0,40.51417,-3.67419,3,47.0,2,61,0.56,1,348
17.0,80.0,40.41465,-3.70334,4,150.0,1,540,4.96,26,57
11.0,70.0,40.42056,-3.71777,4,125.0,1,194,1.78,73,330
15.0,69.0,40.42593,-3.69101,4,136.0,3,252,2.32,2,236
17.0,80.0,40.41393,-3.70668,4,141.0,3,42,0.39,5,234
18.0,73.0,40.42613,-3.67455,3,42.0,1,143,3.57,1,49
3.0,29.0,40.41089,-3.73507,3,23.0,2,276,2.6,2,232
17.0,80.0,40.41584,-3.70467,4,143.0,1,395,3.64,1,13
13.0,60.0,40.40275,-3.69149,4,72.0,6,127,1.28,1,91
14.0,63.0,40.4525,-3.69659,3,50.0,3,260,2.39,1,110
17.0,76.0,40.41181,-3.70931,4,103.0,1,324,2.99,292,110
16.0,80.0,40.40329,-3.66978,4,111.0,3,124,1.15,1,10
6.0,25.0,40.379218796233694,-3.749362810753154,3,39.0,1,90,2.35,2,320
6.0,32.0,40.38146833989317,-3.7012184411287303,3,37.0,1,0,0.0,2,344
14.0,65.0,40.462589263916016,-3.6902480125427246,3,86.0,2,181,2.47,1,301
5.0,10.0,40.34314,-3.68894,4,90.0,25,118,1.09,2,352
15.0,39.0,40.43268,-3.71659,3,55.0,4,114,1.07,2,290
17.0,66.0,40.42054,-3.70158,4,55.0,2,350,3.23,1,206
16.0,59.0,40.43877,-3.6902,4,107.0,5,78,0.72,1,38
10.0,61.0,40.4356,-3.65748,4,105.0,6,255,2.36,1,12
17.0,66.0,40.4215,-3.70241,4,108.0,3,343,3.18,3,142
18.0,83.0,40.4348,-3.68346,3,36.0,1,712,6.65,2,153
17.0,66.0,40.427431045894224,-3.705465512528629,4,67.0,3,413,3.86,1,83
17.0,80.0,40.41502152012279,-3.7074185290814974,4,152.0,1,504,4.72,1,150
17.0,76.0,40.415678340156525,-3.711140701063159,4,72.0,1,92,0.94,1,219
17.0,61.0,40.40722985512183,-3.701140278664232,4,160.0,21,259,2.4,2,358
17.0,61.0,40.41034,-3.70633,4,91.0,3,90,0.85,3,38
13.0,59.0,40.40461,-3.71299,3,53.0,3,89,0.87,1,39
11.0,18.0,40.42407,-3.72487,4,132.0,1,180,1.67,1,53
18.0,83.0,40.42937,-3.68681,4,138.0,5,170,1.58,11,311
17.0,77.0,40.42713,-3.6979,4,142.0,10,158,1.47,13,291
17.0,79.0,40.41434,-3.6941,4,135.0,30,137,1.28,1,241
14.0,52.0,40.45052,-3.70758,4,116.0,30,180,1.69,1,5
18.0,83.0,40.43153,-3.6857,4,163.0,5,34,0.32,11,122
5.0,44.0,40.33377,-3.70335,4,79.0,3,24,0.23,19,177
9.0,31.0,40.44320780122896,-3.6323466522775103,3,32.0,2,194,1.81,2,313
17.0,61.0,40.41183,-3.69945,4,114.0,1,373,3.49,20,340
10.0,41.0,40.42779,-3.64134,3,33.0,1,356,3.33,2,337
17.0,76.0,40.41845,-3.70868,4,92.0,3,593,5.57,22,265
17.0,80.0,40.41751,-3.70666,4,76.0,3,550,5.15,22,288
6.0,39.0,40.40034,-3.72141,4,75.0,20,52,0.49,1,59
17.0,61.0,40.40976,-3.70471,4,121.0,3,276,2.58,1,242
17.0,76.0,40.41254,-3.712331,3,98.0,2,161,1.51,4,303
17.0,79.0,40.415589666530856,-3.701371363834036,4,153.0,4,99,0.93,3,53
17.0,61.0,40.4117,-3.70505,4,126.0,3,417,3.91,5,70
10.0,36.0,40.50796,-3.67375,4,164.0,1,13,0.12,72,31
15.0,39.0,40.43318,-3.71337,4,80.0,4,191,1.79,3,87
17.0,76.0,40.42088,-3.70719,4,130.0,1,291,2.74,1,165
17.0,79.0,40.41351,-3.69967,4,116.0,1,31,0.29,29,292
11.0,47.0,40.44526,-3.786,3,70.0,2,104,0.98,1,161
17.0,61.0,40.41136,-3.69924,3,51.0,2,102,0.96,1,228
17.0,61.0,40.41228866577149,-3.705260992050171,4,93.0,2,0,0.0,1,247
17.0,66.0,40.42622,-3.70543,2,82.0,1,6,0.09,4,128
17.0,66.0,40.42399,-3.70761,4,89.0,3,474,4.48,2,88
17.0,61.0,40.40843,-3.69977,4,60.0,20,106,1.02,2,138
17.0,66.0,40.42102,-3.70205,4,138.0,1,235,2.22,2,282
17.0,66.0,40.42264,-3.7026,4,157.0,1,206,1.94,2,320
16.0,59.0,40.44326,-3.67705,4,80.0,7,60,0.59,3,240
18.0,63.0,40.43496,-3.66446,4,93.0,2,360,3.39,1,6
17.0,61.0,40.41058,-3.70217,4,110.0,3,181,1.72,20,324
17.0,66.0,40.42455,-3.70735,4,92.0,1,27,0.32,4,245
15.0,39.0,40.43547,-3.7167,1,76.0,7,10,0.1,13,364
17.0,80.0,40.41759,-3.70386,4,140.0,7,191,1.8,1,246
17.0,61.0,40.41044,-3.70081,4,90.0,3,284,2.77,1,150
6.0,32.0,40.38146,-3.69916,3,29.0,2,111,1.07,1,228
6.0,32.0,40.38554,-3.70331,4,93.0,7,57,0.56,21,273
13.0,60.0,40.40389,-3.69714,4,164.0,7,71,0.7,1,265
17.0,61.0,40.40976,-3.69693,4,136.0,1,366,3.45,7,346
17.0,79.0,40.41333,-3.69708,4,80.0,1,443,4.17,92,333
3.0,29.0,40.41313,-3.72843,4,102.0,3,218,2.07,3,264
17.0,77.0,40.42133,-3.7005,4,119.0,3,484,4.55,93,43
17.0,61.0,40.40929,-3.705,4,121.0,1,121,1.19,1,305
6.0,39.0,40.39645,-3.73169,4,90.0,5,222,2.15,1,5
17.0,80.0,40.41449,-3.70767,4,100.0,4,439,4.15,1,39
3.0,29.0,40.40749,-3.73552,3,44.0,2,91,0.9,1,109
17.0,76.0,40.4144,-3.71492,1,17.0,1,210,2.02,5,95
17.0,76.0,40.41603,-3.71278,3,84.0,1,9,0.12,5,72
17.0,61.0,40.40621,-3.70227,4,120.0,1,867,8.28,8,45
10.0,41.0,40.42731,-3.64218,3,26.0,2,332,3.14,2,335
17.0,61.0,40.40748,-3.70308,4,83.0,2,196,1.86,1,241
17.0,66.0,40.42846,-3.71414,4,132.0,7,41,0.39,2,266
17.0,77.0,40.42357,-3.69658,4,132.0,4,415,3.98,1,77
13.0,59.0,40.41177,-3.71954,3,60.0,2,136,1.29,1,142
17.0,76.0,40.41616,-3.71265,1,22.0,1,101,0.99,5,101
6.0,28.0,40.39461,-3.70485,4,131.0,7,226,2.15,2,234
11.0,18.0,40.42436,-3.72507,4,106.0,3,158,3.44,1,151
17.0,66.0,40.42219,-3.70277,4,162.0,2,415,3.94,141,292
6.0,42.0,40.39387,-3.71364,3,40.0,2,401,3.82,1,49
17.0,76.0,40.42004,-3.71696,4,109.0,2,367,3.49,141,263
15.0,39.0,40.43032,-3.71262,4,132.0,7,0,0.0,2,263
17.0,61.0,40.41184,-3.70102,3,63.0,2,323,3.08,1,8
7.0,21.0,40.38523,-3.60862,4,103.0,2,294,2.81,2,257
17.0,79.0,40.41395,-3.69756,3,90.0,2,12,0.13,2,168
17.0,80.0,40.41928,-3.70016,3,56.0,1,321,3.06,2,119
18.0,73.0,40.42785,-3.675,3,45.0,7,55,0.53,1,280
16.0,66.0,40.44142,-3.67648,4,123.0,3,106,1.05,1,239
17.0,66.0,40.42561,-3.70176,4,92.0,4,204,1.95,1,248
6.0,42.0,40.3955,-3.71421,4,150.0,1,335,3.21,292,274
17.0,76.0,40.40996,-3.71226,4,114.0,1,162,1.56,43,325
17.0,79.0,40.4129,-3.69991,4,161.0,2,282,2.72,13,51
9.0,32.0,40.43062,-3.61323,4,78.0,2,268,2.56,1,199
17.0,80.0,40.41718,-3.70647,4,68.0,3,88,0.85,22,167
16.0,51.0,40.40575,-3.67254,4,88.0,5,127,1.23,1,43
17.0,61.0,40.40972,-3.70008,4,79.0,1,544,5.2,1,195
17.0,61.0,40.40841,-3.7007,4,73.0,2,2,0.02,1,101
18.0,83.0,40.4331,-3.68356,3,41.0,1,555,5.31,2,179
14.0,63.0,40.45016,-3.69901,4,76.0,2,207,2.02,1,43
17.0,61.0,40.41098,-3.70074,3,38.0,2,436,4.78,1,234
11.0,70.0,40.42153,-3.71468,4,128.5,28,74,0.72,2,365
1.0,13.0,40.40111,-3.62075,3,92.0,2,18,0.17,1,356
17.0,61.0,40.41123,-3.70063,4,143.0,2,190,1.85,1,5
17.0,80.0,40.41491,-3.70345,4,81.0,4,174,1.67,5,288
17.0,80.0,40.41491,-3.70345,4,81.0,1,146,1.4,5,268
17.0,80.0,40.41545,-3.70255,4,161.0,1,203,1.94,73,309
17.0,77.0,40.42387601955684,-3.695750512844013,4,131.0,3,127,1.22,1,210
17.0,61.0,40.41406,-3.70441,4,125.0,1,254,2.47,6,47
17.0,66.0,40.42659,-3.70264,3,65.0,2,314,3.04,3,298
15.0,64.0,40.42925,-3.70276,4,162.0,1,570,5.49,2,38
17.0,61.0,40.4089,-3.6945,4,112.0,3,381,3.66,12,5
13.0,46.0,40.398506,-3.695627,4,95.0,3,298,2.86,2,251
10.0,61.0,40.44497,-3.64198,4,78.0,7,32,0.32,5,54
17.0,77.0,40.42127,-3.70049,4,114.0,3,402,3.85,93,50
17.0,61.0,40.4123,-3.70704,4,86.0,28,221,2.12,2,137
10.0,61.0,40.44497,-3.64198,4,78.0,7,34,0.33,5,54
18.0,82.0,40.42198,-3.6899,4,151.0,1,38,0.37,52,282
17.0,66.0,40.42707824707031,-3.708493947982788,3,82.0,1,10,0.1,1,78
17.0,80.0,40.41544,-3.70552,4,143.0,2,310,2.98,141,282
13.0,60.0,40.40263,-3.69105,4,93.0,2,234,2.33,1,6
17.0,76.0,40.412139892578125,-3.7084920406341553,4,101.0,2,394,3.82,1,277
14.0,50.0,40.45847,-3.70511,4,85.0,4,19,0.19,1,162
17.0,66.0,40.42178,-3.70321,3,49.0,3,101,0.98,4,106
17.0,79.0,40.41703,-3.70003,4,152.0,1,390,3.81,26,131
17.0,80.0,40.41466,-3.70365,4,132.0,30,35,0.34,3,115
13.0,60.0,40.40519,-3.69249,4,115.0,3,257,2.49,1,245
17.0,79.0,40.41359,-3.70092,4,119.0,5,324,3.14,1,32
5.0,3.0,40.36029,-3.69859,4,85.0,5,247,2.59,1,26
17.0,76.0,40.41633,-3.70975,4,95.0,6,233,2.26,1,22
17.0,61.0,40.40805,-3.69976,4,123.0,5,157,1.53,4,228
17.0,61.0,40.40934,-3.69796,4,108.0,2,298,2.88,1,34
17.0,66.0,40.42561,-3.70472,4,96.0,3,129,1.26,1,277
15.0,66.0,40.43649,-3.70715,4,91.0,7,37,0.36,1,237
16.0,80.0,40.39795,-3.67119,3,23.0,2,308,2.98,5,139
16.0,80.0,40.3986,-3.67134,3,23.0,2,225,2.23,5,171
17.0,66.0,40.42767,-3.70447,4,79.0,30,28,0.27,4,333
17.0,66.0,40.42147,-3.70274,4,81.0,28,22,0.23,4,256
17.0,66.0,40.42153,-3.70272,4,114.0,28,39,0.38,4,291
17.0,66.0,40.4216,-3.70274,4,101.0,30,33,0.41,4,296
13.0,60.0,40.40706,-3.694,3,50.0,2,192,1.87,2,45
14.0,57.0,40.466983865117854,-3.697602152824402,3,64.0,1,224,2.19,1,176
2.0,2.0,40.40167,-3.6443,4,103.0,3,34,0.34,1,128
17.0,61.0,40.41008417764203,-3.6971060738729182,4,90.0,3,911,8.86,4,50
10.0,53.0,40.48393,-3.70834,4,98.0,1,173,1.69,1,168
13.0,60.0,40.40199,-3.69439,4,94.0,1,414,4.02,1,99
18.0,68.0,40.43715,-3.67851,4,129.0,1,171,1.66,292,320
17.0,79.0,40.41485347157465,-3.6970585276601216,4,116.0,1,21,0.21,2,47
17.0,77.0,40.42283,-3.69497,4,78.0,28,265,2.58,93,1
17.0,77.0,40.42479,-3.69745,4,108.0,28,79,0.77,14,49
16.0,70.0,40.42014,-3.6765,4,140.0,1,562,5.48,2,1
15.0,67.0,40.44598,-3.69926,4,110.0,5,162,1.58,1,204
16.0,51.0,40.40502,-3.6726,4,140.0,2,244,2.38,1,72
17.0,76.0,40.41379,-3.71241,4,68.0,30,33,0.32,1,162
17.0,66.0,40.42644,-3.70338,4,158.0,4,227,2.2,2,79
17.0,76.0,40.41179,-3.71044,4,143.0,2,256,2.5,5,2
17.0,61.0,40.41155,-3.70689,4,138.0,28,429,4.18,2,194
6.0,8.0,40.36906,-3.71782,3,40.0,1,277,2.71,2,217
11.0,47.0,40.45444,-3.78334,3,35.0,2,61,0.6,1,354
17.0,80.0,40.41559,-3.70353,3,98.0,30,0,0.0,2,365
18.0,73.0,40.42363,-3.67766,4,107.0,2,822,8.02,1,90
17.0,76.0,40.41671,-3.7092,4,150.0,3,137,1.34,1,331
13.0,49.0,40.39328,-3.69554,4,87.0,4,549,5.37,3,41
17.0,61.0,40.41155,-3.70538,3,82.0,2,68,0.66,1,24
17.0,66.0,40.42196,-3.70332,4,109.0,25,65,0.63,1,150
17.0,76.0,40.41122,-3.70961,4,150.0,1,295,2.88,3,5
13.0,60.0,40.40279,-3.68841,4,74.0,3,259,2.53,1,292
16.0,73.0,40.42061,-3.6843,4,148.0,1,141,1.38,1,277
17.0,76.0,40.40963,-3.71029,4,157.0,30,232,2.26,25,269
8.0,48.0,40.38868,-3.66979,3,17.0,25,63,0.62,5,225
9.0,24.0,40.4367,-3.63438,4,89.5,2,413,4.04,1,1
8.0,48.0,40.38659,-3.66864,3,19.0,25,83,0.81,5,322
10.0,61.0,40.44497,-3.64198,4,78.0,7,35,0.34,5,48
16.0,65.0,40.47075,-3.67855,3,57.0,1,445,4.34,2,77
17.0,61.0,40.4108,-3.70162,4,94.0,3,424,4.15,12,256
15.0,66.0,40.43006,-3.70908,3,33.0,2,225,2.23,1,199
11.0,15.0,40.46787,-3.72199,3,71.0,7,50,1.37,7,335
3.0,29.0,40.41207,-3.73234,4,58.0,6,115,1.16,1,72
12.0,54.0,40.48681,-3.66711,4,77.0,2,296,2.99,2,217
17.0,61.0,40.40741,-3.70026,4,103.0,3,337,3.3,93,167
17.0,61.0,40.40835189819336,-3.702826976776123,4,100.0,2,369,3.61,2,182
17.0,80.0,40.4165,-3.70657,4,118.0,1,531,5.21,2,180
17.0,61.0,40.41023,-3.70533,4,123.0,1,686,6.78,8,139
17.0,77.0,40.42163,-3.70051,4,111.0,5,361,3.55,93,49
14.0,65.0,40.45759,-3.69543,4,142.0,15,150,1.48,1,189
9.0,31.0,40.44318,-3.63236,3,39.0,2,179,1.76,2,300
14.0,52.0,40.45687,-3.71099,4,85.0,1,134,1.32,2,221
17.0,77.0,40.42234,-3.69825,4,143.0,30,303,2.97,63,4
17.0,66.0,40.42153,-3.70274,4,86.0,3,211,2.07,1,223
18.0,63.0,40.43718,-3.67062,3,68.0,1,618,6.07,1,98
9.0,5.0,40.42185,-3.61892,3,42.0,3,52,0.53,2,355
16.0,59.0,40.444351,-3.67601,4,80.0,7,84,0.84,3,305
17.0,77.0,40.42265,-3.6998,3,63.0,2,315,3.1,1,202
17.0,66.0,40.42574,-3.70894,4,64.0,30,52,0.52,1,306
17.0,66.0,40.42379,-3.70528,4,93.0,4,176,1.78,2,317
15.0,66.0,40.43278,-3.70566,3,28.0,3,319,3.13,1,34
3.0,29.0,40.40875,-3.73975,3,38.0,3,80,1.03,1,340
17.0,66.0,40.42153,-3.70477,4,143.0,4,109,1.08,1,139
17.0,79.0,40.4138,-3.6967,4,124.0,4,127,1.25,1,123
11.0,70.0,40.42056,-3.71777,4,159.0,1,84,0.83,73,316
17.0,61.0,40.40666,-3.69856,4,93.0,2,368,3.65,1,12
18.0,63.0,40.43444,-3.66308,4,43.0,7,112,1.15,1,76
17.0,66.0,40.42409,-3.70876,4,96.0,2,310,3.06,2,9
17.0,77.0,40.423,-3.69797,4,113.0,28,103,1.02,14,54
13.0,84.0,40.40095,-3.68618,4,148.0,6,247,2.43,1,131
17.0,76.0,40.41163,-3.70847,4,106.0,2,476,4.7,141,266
17.0,61.0,40.40931,-3.70726,4,122.0,1,728,7.19,8,147
17.0,61.0,40.41087,-3.70613,4,130.0,1,812,8.02,8,130
17.0,61.0,40.40907,-3.70761,4,122.0,1,724,7.15,8,128
7.0,33.0,40.37745,-3.62325,4,66.0,1,442,4.48,1,136
4.0,57.0,40.46854,-3.58553,3,47.0,1,183,15.17,1,1
15.0,67.0,40.44465,-3.7016,3,68.0,7,11,0.11,3,311
9.0,24.0,40.43294,-3.63283,3,32.0,1,228,2.26,1,53
18.0,68.0,40.43293,-3.67317,4,116.0,2,51,3.29,22,312
17.0,61.0,40.41006,-3.70227,4,68.0,3,332,3.29,22,226
14.0,50.0,40.46075,-3.70553,3,34.0,3,42,1.17,1,326
13.0,49.0,40.39433,-3.69578,4,139.0,2,181,1.8,2,147
17.0,61.0,40.4086,-3.70448,3,58.0,3,225,2.23,5,341
14.0,52.0,40.4495,-3.70722,3,75.0,10,0,0.0,20,358
17.0,76.0,40.41244,-3.71161,4,64.0,30,346,3.46,12,268
17.0,77.0,40.42433,-3.69883,4,80.0,5,228,2.34,9,236
11.0,15.0,40.46866,-3.72181,3,35.0,2,59,0.61,1,256
17.0,76.0,40.4117,-3.70856,4,110.0,2,444,4.41,141,287
16.0,65.0,40.47035,-3.67643,3,57.0,1,320,3.19,2,45
17.0,80.0,40.41717,-3.70644,4,120.0,2,370,3.7,141,203
18.0,63.0,40.43695,-3.66507,4,83.0,3,90,0.9,1,44
15.0,67.0,40.44439,-3.70113,3,110.0,2,0,0.0,1,363
18.0,68.0,40.43311568769381,-3.6734799511052714,4,84.0,2,387,3.89,22,283
15.0,70.0,40.44516,-3.71096,3,54.0,2,35,0.35,3,43
15.0,39.0,40.4381470083102,-3.7149406199379857,3,25.0,4,1,0.61,1,27
6.0,8.0,40.37055,-3.71618,3,40.0,1,276,2.76,2,207
16.0,59.0,40.44891,-3.67494,4,119.0,2,33,0.33,1,43
17.0,61.0,40.40763,-3.69893,4,104.0,2,181,1.8,2,240
15.0,39.0,40.43759,-3.71496,3,58.0,2,0,0.0,13,365
15.0,39.0,40.4357,-3.71685,3,66.0,1,9,0.09,13,326
17.0,61.0,40.40686449724799,-3.698777073538381,4,88.0,2,196,1.95,2,240
17.0,66.0,40.42394,-3.70651,4,134.0,4,220,2.22,1,48
17.0,66.0,40.42388,-3.7066,4,143.0,30,20,0.2,12,29
17.0,80.0,40.41769,-3.70341,3,66.0,1,79,0.8,8,3
17.0,80.0,40.41769,-3.70341,3,66.0,1,78,0.81,8,1
16.0,59.0,40.44671,-3.67283,4,144.0,30,0,0.0,13,14
17.0,77.0,40.42217,-3.70059,4,103.0,1,451,4.5,2,76
15.0,64.0,40.43419,-3.70382,3,80.0,1,36,0.4,3,364
14.0,52.0,40.45031,-3.70437,4,89.0,2,267,2.67,1,66
18.0,83.0,40.43215,-3.68384,3,59.0,5,99,1.02,1,102
10.0,36.0,40.48377,-3.68778,4,87.0,18,187,1.88,2,309
10.0,47.0,40.440059,-3.6431461,4,144.0,2,11,0.84,1,178
17.0,76.0,40.421300622267694,-3.709937820351511,4,112.0,3,153,1.53,24,28
10.0,47.0,40.43509,-3.6487,4,77.0,2,114,1.18,1,182
8.0,41.0,40.39847,-3.66756,3,31.0,2,66,0.75,1,169
17.0,77.0,40.42127,-3.70082,4,143.0,4,456,4.55,3,29
17.0,80.0,40.41630172729492,-3.705663919448853,4,72.0,1,414,4.13,92,310
17.0,66.0,40.42427,-3.7045,4,143.0,7,288,2.91,3,5
11.0,18.0,40.42554,-3.72832,3,41.0,2,36,2.92,1,101
17.0,76.0,40.40872,-3.71397,4,106.0,4,373,3.94,1,35
18.0,63.0,40.43335,-3.66498,3,86.0,2,178,1.79,1,105
6.0,45.0,40.39466,-3.71986,3,35.0,2,48,0.48,1,72
17.0,80.0,40.4165153503418,-3.705384969711304,4,72.0,1,527,5.33,92,300
3.0,29.0,40.41193,-3.73284,4,110.0,14,82,0.82,2,365
13.0,49.0,40.39199,-3.69531,4,105.0,2,151,1.57,1,72
17.0,80.0,40.41565,-3.70419,4,164.0,1,523,5.3,92,336
16.0,70.0,40.41668,-3.67659,3,26.0,1,135,1.37,1,4
3.0,11.0,40.40328,-3.7417,3,22.0,2,37,0.37,2,93
8.0,37.0,40.39113,-3.65648,3,25.0,1,302,3.02,2,53
17.0,61.0,40.40879,-3.70492,4,143.0,30,549,5.48,1,5
18.0,63.0,40.43744,-3.67199,4,108.0,5,41,0.41,1,67
11.0,70.0,40.42556,-3.71284,4,82.0,5,217,2.24,1,56
14.0,52.0,40.45289,-3.71003,4,67.0,3,197,1.98,1,15
17.0,79.0,40.41155,-3.69491,4,150.0,1,165,1.7,1,317
16.0,51.0,40.40558,-3.68246,4,120.0,30,378,3.79,1,73
17.0,61.0,40.41366,-3.70542,4,138.0,2,435,4.36,141,262
17.0,76.0,40.41218,-3.70915,3,49.0,3,147,1.5,1,10
14.0,52.0,40.45101507532187,-3.708701698124036,3,88.0,1,0,0.0,1,364
17.0,76.0,40.41264,-3.712366,3,114.0,2,201,2.01,4,300
13.0,55.0,40.40395,-3.70229,3,40.0,5,69,0.74,3,58
17.0,61.0,40.41263,-3.70407,4,87.0,2,398,4.08,2,57
10.0,41.0,40.43531,-3.64259,4,45.0,6,187,1.9,3,15
17.0,66.0,40.42172,-3.70328,4,119.0,1,267,2.71,1,127
16.0,59.0,40.4513,-3.67055,4,99.0,3,113,1.19,1,202
17.0,79.0,40.41333,-3.69903,4,143.0,3,404,4.07,1,3
17.0,76.0,40.41582,-3.70941,4,133.0,3,274,2.81,1,88
4.0,57.0,40.47096,-3.58838,3,50.0,1,0,0.0,2,81
3.0,11.0,40.40328,-3.7417,3,22.0,2,44,0.45,2,30
17.0,66.0,40.42085,-3.70347,3,46.0,3,103,1.06,4,106
17.0,61.0,40.41072,-3.69986,4,143.0,2,123,1.43,1,5
17.0,61.0,40.4103,-3.70202,3,82.0,2,388,3.91,51,352
17.0,61.0,40.4091,-3.70091,3,70.0,3,398,4.06,3,11
17.0,76.0,40.41503,-3.70911,4,58.0,2,453,4.57,1,85
17.0,61.0,40.4095,-3.70124,3,70.0,3,344,3.54,3,9
8.0,41.0,40.40547,-3.65897,4,60.0,3,365,3.72,1,26
17.0,61.0,40.40876,-3.69998,3,70.0,3,333,3.43,3,10
17.0,66.0,40.42337,-3.70196,4,133.0,1,162,1.65,1,337
18.0,68.0,40.42854,-3.6719,4,159.0,15,58,0.6,2,1
3.0,11.0,40.398633163820726,-3.740538167514679,3,49.0,1,39,1.13,1,334
17.0,76.0,40.41142,-3.71206,4,80.0,3,262,2.91,1,39
17.0,79.0,40.41497,-3.70195,4,120.0,1,386,3.92,14,117
3.0,12.0,40.39519,-3.75765,3,50.0,2,0,0.0,1,360
17.0,61.0,40.40997,-3.69671,4,148.0,2,362,3.66,7,20
17.0,80.0,40.41553,-3.70195,4,149.0,1,429,4.35,14,120
18.0,68.0,40.42901,-3.6781,4,84.0,2,172,1.77,1,53
11.0,70.0,40.42205999999999,-3.7182455,3,40.0,2,67,0.68,2,17
17.0,61.0,40.4108,-3.70162,4,88.0,2,439,4.52,12,92
17.0,66.0,40.42683,-3.71187,4,143.0,6,77,0.79,1,324
17.0,66.0,40.42153,-3.70633,4,118.0,2,116,1.18,2,87
17.0,61.0,40.41242,-3.70647,4,134.0,1,110,1.13,54,26
9.0,5.0,40.42377,-3.6133,3,40.0,1,24,0.33,1,179
12.0,27.0,40.45846,-3.65354,3,54.0,1,167,1.7,28,355
12.0,54.0,40.45678,-3.65217,3,47.0,1,82,0.83,28,317
13.0,60.0,40.40586,-3.69494,4,121.0,1,737,7.49,12,138
17.0,61.0,40.40842,-3.6957,4,124.0,1,817,8.31,12,133
13.0,60.0,40.40622,-3.69576,4,134.0,1,827,8.42,12,135
13.0,60.0,40.40624,-3.6961,4,124.0,1,791,8.09,12,137
11.0,70.0,40.42437,-3.71257,4,57.0,20,106,1.09,3,235
17.0,61.0,40.410206,-3.707094,4,126.0,2,34,0.47,1,216
16.0,70.0,40.42054,-3.67512,4,140.0,3,73,0.75,1,94
17.0,80.0,40.41999827146104,-3.70248834589503,4,86.0,21,10,0.89,3,330
14.0,65.0,40.45763,-3.69688,3,27.0,7,75,0.77,3,99
10.0,45.0,40.47288,-3.71647,4,106.0,1,83,0.85,3,84
3.0,18.0,40.37037,-3.77037,4,73.0,15,41,0.43,1,76
17.0,61.0,40.41223,-3.70246,4,74.0,2,669,6.85,1,22
13.0,59.0,40.41316,-3.72127,4,139.0,2,110,1.13,12,335
17.0,76.0,40.40999,-3.71473,4,130.0,2,152,1.56,12,318
13.0,55.0,40.40264,-3.70764,3,57.0,4,59,0.6,1,336
14.0,71.0,40.47134,-3.68963,4,149.0,1,112,1.15,3,83
12.0,54.0,40.49865,-3.65305,4,65.0,28,153,1.56,1,69
10.0,41.0,40.43146,-3.64209,3,30.0,1,515,5.25,1,8
17.0,76.0,40.41782,-3.70965,4,125.0,26,152,1.57,2,190
12.0,27.0,40.45856,-3.65377,3,60.0,1,204,2.08,28,329
18.0,83.0,40.42974,-3.68391,4,150.0,2,56,0.57,1,41
17.0,76.0,40.41868,-3.70892,4,92.0,5,172,1.76,1,101
6.0,39.0,40.39352,-3.72674,3,39.0,2,118,1.21,1,179
2.0,2.0,40.39722,-3.64226,3,19.0,2,114,1.17,1,137
10.0,61.0,40.44597,-3.64445,4,78.0,7,54,0.56,5,38
15.0,39.0,40.43351297057461,-3.714285944221763,3,85.0,1,15,0.52,1,73
17.0,76.0,40.40914,-3.71073,4,118.0,30,152,1.56,2,43
17.0,76.0,40.40996,-3.71075,4,77.0,3,213,2.18,23,136
17.0,80.0,40.41588,-3.70423,4,122.0,3,458,4.73,13,106
4.0,40.0,40.47518,-3.58224,3,64.0,1,740,7.58,2,335
17.0,80.0,40.41378,-3.70758,4,93.0,4,352,3.61,2,116
7.0,21.0,40.38142,-3.60587,3,57.0,2,54,0.56,1,138
13.0,60.0,40.40588,-3.69451,4,71.0,1,738,7.57,10,124
13.0,60.0,40.40715,-3.69434,4,60.0,1,854,8.76,10,162
13.0,60.0,40.40567,-3.69621,4,60.0,1,779,8.0,10,158
13.0,60.0,40.40569,-3.69505,4,60.0,1,665,6.82,10,153
17.0,66.0,40.42329,-3.70086,3,50.0,2,346,3.55,1,100
17.0,77.0,40.42198,-3.69883,4,134.0,2,134,1.4,12,259
17.0,66.0,40.42288,-3.70522,3,73.0,1,467,4.79,4,53
17.0,61.0,40.41151809692383,-3.700014114379883,3,90.0,3,90,0.93,2,327
17.0,80.0,40.41589,-3.70578,4,115.0,1,79,0.98,54,312
13.0,72.0,40.38507,-3.68686,4,150.0,1,562,5.78,12,63
17.0,61.0,40.41065,-3.70252,3,57.0,3,259,2.66,4,133
4.0,19.0,40.45778,-3.58909,3,60.0,1,108,1.44,1,77
15.0,70.0,40.44415,-3.70446,4,99.0,1,54,0.58,5,230
12.0,10.0,40.48053741455078,-3.656694889068604,3,44.0,2,110,1.13,1,214
17.0,79.0,40.4129,-3.69991,4,136.0,2,438,4.53,141,324
17.0,66.0,40.42686,-3.70459,4,163.0,2,520,5.45,2,107
17.0,66.0,40.42847,-3.70487,4,80.0,2,456,4.78,2,81
10.0,12.0,40.49142,-3.72181,3,35.0,29,11,0.11,4,310
17.0,61.0,40.40996,-3.69816,4,87.0,2,239,2.48,1,206
10.0,12.0,40.49123,-3.72358,3,29.0,15,16,0.17,4,272
17.0,79.0,40.4138298034668,-3.699902057647705,4,109.0,1,189,1.96,65,323
15.0,69.0,40.4308,-3.69496,3,164.0,1,26,0.27,3,55
10.0,45.0,40.4814,-3.71702,4,96.0,5,110,1.14,1,219
12.0,61.0,40.47237,-3.63555,4,157.0,1,138,1.43,22,114
17.0,76.0,40.41251,-3.70819,4,152.0,1,206,2.19,1,306
6.0,28.0,40.38728,-3.70598,3,38.0,1,168,1.74,5,247
17.0,79.0,40.41683,-3.70013,4,155.0,4,168,1.87,3,49
15.0,70.0,40.44438,-3.70894,3,48.0,1,6,0.06,1,62
10.0,61.0,40.43297,-3.65803,3,25.0,30,30,0.32,6,74
9.0,24.0,40.43889,-3.63051,4,126.0,4,42,0.46,3,242
18.0,68.0,40.43057,-3.67968,4,163.0,2,144,1.52,1,315
5.0,44.0,40.34244,-3.71243,4,103.0,2,143,1.49,2,54
17.0,76.0,40.41063,-3.71461,4,124.0,1,34,0.35,54,4
17.0,76.0,40.42259,-3.7107,3,58.0,2,167,1.74,1,50
17.0,80.0,40.41623,-3.70218,4,88.0,30,18,0.19,3,328
16.0,30.0,40.42019,-3.66663,3,89.0,3,146,1.52,1,272
5.0,10.0,40.33918,-3.68751,4,106.0,15,89,0.93,2,170
16.0,73.0,40.40789,-3.68814,4,136.0,1,729,7.61,5,242
14.0,52.0,40.45065,-3.70715,4,86.0,7,212,2.23,1,44
17.0,61.0,40.413376,-3.702265,4,101.0,3,556,5.8,3,97
4.0,40.0,40.47518,-3.58224,3,67.0,1,843,8.8,2,350
10.0,41.0,40.43378,-3.63842,4,105.0,7,54,0.59,1,3
8.0,48.0,40.3886,-3.67038,3,18.0,25,58,0.6,5,306
10.0,45.0,40.42534,-3.65413,4,73.0,2,328,3.6,4,232
17.0,61.0,40.40719,-3.69953,3,45.0,2,478,5.0,1,37
17.0,66.0,40.4206,-3.70186,4,81.0,3,316,3.33,1,194
17.0,61.0,40.40826,-3.69291,4,157.0,1,581,6.08,5,248
17.0,66.0,40.42746,-3.70303,4,73.0,4,248,2.6,3,109
13.0,60.0,40.40224,-3.69211,4,97.0,1,141,1.47,181,291
17.0,61.0,40.41024,-3.70619,4,80.0,1,277,2.92,1,256
17.0,76.0,40.42032241821289,-3.717055559158325,4,90.0,15,33,0.35,2,91
17.0,61.0,40.409248,-3.709651,4,146.0,2,185,2.0,3,108
8.0,10.0,40.3843,-3.67346,4,92.0,10,76,0.8,1,269
17.0,61.0,40.41207,-3.7027,3,54.0,3,266,2.8,4,144
17.0,66.0,40.42372,-3.70616,4,157.0,1,170,1.79,1,321
17.0,61.0,40.411549,-3.697992,3,46.0,1,582,6.1,1,43
17.0,66.0,40.42037,-3.70465,4,91.0,3,173,1.82,1,80
11.0,70.0,40.42963,-3.72018,4,144.0,14,147,1.54,14,224
17.0,61.0,40.41151,-3.69967,4,125.0,2,368,3.86,3,234
15.0,69.0,40.43107,-3.69489,3,140.0,1,47,0.49,3,49
17.0,76.0,40.42087,-3.71021,4,108.0,3,148,1.67,24,38
17.0,76.0,40.41973,-3.70988,3,41.0,3,242,2.55,2,128
17.0,76.0,40.41521,-3.71076,4,122.0,1,455,4.78,5,290
17.0,76.0,40.41261,-3.70915,4,101.0,2,484,5.15,8,66
17.0,61.0,40.41277,-3.70732,4,115.0,2,506,5.43,8,49
17.0,76.0,40.41544,-3.71103,4,115.0,1,383,4.02,5,306
16.0,64.0,40.45477,-3.68145,4,70.0,3,19,1.6,1,45
17.0,80.0,40.41645,-3.7027,4,123.0,3,291,3.16,13,191
17.0,76.0,40.41543,-3.71297,4,133.0,1,330,3.49,5,285
17.0,76.0,40.41204,-3.70806,4,121.0,2,561,5.95,3,11
6.0,45.0,40.39536,-3.71906,3,27.0,28,405,4.27,1,300
14.0,63.0,40.45271,-3.70232,4,109.0,3,160,1.68,1,45
17.0,80.0,40.41861724853516,-3.702181100845337,4,150.0,2,334,3.54,5,137
15.0,39.0,40.43671,-3.71519,3,44.0,15,69,0.73,2,11
17.0,76.0,40.41486,-3.7118,4,127.0,1,411,4.35,5,269
17.0,76.0,40.40865,-3.71533,4,143.0,5,36,0.43,1,7
17.0,61.0,40.40703,-3.70498,4,122.0,3,164,1.73,1,197
17.0,79.0,40.41376,-3.70129,4,157.0,3,410,4.34,3,96
17.0,61.0,40.41058,-3.70217,4,111.0,3,223,2.38,20,330
13.0,46.0,40.3986,-3.69682,3,29.0,3,123,1.31,3,282
17.0,76.0,40.41153335571289,-3.715321063995361,4,109.0,2,282,2.98,2,78
13.0,60.0,40.406715,-3.693803,4,133.0,3,328,3.47,1,178
17.0,77.0,40.42222,-3.69896,4,118.0,6,263,2.78,14,237
17.0,61.0,40.41188012688255,-3.699829001795964,4,120.0,21,162,1.71,2,365
17.0,76.0,40.41486,-3.7118,4,119.0,1,427,4.55,5,309
18.0,63.0,40.43341,-3.66948,4,134.0,6,23,0.24,2,56
17.0,77.0,40.42501,-3.69889,4,108.0,3,349,3.68,93,56
18.0,63.0,40.43697,-3.66179,4,127.0,2,162,1.72,1,229
13.0,60.0,40.40219,-3.69703,4,96.0,29,76,0.8,1,56
17.0,61.0,40.41071850362103,-3.708100280804974,4,147.0,3,569,6.02,3,93
17.0,80.0,40.41891,-3.70227,4,114.0,4,179,1.89,3,46
16.0,70.0,40.41751480102539,-3.676500082015991,4,64.0,30,202,2.16,2,74
16.0,70.0,40.41714096069336,-3.6732990741729736,4,72.0,30,165,1.76,2,251
17.0,61.0,40.41163,-3.70012,4,143.0,5,206,2.18,1,90
17.0,80.0,40.41984,-3.7018,4,95.0,30,16,0.18,3,245
17.0,79.0,40.41123,-3.69515,4,143.0,2,429,4.54,1,241
16.0,70.0,40.42151,-3.67716,4,160.0,4,278,3.0,2,34
17.0,66.0,40.42729,-3.70589,4,74.0,28,53,0.57,1,99
6.0,28.0,40.38738,-3.701,3,30.0,1,384,4.09,3,76
17.0,80.0,40.41405668932168,-3.707616963686561,4,143.0,3,305,3.25,2,2
17.0,61.0,40.40873,-3.70691,4,143.0,20,123,1.31,1,9
17.0,80.0,40.41699,-3.7055,4,99.0,3,162,1.73,12,2
17.0,76.0,40.41183,-3.71045,4,157.0,2,436,4.64,6,87
17.0,76.0,40.42093,-3.70752,4,152.0,1,107,1.19,2,258
17.0,76.0,40.41205,-3.70954,4,108.0,1,289,3.09,20,322
15.0,64.0,40.4341,-3.7027,3,21.0,25,67,0.72,6,300
17.0,80.0,40.41855,-3.70725,4,90.0,30,354,3.87,1,267
17.0,79.0,40.41393,-3.70217,4,108.0,3,469,4.99,13,199
15.0,64.0,40.43307,-3.70349,3,21.0,25,128,1.37,6,328
3.0,26.0,40.40732,-3.74652,4,119.0,2,157,1.67,10,19
17.0,76.0,40.413,-3.71301,4,85.0,28,346,3.68,93,335
17.0,61.0,40.41028,-3.70433,4,106.0,3,298,3.18,1,175
17.0,61.0,40.40966,-3.70025,4,75.0,2,542,5.82,1,18
3.0,26.0,40.40732,-3.74661,4,118.0,2,157,1.67,10,17
10.0,35.0,40.43653,-3.65547,3,34.0,2,82,0.88,1,69
15.0,64.0,40.43722,-3.7005,4,84.0,3,178,1.93,1,232
16.0,51.0,40.40497,-3.67418,4,139.0,1,133,1.42,1,300
17.0,80.0,40.41729,-3.70858,3,51.0,2,208,2.23,1,50
8.0,41.0,40.39204,-3.65601,3,25.0,1,236,2.52,2,52
13.0,59.0,40.410998644684575,-3.719520829617977,4,87.0,30,256,2.73,1,45
17.0,66.0,40.42242,-3.7011,4,145.0,2,396,4.26,4,181
16.0,73.0,40.41766,-3.69109,3,119.0,1,20,0.22,28,277
18.0,63.0,40.4411,-3.66388,3,56.5,30,94,1.02,2,1
6.0,28.0,40.38908,-3.70309,3,28.0,1,331,3.55,3,78
18.0,73.0,40.42671,-3.67754,4,159.0,30,43,0.57,2,66
17.0,77.0,40.42598,-3.69738,4,126.0,2,121,1.3,18,342
18.0,82.0,40.42266,-3.68182,4,92.0,30,70,0.8,1,295
15.0,64.0,40.43258,-3.70213,3,118.0,15,10,0.12,23,277
17.0,66.0,40.426,-3.70809,4,161.0,1,251,2.7,1,14
18.0,63.0,40.43386,-3.66744,4,105.0,2,102,2.19,2,296
15.0,64.0,40.43258,-3.70213,3,99.0,15,18,0.2,23,268
15.0,64.0,40.43258,-3.70213,3,103.0,15,7,0.1,23,249
12.0,61.0,40.47308,-3.63544,4,98.0,1,37,0.42,54,316
3.0,29.0,40.40913,-3.73282,4,117.0,2,193,2.07,10,25
12.0,54.0,40.45584,-3.6477,3,65.0,1,60,0.83,2,172
3.0,29.0,40.41263,-3.72378,3,47.0,7,34,0.39,2,61
9.0,32.0,40.44694,-3.60852,3,40.0,1,331,3.55,1,5
8.0,37.0,40.38392639160156,-3.663383007049561,3,59.0,1,23,0.32,1,89
17.0,80.0,40.41621,-3.70855,4,78.0,3,178,1.92,23,61
17.0,66.0,40.42499,-3.70471,3,43.0,2,248,5.75,3,41
13.0,55.0,40.40536,-3.70639,4,111.0,3,121,1.31,5,17
17.0,79.0,40.41613,-3.69753,4,131.0,7,156,1.69,3,63
17.0,76.0,40.41125,-3.71046,4,144.0,2,456,4.93,1,93
17.0,61.0,40.405418,-3.701753,4,100.0,2,174,1.88,16,329
17.0,61.0,40.405708,-3.701652,4,95.0,2,121,1.31,16,317
17.0,76.0,40.41128,-3.71082,4,161.0,2,394,4.26,6,69
17.0,77.0,40.41985,-3.69938,3,55.0,1,52,0.6,10,1
17.0,77.0,40.42079,-3.69819,3,58.0,1,93,1.07,10,1
17.0,79.0,40.41908,-3.69862,3,55.0,1,102,1.13,10,1
17.0,61.0,40.40676,-3.70082,4,71.0,3,277,2.99,5,41
17.0,80.0,40.41795,-3.7081,4,93.0,3,471,5.1,8,297
10.0,12.0,40.49445,-3.72102,4,117.0,4,126,1.37,1,205
17.0,61.0,40.41095,-3.70214,4,143.0,6,225,2.43,1,213
17.0,66.0,40.42492,-3.71064,4,99.0,4,109,1.18,2,14
17.0,76.0,40.41977,-3.71062,4,105.0,26,63,0.68,2,186
11.0,18.0,40.42313,-3.72759,3,39.0,4,96,1.04,1,8
17.0,61.0,40.40994,-3.70244,3,55.0,3,222,2.4,4,345
10.0,75.0,40.45033,-3.66018,3,70.0,3,11,0.14,1,70
17.0,76.0,40.41276,-3.71137,4,132.0,2,399,4.36,6,115
14.0,65.0,40.45954,-3.69839,3,50.0,1,0,0.0,23,358
14.0,65.0,40.45972,-3.69881,3,100.0,1,24,0.29,23,342
14.0,65.0,40.45751,-3.69688,3,96.0,1,0,0.0,23,358
14.0,65.0,40.45944,-3.69714,3,96.0,1,0,0.0,23,358
14.0,65.0,40.45761,-3.69742,3,96.0,1,16,0.18,23,350
14.0,65.0,40.4576,-3.69823,3,50.0,1,0,0.0,23,358
14.0,65.0,40.45812,-3.69893,3,50.0,1,0,0.0,23,358
14.0,65.0,40.45783,-3.69901,3,50.0,1,0,0.0,23,358
14.0,65.0,40.45896,-3.697,3,127.0,1,0,0.0,23,358
12.0,27.0,40.46231,-3.65036,3,36.0,2,165,1.79,1,114
17.0,76.0,40.41133,-3.71377,4,92.0,30,273,2.99,2,134
17.0,66.0,40.42552,-3.70273,4,90.0,6,263,2.85,2,14
18.0,63.0,40.43198,-3.66874,4,137.0,3,215,2.34,1,217
18.0,60.0,40.42837,-3.66252,3,84.0,1,0,0.0,1,364
11.0,70.0,40.42687,-3.71615,4,102.0,5,164,1.84,12,237
16.0,70.0,40.41977,-3.67694,4,150.0,1,588,6.38,2,148
17.0,77.0,40.42094,-3.6967,4,154.0,3,237,2.58,10,169
8.0,41.0,40.40022,-3.6657,4,119.0,2,215,2.34,10,21
13.0,60.0,40.4024,-3.6984,4,108.0,2,149,1.62,1,19
15.0,66.0,40.43009,-3.70572,4,140.0,7,3,0.08,1,167
14.0,52.0,40.45655,-3.70572,3,45.0,2,35,0.88,1,52
17.0,77.0,40.42394,-3.69884,4,122.0,2,120,1.3,18,345
17.0,76.0,40.40912,-3.71025,4,147.0,2,294,3.2,3,300
17.0,76.0,40.41343,-3.7082,4,135.0,2,380,4.13,141,278
17.0,79.0,40.41189,-3.69525,4,102.0,3,256,2.78,1,166
17.0,61.0,40.40522,-3.70374,4,64.0,1,559,6.1,2,82
17.0,79.0,40.41297,-3.699,4,130.0,6,268,2.93,1,117
15.0,69.0,40.43311,-3.69732,3,59.0,2,148,1.94,1,287
6.0,42.0,40.39209,-3.7093,4,117.0,10,161,1.75,2,243
15.0,67.0,40.44066,-3.69952,4,128.0,30,38,0.42,1,116
17.0,77.0,40.42281,-3.69835,4,92.0,1,561,6.14,1,98
12.0,61.0,40.46899,-3.65619,3,34.0,1,83,0.91,1,330
17.0,76.0,40.42004,-3.71145,4,135.0,6,32,0.35,3,194
17.0,61.0,40.40642,-3.70676,4,64.0,7,84,0.92,1,76
17.0,61.0,40.41098,-3.7016,4,69.0,3,135,1.48,1,97
17.0,80.0,40.4169,-3.70566,3,65.0,2,297,3.24,7,285
17.0,61.0,40.41128,-3.7018,4,70.0,2,330,3.6,1,7
17.0,61.0,40.40778,-3.70452,4,100.0,2,284,3.15,1,138
6.0,32.0,40.38554,-3.70331,4,47.0,7,53,0.59,21,234
17.0,80.0,40.41755,-3.70435,3,70.0,1,0,0.0,1,270
3.0,29.0,40.40772,-3.73302,3,41.0,3,117,1.29,2,147
17.0,80.0,40.41787,-3.70138,4,56.0,30,61,0.67,3,57
16.0,66.0,40.44396065151728,-3.673436922449344,4,111.0,1,13,0.14,8,73
18.0,68.0,40.42889,-3.67849,4,146.0,1,115,1.26,5,314
17.0,80.0,40.41607,-3.70312,4,58.0,15,41,0.45,3,63
17.0,61.0,40.41152,-3.70622,4,156.0,10,171,1.89,14,228
17.0,61.0,40.41347,-3.70594,4,135.0,1,28,0.33,1,330
13.0,60.0,40.40301,-3.69502,4,110.0,1,824,9.07,12,121
13.0,60.0,40.40405,-3.69344,4,114.0,1,813,8.91,12,125
13.0,60.0,40.4034,-3.69532,4,115.0,1,779,8.53,12,130
17.0,77.0,40.42165,-3.69905,4,130.0,3,373,4.08,93,54
13.0,60.0,40.40523,-3.69154,3,67.0,3,131,1.44,5,40
17.0,61.0,40.40783,-3.70903,4,76.0,3,104,1.15,23,41
6.0,45.0,40.39365,-3.72224,4,102.0,2,340,3.77,1,34
17.0,61.0,40.41284,-3.70206,4,110.0,1,285,3.13,1,317
17.0,66.0,40.42596,-3.70733,4,115.0,1,184,2.03,181,264
13.0,59.0,40.41378,-3.71878,4,82.0,2,53,0.58,14,50
17.0,76.0,40.41042,-3.71323,4,157.0,1,123,1.36,3,7
17.0,66.0,40.42223,-3.70589,4,120.0,2,366,4.03,7,304
17.0,66.0,40.42327,-3.70129,3,52.0,2,52,3.48,2,346
17.0,76.0,40.40963,-3.70993,4,128.0,2,337,3.7,141,303
16.0,51.0,40.40715,-3.67744,4,101.0,1,89,0.99,2,287
17.0,61.0,40.40711,-3.70777,4,105.0,10,167,1.84,2,44
14.0,50.0,40.45596,-3.70341,4,75.0,11,40,0.48,1,332
17.0,76.0,40.41278,-3.71063,4,143.0,10,234,2.58,6,81
17.0,80.0,40.4171208917917,-3.70279507937284,4,100.0,4,179,1.97,2,191
17.0,61.0,40.41215,-3.70433,3,65.0,3,22,0.24,1,70
17.0,66.0,40.42335,-3.70226,4,142.0,1,119,1.49,1,315
17.0,61.0,40.4113,-3.70571,4,133.0,3,395,4.53,2,17
17.0,76.0,40.41271,-3.71087,4,138.0,3,211,2.34,2,8
17.0,76.0,40.41298,-3.71126,4,50.0,3,193,2.13,1,28
16.0,64.0,40.45168,-3.67692,4,146.0,2,255,2.81,2,224
17.0,61.0,40.4127,-3.70245,3,68.0,2,158,1.75,1,72
17.0,66.0,40.424136908199706,-3.7027951285803455,4,143.0,3,13,0.69,1,1
17.0,61.0,40.40957,-3.70401,4,117.0,3,157,1.81,1,234
17.0,61.0,40.40963,-3.70958,4,105.0,7,172,1.91,2,57
17.0,66.0,40.42513,-3.70908,3,82.0,2,33,0.37,1,140
16.0,70.0,40.41759,-3.67177,4,156.0,1,140,1.54,1,215
15.0,66.0,40.43541,-3.71023,3,31.0,2,107,1.18,1,156
13.0,59.0,40.41378,-3.71879,4,74.0,2,286,3.15,14,11
17.0,66.0,40.42298,-3.70474,3,90.0,2,139,1.53,1,344
17.0,79.0,40.41447,-3.69523,4,156.0,1,53,0.59,2,249
17.0,66.0,40.42392,-3.70142,4,163.0,1,70,0.77,8,83
16.0,84.0,40.4642,-3.67007,4,126.0,3,5,0.06,1,80
17.0,66.0,40.42433,-3.7013,4,83.0,5,170,1.88,1,283
10.0,36.0,40.4859,-3.68646,4,93.0,19,127,1.44,2,307
17.0,61.0,40.40774,-3.70405,4,143.0,6,13,0.14,8,267
17.0,66.0,40.42712,-3.71248,4,81.0,2,218,2.43,14,10
15.0,67.0,40.44355,-3.7028,3,58.0,7,6,0.14,3,343
17.0,61.0,40.41066,-3.699,4,96.0,1,190,2.15,292,266
13.0,46.0,40.39435,-3.69427,4,88.0,30,11,0.12,1,46
17.0,80.0,40.41607,-3.70578,4,154.0,1,102,1.15,1,261
10.0,36.0,40.48392,-3.68777,3,32.0,2,119,1.32,1,308
17.0,77.0,40.42408,-3.69941,4,94.0,2,76,0.84,18,317
18.0,73.0,40.42815,-3.67705,4,155.0,3,222,2.47,1,241
16.0,64.0,40.45767,-3.67484,4,75.0,2,136,1.52,1,266
13.0,60.0,40.40546,-3.69187,3,67.0,1,124,1.38,5,2
6.0,39.0,40.39307,-3.72637,4,111.0,25,218,2.41,1,210
17.0,79.0,40.41162,-3.69492,4,85.0,30,447,4.95,33,138
10.0,81.0,40.46129,-3.66149,4,159.0,7,35,0.39,25,323
17.0,66.0,40.42588,-3.70485,4,75.0,30,34,0.38,12,122
17.0,80.0,40.41617,-3.70819,4,88.0,30,247,2.74,93,276
17.0,61.0,40.41119,-3.70643,4,153.0,10,18,0.2,1,102
6.0,42.0,40.39796,-3.7143,4,100.0,3,0,0.0,20,345
18.0,63.0,40.43789,-3.66517,4,120.0,1,37,0.41,54,255
17.0,76.0,40.42037,-3.70854,4,116.0,3,261,2.9,1,236
12.0,27.0,40.46316,-3.63731,3,47.0,1,13,0.14,28,356
12.0,27.0,40.46327,-3.6366,3,52.0,1,363,4.1,28,353
12.0,27.0,40.46331,-3.63855,3,50.0,1,37,0.42,28,337
17.0,61.0,40.41099,-3.70077,4,104.0,5,28,0.31,1,260
15.0,64.0,40.42956,-3.69759,3,81.0,2,58,0.64,2,156
9.0,45.0,40.4436,-3.58343,4,59.0,2,73,0.81,4,54
13.0,46.0,40.40079,-3.69655,3,64.0,4,121,1.35,1,247
16.0,59.0,40.44586,-3.67326,4,128.0,1,72,0.81,8,51
17.0,61.0,40.40784,-3.69943,4,96.0,2,10,0.41,2,277
17.0,66.0,40.42353,-3.70337,4,142.0,1,177,1.97,1,284
3.0,29.0,40.41212844848633,-3.729150056838989,4,72.0,15,143,1.6,6,123
17.0,79.0,40.41625,-3.69927,4,118.0,1,321,3.57,26,123
13.0,55.0,40.40501,-3.7062,4,140.0,3,70,0.8,5,1
18.0,73.0,40.42796,-3.67686,4,80.0,20,7,0.08,1,193
17.0,80.0,40.41709,-3.70217,4,143.0,25,45,0.51,3,29
15.0,66.0,40.43177,-3.71115,4,84.0,1,51,0.57,1,7
16.0,70.0,40.41723,-3.67375,4,127.0,3,252,2.81,3,14
10.0,53.0,40.47504,-3.7074,3,62.0,1,217,2.42,1,291
6.0,58.0,40.38459,-3.71418,3,24.0,28,23,0.27,2,38
6.0,17.0,40.37751,-3.74555,3,55.0,2,35,0.39,11,55
17.0,66.0,40.42458,-3.70445,4,116.0,7,38,0.42,5,124
6.0,17.0,40.37692,-3.74674,3,39.0,2,31,0.35,11,17
16.0,64.0,40.45718,-3.67896,4,111.0,4,52,0.62,2,94
17.0,80.0,40.41596,-3.70788,4,96.0,10,201,2.26,1,233
6.0,28.0,40.38985,-3.70166,3,46.0,1,136,2.15,1,55
10.0,53.0,40.473,-3.71368,3,23.0,30,94,1.05,1,144
18.0,83.0,40.43535,-3.68257,4,159.0,3,21,0.24,3,1
17.0,61.0,40.40828,-3.70985,4,103.0,3,87,2.76,1,4
3.0,29.0,40.40815,-3.73593,3,33.0,2,68,0.76,1,210
17.0,76.0,40.41324,-3.70829,4,160.0,3,287,3.22,1,234
6.0,39.0,40.39443,-3.72306,3,30.0,3,50,0.56,1,40
17.0,77.0,40.42250723705882,-3.697277360843947,3,45.0,1,374,4.18,1,325
13.0,49.0,40.3938,-3.69639,4,90.0,3,408,4.6,3,52
17.0,80.0,40.41904,-3.70137,4,85.0,3,290,3.29,2,53
17.0,61.0,40.410427,-3.707462,4,160.0,3,533,5.96,3,82
15.0,39.0,40.43379,-3.71484,3,56.0,2,0,0.0,13,355
15.0,39.0,40.43539,-3.71673,3,54.0,7,0,0.0,13,330
15.0,39.0,40.43554,-3.71705,3,62.0,2,4,0.05,13,353
17.0,76.0,40.40939712524414,-3.712137937545776,4,90.0,3,470,5.26,3,18
17.0,61.0,40.41297,-3.70059,4,151.0,2,419,4.7,1,213
14.0,63.0,40.44922,-3.70323,4,101.0,2,270,3.02,1,287
17.0,61.0,40.41054,-3.6955,4,161.0,1,311,3.49,7,2
13.0,49.0,40.39849,-3.6992,4,110.0,2,70,0.79,4,275
6.0,17.0,40.37819,-3.74443,3,46.0,1,50,0.65,11,11
17.0,77.0,40.42186,-3.69792,4,143.0,28,173,1.95,1,4
14.0,52.0,40.448203,-3.704149,4,101.0,2,112,1.29,23,322
17.0,80.0,40.4169,-3.70566,3,88.0,2,231,2.59,7,258
13.0,72.0,40.38497,-3.68699,4,95.0,1,564,6.34,8,137
13.0,72.0,40.38545,-3.68701,4,97.0,1,695,7.81,8,135
17.0,76.0,40.4181,-3.7097,4,94.0,2,225,2.55,1,313
17.0,66.0,40.42592,-3.7081,4,77.0,2,556,6.25,2,61
17.0,77.0,40.41973,-3.69781,4,123.0,2,174,1.96,5,141
8.0,41.0,40.39308,-3.65534,3,20.0,28,28,0.31,1,159
17.0,66.0,40.420864,-3.701991,4,131.0,2,379,4.29,3,72
16.0,66.0,40.44444,-3.67329,4,110.0,1,63,1.28,8,72
17.0,76.0,40.40978,-3.7136,4,120.0,3,75,0.87,4,41
16.0,84.0,40.459248,-3.680389,4,160.0,3,76,0.86,3,282
17.0,61.0,40.41153310228904,-3.7076656180494743,4,160.0,1,407,4.61,3,65
9.0,45.0,40.44738,-3.57728,4,68.0,1,72,0.81,8,71
7.0,33.0,40.38102,-3.62677,4,84.0,2,158,1.79,1,7
17.0,66.0,40.42215,-3.70757,4,117.0,1,514,5.85,92,322
17.0,76.0,40.41372,-3.7083,3,68.0,4,0,0.0,1,362
16.0,73.0,40.4078,-3.68386,4,101.0,3,197,2.24,1,103
17.0,77.0,40.42416,-3.69644,4,158.0,2,337,3.81,7,299
9.0,31.0,40.44701,-3.64362,4,78.0,7,34,0.42,5,47
13.0,60.0,40.40382,-3.69347,3,40.0,30,15,0.17,3,89
16.0,51.0,40.40208,-3.67698,4,105.0,2,344,3.9,2,61
17.0,66.0,40.42298,-3.70154,4,139.0,2,349,3.95,141,334
13.0,55.0,40.40025951263623,-3.7005828418122446,4,63.0,30,6,1.06,1,195
17.0,61.0,40.40818,-3.69806,4,142.0,1,258,2.92,2,327
17.0,80.0,40.41617084170221,-3.7039219872020896,4,151.0,5,5,3.95,17,350
6.0,45.0,40.39178,-3.71546,4,102.0,3,12,0.15,20,329
14.0,52.0,40.45442,-3.70456,4,99.0,13,2,0.02,20,363
16.0,51.0,40.40534,-3.68086,4,28.0,1,440,5.03,2,168
17.0,61.0,40.40984,-3.70679,4,100.0,4,180,2.05,2,126
17.0,61.0,40.40881,-3.70094,4,86.0,2,336,3.81,1,30
17.0,77.0,40.4237,-3.69786,4,144.0,2,94,1.07,18,323
8.0,48.0,40.3975,-3.66813,4,81.0,2,164,1.89,5,134
11.0,70.0,40.42387,-3.71368,4,141.0,3,75,0.86,75,101
3.0,12.0,40.38664,-3.75557,3,47.0,1,130,1.48,2,40
13.0,46.0,40.39848,-3.69712,3,49.0,1,329,3.74,1,331
17.0,76.0,40.41291,-3.70936,4,120.0,14,65,0.76,1,305
6.0,25.0,40.38618,-3.74142,3,41.0,1,205,2.33,2,113
11.0,70.0,40.42577,-3.71495,4,141.0,3,14,0.16,75,78
17.0,61.0,40.408896093665135,-3.7014745363432473,4,122.0,2,454,5.31,1,135
17.0,76.0,40.41503,-3.70919,4,139.0,1,287,3.3,3,58
16.0,59.0,40.4459,-3.67309,4,131.0,1,16,0.31,8,68
17.0,76.0,40.4177,-3.71037,4,143.0,10,78,0.97,13,17
18.0,63.0,40.434929,-3.671501,3,68.0,1,86,1.14,1,225
17.0,66.0,40.4222641,-3.7026539,4,136.0,2,52,0.67,11,291
17.0,79.0,40.41236,-3.69734,4,161.0,3,203,2.32,1,240
17.0,77.0,40.42226,-3.70085,4,92.0,1,411,4.68,2,70
13.0,60.0,40.4037,-3.69774,4,137.0,7,31,0.37,25,256
4.0,57.0,40.48672,-3.61275,4,157.0,1,44,0.5,3,82
17.0,61.0,40.41037,-3.70907,4,71.0,9,49,0.56,2,253
17.0,77.0,40.42236,-3.69719,3,76.0,1,60,0.69,1,85
17.0,77.0,40.42582,-3.69399,4,137.0,1,69,0.79,1,331
13.0,59.0,40.41317,-3.71848,4,157.0,2,399,4.58,292,236
14.0,71.0,40.472462,-3.69385,4,143.0,2,47,0.97,1,246
12.0,54.0,40.5069,-3.65573,4,121.0,9,150,1.71,11,102
17.0,76.0,40.42274,-3.71026,4,122.0,5,141,1.61,24,44
17.0,66.0,40.42617,-3.70991,3,43.0,5,34,0.41,2,329
18.0,83.0,40.43594,-3.68331,3,54.0,1,75,0.86,1,330
17.0,79.0,40.41411,-3.69597,4,146.0,10,68,0.81,1,115
3.0,11.0,40.40298,-3.74181,4,81.0,1,96,1.1,181,307
15.0,70.0,40.44564,-3.7091,3,49.0,2,48,0.55,3,12
18.0,68.0,40.4339,-3.67484,3,65.0,2,285,3.26,3,198
17.0,61.0,40.40965,-3.7022,3,81.0,2,138,1.58,1,320
9.0,45.0,40.44391,-3.58362,4,90.0,2,54,0.62,1,97
17.0,77.0,40.4239,-3.69973,4,126.0,2,94,1.08,18,341
14.0,71.0,40.46567,-3.69556,4,89.0,3,206,2.36,1,243
17.0,61.0,40.40744,-3.70829,4,108.0,2,380,4.45,3,33
16.0,51.0,40.40214815706889,-3.6749941214355104,3,37.0,2,592,6.82,1,226
17.0,61.0,40.40755,-3.7083,3,60.0,1,9,0.19,1,14
18.0,68.0,40.42919,-3.67572,4,129.0,2,70,1.81,1,27
12.0,61.0,40.47786,-3.64567,4,143.0,1,30,0.35,5,350
18.0,63.0,40.43237,-3.67104,4,151.0,1,63,0.74,29,289
17.0,61.0,40.41299,-3.70358,4,150.0,2,124,1.45,1,277
18.0,63.0,40.4353,-3.66353,4,91.0,5,85,0.99,1,72
17.0,77.0,40.41917,-3.69721,4,85.0,1,479,5.5,1,80
17.0,61.0,40.40796,-3.6986,4,109.0,28,129,1.48,14,73
13.0,60.0,40.40665,-3.69271,4,110.0,2,325,3.74,141,275
13.0,60.0,40.4035,-3.69183,3,67.0,1,146,1.7,5,1
10.0,53.0,40.47345,-3.70832,4,123.0,2,154,1.91,1,98
14.0,50.0,40.459985,-3.69927,4,97.0,3,103,1.22,2,335
17.0,66.0,40.42392,-3.70351,4,111.0,1,361,4.14,1,303
17.0,61.0,40.41291,-3.70606,4,153.0,1,54,0.68,54,1
17.0,77.0,40.41926,-3.6967,4,113.0,1,585,6.72,2,71
17.0,61.0,40.41271,-3.70284,2,87.0,1,66,0.8,8,309
17.0,61.0,40.41227,-3.70218,4,89.0,1,33,0.39,8,291
17.0,61.0,40.41283,-3.70252,4,96.0,1,63,0.78,8,299
17.0,61.0,40.41295,-3.70085,4,102.0,1,99,1.18,8,291
17.0,61.0,40.41258,-3.70227,4,105.0,1,110,1.36,8,317
17.0,61.0,40.41262,-3.70075,4,98.0,1,26,0.3,8,314
17.0,61.0,40.41277,-3.70088,2,152.0,1,39,0.51,8,314
17.0,61.0,40.41286,-3.70513,4,143.0,3,70,0.86,5,26
17.0,61.0,40.41211,-3.70245,3,90.0,2,80,0.93,1,24
17.0,66.0,40.42598,-3.70473,4,83.0,30,31,0.36,12,90
17.0,80.0,40.41523,-3.70814,4,113.0,4,353,4.08,5,223
17.0,80.0,40.41556,-3.70756,4,103.0,4,343,4.0,5,228
13.0,60.0,40.40513,-3.69343,4,99.0,2,130,1.51,2,335
17.0,80.0,40.4152,-3.70315,4,150.0,3,340,3.92,7,65
17.0,80.0,40.4152,-3.70315,4,164.0,3,373,4.32,7,74
18.0,63.0,40.43217,-3.66837,4,112.0,3,168,1.94,1,224
17.0,66.0,40.42063,-3.70163,4,65.0,1,535,6.37,3,187
13.0,49.0,40.39467,-3.6982,3,74.0,2,257,2.98,4,36
17.0,80.0,40.41639,-3.70233,4,144.0,3,82,1.05,2,42
17.0,61.0,40.40904,-3.7003,4,101.0,28,313,3.64,93,336
17.0,79.0,40.41499,-3.70161,4,134.0,1,89,1.05,54,54
3.0,26.0,40.408287,-3.741876,4,97.0,6,187,2.2,2,182
13.0,60.0,40.4062,-3.69541,4,93.0,1,478,5.52,9,343
13.0,60.0,40.40632,-3.69568,4,94.0,1,404,4.67,9,347
13.0,60.0,40.40602,-3.69588,4,94.0,1,479,5.61,9,348
13.0,49.0,40.3936,-3.69743,3,70.0,2,55,0.75,4,16
16.0,65.0,40.46801127557434,-3.677515760064125,4,104.0,2,54,2.28,3,65
8.0,37.0,40.3786,-3.65534,3,39.0,2,158,1.83,1,228
17.0,80.0,40.41941,-3.70378,4,159.0,2,320,3.73,141,293
13.0,55.0,40.40424,-3.70282,4,70.0,3,113,1.32,23,318
15.0,70.0,40.44,-3.71202,4,132.0,7,0,0.0,36,77
17.0,79.0,40.41345789435429,-3.696899185535924,4,116.0,4,348,4.06,3,88
17.0,61.0,40.41312,-3.70084,4,135.0,1,18,0.39,1,256
17.0,80.0,40.4148,-3.70351,4,111.0,3,71,0.87,5,267
15.0,39.0,40.4354,-3.71635,4,147.0,2,255,2.98,12,218
16.0,70.0,40.41863,-3.67554,4,75.0,30,31,0.37,3,346
16.0,59.0,40.44885,-3.68883,4,116.0,2,252,2.99,141,244
17.0,61.0,40.41083,-3.69991,4,93.0,4,244,2.85,2,172
17.0,61.0,40.41148,-3.69984,4,91.0,4,205,2.4,2,170
17.0,76.0,40.4205,-3.71475,3,60.0,1,14,0.75,5,258
17.0,76.0,40.41281,-3.70879,4,95.0,1,22,0.3,54,309
17.0,76.0,40.41281,-3.70879,4,95.0,1,74,0.89,54,323
17.0,66.0,40.42295,-3.70292,3,51.0,1,19,3.35,1,328
17.0,61.0,40.4117,-3.70653,4,162.0,2,172,2.01,12,260
11.0,70.0,40.43003,-3.71688,3,80.0,2,76,1.74,1,72
17.0,76.0,40.42074,-3.70851,4,125.0,3,117,1.49,1,35
15.0,66.0,40.4379,-3.70871,3,50.0,1,7,0.08,4,257
14.0,71.0,40.4665,-3.6945,3,44.0,1,382,4.49,3,64
14.0,50.0,40.45991516113281,-3.7056729793548575,4,142.0,1,461,5.39,18,141
18.0,68.0,40.4304,-3.6729,4,88.0,3,181,3.8,1,125
17.0,80.0,40.41735,-3.70858,2,151.0,1,40,0.48,13,305
16.0,80.0,40.39937,-3.67119,3,44.0,2,147,1.72,5,143
17.0,76.0,40.42146,-3.70971,4,122.0,3,130,1.53,24,39
4.0,40.0,40.47369,-3.58161,3,54.0,1,898,10.73,1,2
17.0,66.0,40.42352,-3.70818,4,156.0,3,186,2.18,2,89
17.0,80.0,40.41478,-3.70519,4,134.0,1,122,1.43,10,286
17.0,76.0,40.41344,-3.70784,4,143.0,2,75,0.89,13,319
17.0,80.0,40.41684,-3.70867,4,162.0,3,267,3.15,4,246
17.0,66.0,40.42753,-3.70459,4,108.0,3,255,3.01,93,65
17.0,77.0,40.42563,-3.69928,4,138.0,1,111,1.36,2,261
17.0,77.0,40.42414,-3.70006,4,134.0,1,122,1.44,2,301
17.0,61.0,40.40934,-3.69801,3,38.0,2,304,3.57,4,47
16.0,51.0,40.40689,-3.67566,3,36.0,1,126,2.98,18,245
8.0,12.0,40.38536,-3.64136,3,56.0,1,0,0.0,1,83
17.0,80.0,40.41566,-3.70224,3,120.0,1,120,1.64,4,323
17.0,80.0,40.41746,-3.70128,3,155.0,1,11,0.19,4,325
17.0,66.0,40.42134,-3.70639,4,83.0,2,280,3.29,2,148
17.0,61.0,40.41332,-3.70605,4,153.0,1,94,1.18,54,5
3.0,29.0,40.41252,-3.72593,4,69.0,2,318,3.73,2,67
4.0,40.0,40.47587549533024,-3.578680978827265,4,75.0,2,101,1.43,1,57
17.0,77.0,40.42548,-3.69874,4,143.0,4,8,0.11,2,350
15.0,69.0,40.43758,-3.69754,4,104.0,3,110,1.3,1,239
7.0,33.0,40.37968,-3.6224,4,79.0,3,110,1.3,1,9
16.0,51.0,40.4069,-3.681,3,84.0,2,194,2.29,1,306
6.0,28.0,40.38686,-3.71172,3,30.0,1,119,1.4,12,252
6.0,28.0,40.38709,-3.71101,3,30.0,1,124,1.46,12,247
17.0,76.0,40.41149,-3.70925,4,143.0,30,260,3.08,1,4
11.0,15.0,40.46905,-3.72189,3,30.0,1,182,2.15,1,240
17.0,80.0,40.41431,-3.70417,4,89.0,1,316,3.72,1,31
10.0,61.0,40.43255,-3.65629,3,35.0,3,110,1.3,1,120
13.0,59.0,40.40723,-3.72063,4,103.0,1,147,3.59,1,249
6.0,28.0,40.38714,-3.71121,4,95.0,2,52,0.62,2,327
6.0,42.0,40.39216,-3.7081,3,55.0,5,88,1.04,1,27
17.0,66.0,40.42290060000001,-3.7023101,4,111.0,3,114,1.37,1,17
10.0,45.0,40.47315,-3.72855,3,24.0,20,24,0.3,2,138
17.0,66.0,40.42236,-3.70768,4,104.0,1,36,0.43,20,211
17.0,77.0,40.41933,-3.6978,3,66.0,1,116,1.4,10,3
10.0,45.0,40.4322,-3.6526,3,44.0,4,179,2.12,4,3
13.0,60.0,40.40617,-3.69365,4,134.0,1,593,7.03,6,144
17.0,79.0,40.41613,-3.69753,4,143.0,7,38,0.45,2,40
13.0,60.0,40.40581,-3.69221,4,137.0,1,728,8.62,6,111
13.0,60.0,40.4058,-3.69229,4,148.0,1,709,8.39,6,124
17.0,61.0,40.40716,-3.69366,4,154.0,1,767,9.1,6,143
13.0,84.0,40.40705,-3.6918,4,150.0,1,755,8.95,6,149
13.0,60.0,40.40569,-3.69156,4,141.0,1,725,8.57,6,149
17.0,80.0,40.41862,-3.70727,3,147.0,1,71,0.9,21,365
17.0,77.0,40.42378,-3.69822,3,70.0,2,403,4.89,2,16
17.0,77.0,40.41933,-3.6978,3,66.0,1,144,1.73,10,1
17.0,77.0,40.41933,-3.6978,3,61.0,1,169,2.03,10,2
17.0,77.0,40.41933,-3.6978,3,55.0,1,95,1.15,10,1
17.0,77.0,40.41933,-3.6978,3,55.0,1,84,0.99,10,1
17.0,80.0,40.41636,-3.70756,4,130.0,1,15,0.19,1,259
15.0,39.0,40.4331,-3.71518,4,118.0,1,47,0.56,1,325
17.0,61.0,40.40807,-3.70149,4,91.0,1,80,1.04,1,324
14.0,52.0,40.45342,-3.70557,4,97.0,2,105,1.24,8,56
17.0,80.0,40.4154052734375,-3.705327033996582,4,138.0,3,142,1.68,7,131
17.0,61.0,40.41092,-3.70184,4,69.0,3,76,0.91,2,18
15.0,67.0,40.44126,-3.70132,4,108.0,20,8,0.1,2,321
17.0,61.0,40.40958,-3.70609,4,76.0,28,17,0.29,2,365
10.0,47.0,40.43673,-3.64174,4,87.0,2,427,5.06,1,175
10.0,45.0,40.43179,-3.65254,3,44.0,4,207,2.46,4,6
14.0,52.0,40.45293,-3.70574,4,115.0,2,93,1.1,8,39
10.0,41.0,40.43289,-3.64245,4,131.0,3,169,2.05,1,236
17.0,80.0,40.41986,-3.70141,4,97.0,1,241,2.87,181,241
14.0,63.0,40.44867,-3.70245,4,136.0,1,1184,14.89,8,129
17.0,61.0,40.40746,-3.69853,4,100.0,28,117,1.4,1,36
17.0,77.0,40.42524,-3.69992,4,143.0,4,138,1.66,2,69
10.0,41.0,40.43261,-3.64709,3,44.0,1,37,1.32,1,340
17.0,61.0,40.40986,-3.70177,4,142.0,1,79,0.94,54,2
15.0,66.0,40.43738,-3.70536,3,42.0,2,70,0.84,1,94
16.0,80.0,40.39716,-3.67065,3,73.0,2,248,2.96,1,39
16.0,51.0,40.405382899728814,-3.673852581306122,4,60.0,5,134,1.6,22,287
13.0,59.0,40.41135787963867,-3.719831943511963,3,100.0,2,31,0.4,1,57
17.0,76.0,40.41211,-3.71072,4,119.0,2,227,2.72,1,218
17.0,79.0,40.41436,-3.70144,4,109.0,3,172,2.06,1,16
17.0,79.0,40.41338,-3.69674,4,135.0,3,195,2.44,4,45
12.0,61.0,40.47766,-3.6464,4,138.0,1,55,0.66,5,343
14.0,65.0,40.46492,-3.68949,4,85.0,30,0,0.0,1,358
10.0,36.0,40.49724,-3.67545,3,54.0,2,97,1.16,1,336
17.0,79.0,40.41521,-3.69727,4,107.0,5,213,2.54,1,12
16.0,30.0,40.41504,-3.66763,4,151.0,3,55,0.67,1,81
17.0,61.0,40.40861,-3.70218,4,152.0,1,118,1.41,65,340
18.0,63.0,40.43089,-3.66494,4,160.0,1,143,1.71,1,306
14.0,52.0,40.45298,-3.70392,4,97.0,2,78,0.94,8,52
13.0,49.0,40.39915,-3.70059,4,97.0,2,276,3.47,2,70
17.0,77.0,40.4223,-3.6988,4,109.0,1,66,0.92,9,64
17.0,76.0,40.42204,-3.71123,4,118.0,1,43,0.52,9,59
17.0,79.0,40.40995,-3.69275,4,163.0,1,58,0.72,9,83
16.0,59.0,40.44572,-3.67317,4,126.0,1,10,0.12,8,69
5.0,44.0,40.333614,-3.702798,4,79.0,3,21,0.26,19,44
5.0,44.0,40.333614,-3.702798,4,67.0,3,23,0.65,19,204
5.0,44.0,40.333614,-3.702798,4,93.0,2,32,0.4,19,71
5.0,44.0,40.333614,-3.702798,4,70.0,3,38,0.73,19,55
17.0,76.0,40.4114,-3.70943,4,112.0,2,317,3.84,6,181
17.0,77.0,40.42717,-3.70123,3,33.0,3,252,3.03,2,193
14.0,52.0,40.45136,-3.70368,4,115.0,2,98,1.18,8,47
17.0,61.0,40.41048,-3.69673,4,68.0,3,319,3.84,1,195
17.0,61.0,40.40843,-3.6994,4,71.0,2,255,3.07,1,126
15.0,69.0,40.43289,-3.69188,4,156.0,5,3,0.04,25,38
9.0,45.0,40.44943,-3.57734,4,64.0,1,32,0.91,8,330
17.0,80.0,40.41977,-3.70725,4,132.0,2,408,4.92,12,142
8.0,48.0,40.38657,-3.6669,3,29.0,3,35,0.42,1,327
10.0,36.0,40.50341,-3.68938,4,78.0,4,78,0.95,1,223
13.0,60.0,40.40489,-3.69174,3,65.0,2,121,1.48,5,3
17.0,66.0,40.42432,-3.70293,4,100.0,6,292,3.53,2,22
17.0,76.0,40.41672,-3.71026,3,67.0,2,194,2.48,33,130
17.0,76.0,40.41819,-3.71007,3,56.0,2,140,1.84,33,138
17.0,76.0,40.41819,-3.71092,3,79.0,2,72,1.45,33,136
17.0,76.0,40.41756,-3.71214,3,84.0,2,82,1.09,33,152
17.0,76.0,40.41723,-3.71031,3,73.0,2,141,2.68,33,138
12.0,61.0,40.47957,-3.64711,4,133.0,1,43,0.52,5,343
3.0,29.0,40.41117,-3.73581,4,113.0,2,124,2.8,2,100
9.0,45.0,40.44482,-3.5838,4,101.0,1,26,0.32,8,152
6.0,42.0,40.39509,-3.71497,4,103.0,7,66,0.83,2,136
17.0,61.0,40.40626,-3.7064,4,114.0,1,57,0.69,1,301
13.0,49.0,40.39939,-3.70018,4,84.0,2,275,3.33,2,70
8.0,37.0,40.38787,-3.66058,3,47.0,3,60,0.73,1,73
13.0,55.0,40.40464,-3.70336,4,80.0,2,320,3.87,1,59
18.0,82.0,40.42149,-3.6836,4,128.0,3,285,3.48,93,67
18.0,82.0,40.42149,-3.6836,4,125.0,3,222,2.73,93,61
18.0,82.0,40.42149,-3.6836,4,146.0,3,237,2.86,93,44
13.0,46.0,40.39996,-3.68571,3,45.0,5,60,0.74,1,144
13.0,55.0,40.40213,-3.70058,4,87.0,2,222,2.69,141,280
3.0,11.0,40.40413,-3.73937,3,26.0,2,28,0.35,1,33
10.0,12.0,40.49163,-3.72754,3,48.0,2,75,0.94,2,162
16.0,70.0,40.41989135742188,-3.676419973373413,4,160.0,3,46,0.56,75,143
17.0,61.0,40.41171,-3.70586,4,122.0,20,31,0.39,5,92
14.0,71.0,40.46737,-3.69653,4,42.0,30,3,0.37,1,224
17.0,66.0,40.42583,-3.70465,4,123.0,1,161,1.94,1,326
3.0,10.0,40.38168,-3.78032,4,97.0,2,132,1.6,1,16
17.0,80.0,40.41894,-3.70047,4,56.0,3,246,2.98,1,4
17.0,66.0,40.42541,-3.70481,4,155.0,1,184,2.25,1,321
11.0,70.0,40.42391,-3.71431,4,141.0,3,273,3.34,2,236
17.0,79.0,40.41338,-3.69674,4,146.0,3,237,2.91,4,33
13.0,49.0,40.39378,-3.69733,3,65.0,3,52,0.63,1,36
6.0,39.0,40.39954,-3.72045,4,117.0,3,199,2.41,1,228
17.0,61.0,40.4092,-3.69919,3,37.0,30,14,0.18,1,184
17.0,80.0,40.41433,-3.70701,4,142.0,2,431,5.27,8,68
17.0,80.0,40.41566,-3.70679,4,142.0,6,100,2.74,8,286
17.0,76.0,40.41134,-3.71227,4,152.0,4,258,3.15,1,120
16.0,66.0,40.445386995385896,-3.6718940397663857,4,128.0,1,20,0.26,8,61
10.0,45.0,40.4312,-3.65479,3,44.0,4,176,2.14,4,1
17.0,61.0,40.41067,-3.69969,4,113.0,1,237,2.88,181,276
3.0,11.0,40.40296,-3.74046,4,93.0,7,14,0.2,4,162
17.0,61.0,40.40591,-3.70174,4,90.0,3,340,4.13,1,22
17.0,79.0,40.41369890812573,-3.696049548698327,3,67.0,1,303,3.7,5,347
17.0,79.0,40.41360402149072,-3.696101887461056,3,76.0,1,323,3.98,5,257
13.0,55.0,40.40441,-3.703,4,65.0,1,542,6.58,2,74
17.0,79.0,40.41042,-3.69397,4,81.0,2,228,2.79,2,196
17.0,66.0,40.42575,-3.70312,4,108.0,1,351,4.28,2,45
18.0,73.0,40.42619,-3.67851,4,88.0,3,286,3.52,2,161
16.0,70.0,40.42086,-3.67887,4,140.0,6,92,1.15,4,148
10.0,35.0,40.44316,-3.65492,2,31.0,1,286,3.48,1,227
17.0,76.0,40.41586,-3.71064,4,121.0,29,147,1.82,1,12
17.0,66.0,40.42623,-3.70626,4,126.0,1,39,0.48,3,277
13.0,55.0,40.40314,-3.70281,4,101.0,1,414,5.07,6,304
18.0,73.0,40.42713,-3.67783,4,131.0,4,101,1.26,3,88
17.0,61.0,40.40877,-3.69291,4,149.0,1,316,3.86,292,267
11.0,70.0,40.42503,-3.71345,4,147.0,2,276,3.38,141,158
17.0,66.0,40.42233,-3.70614,4,159.0,2,326,4.03,2,328
17.0,66.0,40.42233,-3.70614,4,117.0,1,241,2.98,2,348
14.0,52.0,40.44959,-3.70523,4,95.0,3,65,0.81,1,60
13.0,55.0,40.40333,-3.70589,4,111.0,3,65,0.82,5,21
17.0,76.0,40.41226959228516,-3.7088699340820312,4,130.0,3,56,0.73,75,97
8.0,41.0,40.39733,-3.66611,3,43.0,2,247,3.02,1,8
3.0,26.0,40.40469,-3.7577,3,19.0,29,8,0.1,1,62
10.0,47.0,40.43678,-3.64406,3,44.0,30,16,0.21,6,230
17.0,80.0,40.4169,-3.70852,4,132.0,2,238,2.95,1,289
17.0,79.0,40.41163426291645,-3.696477234427785,3,70.0,1,327,4.04,5,251
17.0,66.0,40.42165,-3.707,4,148.0,3,339,4.18,93,67
17.0,66.0,40.42165,-3.707,4,133.0,3,356,4.38,93,85
17.0,66.0,40.42355,-3.70436,4,145.0,3,151,1.88,2,9
14.0,71.0,40.466,-3.69556,4,92.0,3,183,2.35,1,253
10.0,47.0,40.43662,-3.64523,3,27.0,30,23,0.3,6,283
10.0,47.0,40.43836,-3.64363,3,15.0,30,31,0.41,6,128
17.0,66.0,40.42165,-3.707,4,125.0,3,330,4.06,93,146
3.0,26.0,40.407809260149456,-3.745561885210011,4,118.0,2,82,1.02,10,30
17.0,66.0,40.42165,-3.707,4,143.0,3,353,4.34,93,56
17.0,66.0,40.42165,-3.707,4,125.0,3,301,3.7,93,80
17.0,66.0,40.42165,-3.707,4,125.0,3,296,3.64,93,73
17.0,66.0,40.42165,-3.707,4,125.0,3,301,3.71,93,76
4.0,57.0,40.46913,-3.58961,4,121.0,1,152,12.23,1,140
17.0,66.0,40.42165,-3.707,4,143.0,3,353,4.36,93,59
13.0,46.0,40.39616,-3.69308,4,67.0,3,67,0.83,2,87
17.0,66.0,40.42165,-3.707,4,118.0,3,313,3.86,93,133
17.0,66.0,40.42165,-3.707,4,118.0,3,317,3.9,93,145
17.0,66.0,40.42165,-3.707,4,118.0,3,305,3.76,93,61
17.0,66.0,40.42165,-3.707,4,113.0,3,332,4.1,93,54
17.0,66.0,40.42165,-3.707,4,107.0,3,320,3.96,93,149
17.0,66.0,40.42165,-3.707,4,118.0,3,309,3.82,93,74
17.0,66.0,40.42165,-3.707,4,131.0,3,334,4.11,93,75
17.0,66.0,40.42165,-3.707,4,114.0,3,296,3.65,93,47
15.0,39.0,40.43167,-3.71355,4,99.0,3,146,1.81,1,230
17.0,66.0,40.42873,-3.70949,4,104.0,1,22,0.28,1,269
5.0,15.0,40.35501,-3.6833,3,28.0,1,303,3.74,2,22
17.0,79.0,40.41588,-3.70088,4,143.0,4,443,5.47,2,1
17.0,76.0,40.41781,-3.71158,4,127.0,1,136,2.66,2,253
14.0,65.0,40.4599,-3.69823,3,135.0,2,13,0.17,18,297
17.0,61.0,40.41036,-3.69931,4,70.0,2,266,3.29,141,181
17.0,79.0,40.41539,-3.70162,4,107.0,1,98,2.3,1,103
17.0,61.0,40.41251,-3.7021,4,109.0,3,148,1.84,1,332
6.0,39.0,40.39617,-3.72008,4,114.0,6,22,0.3,1,250
17.0,61.0,40.40842,-3.70831,4,138.0,1,46,0.57,1,203
17.0,61.0,40.40725,-3.70594,4,109.0,7,106,1.33,1,16
11.0,46.0,40.46461,-3.72479,3,24.0,1,8,0.1,10,170
10.0,61.0,40.44637,-3.64441,3,49.0,2,74,0.95,1,222
17.0,61.0,40.41038,-3.69904,4,143.0,2,320,3.96,1,2
17.0,66.0,40.4271,-3.70605,4,129.0,1,27,0.34,54,26
17.0,66.0,40.42648,-3.70611,4,94.0,4,272,3.4,1,103
17.0,80.0,40.41634,-3.70076,4,100.0,1,528,6.58,4,39
17.0,76.0,40.42098,-3.70876,4,147.0,10,131,1.63,13,133
8.0,12.0,40.37945,-3.63678,3,40.0,2,307,3.82,1,135
17.0,80.0,40.41893,-3.70277,3,70.0,1,103,1.29,7,1
17.0,80.0,40.41948,-3.70498,3,66.0,1,121,1.54,7,1
17.0,80.0,40.41887,-3.70452,3,66.0,1,124,1.55,7,1
8.0,41.0,40.39638900756836,-3.661591053009033,4,139.0,1,39,0.51,36,361
18.0,83.0,40.42952,-3.6858,4,127.0,1,157,1.97,17,264
16.0,66.0,40.44011,-3.67706,3,85.0,1,77,0.96,5,266
17.0,66.0,40.4204,-3.70288,3,66.0,1,164,2.04,7,1
17.0,80.0,40.41888,-3.70474,3,66.0,1,87,1.1,7,1
17.0,77.0,40.42441,-3.6991,4,157.0,1,77,1.0,54,2
6.0,20.0,40.3851,-3.71055,3,40.0,2,89,1.11,1,261
16.0,66.0,40.43983,-3.67662,3,90.0,3,83,1.03,5,209
15.0,69.0,40.42985,-3.69565,4,126.0,3,244,3.04,1,247
10.0,12.0,40.49011,-3.72658,3,48.0,2,60,0.78,2,128
17.0,66.0,40.42055,-3.70547,2,82.0,1,69,0.88,11,41
17.0,66.0,40.42198,-3.70413,2,105.0,1,58,0.74,11,24
17.0,66.0,40.42101,-3.70586,2,153.0,1,11,0.14,11,62
8.0,48.0,40.39751,-3.66883,4,73.0,2,364,4.56,1,39
6.0,25.0,40.39053,-3.73665,4,101.0,4,55,0.69,5,156
7.0,33.0,40.36617,-3.58271,4,94.0,5,86,1.12,2,280
3.0,29.0,40.40936,-3.73778,4,77.0,5,283,3.71,1,176
8.0,48.0,40.39475,-3.66494,4,119.0,2,143,1.79,9,80
17.0,66.0,40.42459,-3.70583,4,91.0,3,53,0.67,1,298
17.0,80.0,40.41651,-3.70288,4,143.0,1,145,1.82,181,295
17.0,61.0,40.4117,-3.70174,4,129.0,2,319,4.01,141,244
8.0,41.0,40.39644,-3.66541,4,78.0,2,232,2.91,4,87
8.0,41.0,40.39641952514648,-3.661591053009033,4,124.0,1,68,0.86,36,355
14.0,52.0,40.45302,-3.70387,4,97.0,2,74,0.93,8,38
11.0,18.0,40.42804,-3.73342,4,128.5,3,64,0.82,1,5
14.0,57.0,40.4649,-3.6961,4,103.0,1,446,5.58,18,237
11.0,15.0,40.46496,-3.72354,3,28.0,1,130,1.64,10,174
11.0,46.0,40.46659,-3.7253,3,24.0,1,24,0.3,10,136
14.0,63.0,40.45345,-3.69817,4,79.0,3,169,2.12,1,243
8.0,41.0,40.39871,-3.66505,4,62.0,2,211,2.65,4,74
9.0,32.0,40.42966,-3.61647,3,68.0,1,39,1.45,1,365
17.0,66.0,40.42165,-3.707,4,120.0,3,352,4.42,93,74
11.0,46.0,40.46649,-3.72509,3,24.0,1,12,0.15,10,173
10.0,47.0,40.43329,-3.65178,4,105.0,1,98,1.24,22,93
17.0,77.0,40.42751,-3.69685,4,151.0,2,358,4.49,5,107
8.0,41.0,40.39831,-3.66396,3,50.0,1,118,1.48,28,330
5.0,35.0,40.3532,-3.68806,3,65.0,1,0,0.0,2,179
12.0,54.0,40.50667,-3.65662,4,123.0,9,123,1.55,11,56
14.0,71.0,40.46889965899474,-3.698472409804751,3,45.0,7,36,0.46,4,349
17.0,80.0,40.41662,-3.70202,4,132.0,3,338,4.37,1,54
17.0,76.0,40.42045,-3.71427,3,70.0,7,9,0.11,2,351
13.0,72.0,40.39306,-3.68904,4,154.0,1,77,0.98,3,61
18.0,60.0,40.42566,-3.66468,4,146.0,2,2,0.1,2,47
5.0,35.0,40.35171,-3.68414,4,104.0,7,23,0.29,25,239
17.0,76.0,40.40872,-3.71094,3,64.0,2,75,0.95,1,224
11.0,70.0,40.42187,-3.71446,3,128.0,1,0,0.0,2,362
17.0,66.0,40.42627,-3.70189,3,33.0,1,278,6.05,3,323
17.0,66.0,40.42552,-3.70438,3,37.0,1,265,3.34,3,348
17.0,79.0,40.4146,-3.70187,4,162.0,1,165,2.08,1,273
13.0,60.0,40.40286,-3.69057,4,54.0,28,193,2.44,2,59
8.0,48.0,40.39489,-3.66687,4,145.0,2,106,1.38,9,61
17.0,76.0,40.41104,-3.71075,4,90.0,1,190,2.4,6,164
5.0,35.0,40.35523,-3.6864,3,65.0,1,0,0.0,2,179
17.0,79.0,40.41268,-3.69568,4,148.0,3,278,3.53,1,248
3.0,26.0,40.40649,-3.74556,4,117.0,2,125,1.59,10,14
11.0,70.0,40.42448,-3.71479,4,107.0,1,106,1.34,1,314
18.0,73.0,40.4278,-3.67337,4,126.0,3,73,0.93,1,147
17.0,79.0,40.41268,-3.69568,4,117.0,3,306,3.88,1,240
17.0,79.0,40.41268,-3.69568,4,162.0,3,281,3.58,1,234
1.0,13.0,40.403355,-3.593586,4,89.0,2,336,4.29,1,304
17.0,76.0,40.41344,-3.71515,4,115.0,1,88,1.11,181,297
17.0,80.0,40.41597,-3.70572,4,64.0,2,342,4.32,2,2
3.0,26.0,40.40646,-3.74567,4,91.0,2,63,1.38,1,88
6.0,42.0,40.39363,-3.70669,4,109.0,11,176,2.31,1,240
6.0,25.0,40.38802,-3.73566,4,109.0,2,36,0.46,1,134
17.0,61.0,40.40987,-3.69877,4,86.0,28,283,3.6,93,348
17.0,66.0,40.42165,-3.707,4,113.0,3,327,4.14,93,51
17.0,66.0,40.42165,-3.707,4,131.0,3,312,3.96,93,70
17.0,61.0,40.41007,-3.70712,3,40.0,2,382,4.84,1,225
6.0,22.0,40.35969,-3.75651,3,25.0,30,11,0.14,3,138
17.0,76.0,40.4131,-3.71017,4,93.0,14,257,3.26,1,78
17.0,61.0,40.41037,-3.70268,4,101.0,3,232,2.95,16,335
17.0,77.0,40.42353,-3.70041,4,147.0,1,176,2.24,12,317
18.0,63.0,40.43477,-3.665,4,161.0,1,43,1.78,12,156
17.0,77.0,40.42053,-3.69973,4,143.0,1,51,0.65,23,2
17.0,79.0,40.41511,-3.70212,4,121.0,4,297,3.8,25,228
17.0,66.0,40.42125,-3.70358,4,144.0,2,130,1.66,1,58
17.0,61.0,40.41201,-3.70181,3,45.0,3,219,2.79,4,148
1.0,13.0,40.39665,-3.60496,4,120.0,3,146,1.86,1,174
10.0,41.0,40.42774,-3.63387,4,150.0,2,33,0.42,1,131
6.0,45.0,40.38987,-3.72046,4,78.0,2,183,2.33,1,56
9.0,45.0,40.44655,-3.59575,3,40.0,1,44,0.58,4,15
17.0,77.0,40.42566,-3.69801,4,143.0,20,49,0.62,1,1
15.0,67.0,40.44278,-3.69725,2,106.0,1,23,0.32,7,261
8.0,41.0,40.39784,-3.65882,3,38.0,3,104,1.33,1,320
17.0,79.0,40.41504,-3.69954,4,136.0,3,258,3.29,10,157
6.0,17.0,40.38579,-3.73237,3,35.0,1,180,2.29,1,337
17.0,76.0,40.41009,-3.71114,4,77.0,1,248,3.16,6,167
16.0,66.0,40.4404,-3.6726,4,89.0,1,183,2.35,1,40
17.0,80.0,40.414307,-3.707677,4,117.0,2,183,2.33,1,50
8.0,41.0,40.39847,-3.66394,4,62.0,2,190,2.45,4,84
15.0,67.0,40.44278,-3.69725,2,123.0,1,26,0.38,7,246
15.0,67.0,40.44278,-3.69725,2,138.0,1,21,0.3,7,269
15.0,67.0,40.44278,-3.69725,2,143.0,1,33,0.54,7,275
15.0,67.0,40.44278,-3.69725,2,145.0,1,16,0.26,7,283
11.0,15.0,40.46657,-3.72404,3,50.0,1,25,0.33,10,147
6.0,45.0,40.3915,-3.72695,4,95.0,2,218,2.79,141,245
17.0,76.0,40.42045,-3.70788,4,160.0,3,31,0.41,2,212
17.0,66.0,40.42104,-3.70636,4,160.0,3,22,0.29,2,149
17.0,80.0,40.41798,-3.70656,4,153.0,1,89,1.15,10,291
16.0,59.0,40.44871,-3.68901,4,138.0,2,267,3.42,141,272
17.0,61.0,40.40885,-3.70814,4,95.0,5,36,1.01,1,77
17.0,66.0,40.42691,-3.70292,3,53.0,1,205,2.63,3,340
15.0,39.0,40.43547,-3.71791,3,88.0,3,136,1.87,2,335
17.0,76.0,40.41124,-3.71291,4,156.0,2,176,2.25,141,112
17.0,80.0,40.41922,-3.70509,4,84.0,2,82,1.05,3,71
14.0,57.0,40.46759733186667,-3.698760163996983,3,60.0,7,25,0.33,4,354
17.0,66.0,40.42967,-3.70838,4,90.0,2,338,4.33,1,94
17.0,76.0,40.41246,-3.70963,4,153.0,30,116,1.49,25,277
8.0,48.0,40.39343,-3.66756,4,69.0,30,80,1.04,1,179
17.0,66.0,40.42519760131836,-3.707010984420776,3,114.0,1,33,0.78,2,90
11.0,47.0,40.45519,-3.777,3,38.0,3,218,2.79,3,208
17.0,79.0,40.41391,-3.69906,4,119.0,3,184,2.37,2,36
14.0,50.0,40.45953,-3.70627,4,144.0,4,24,0.31,1,308
14.0,57.0,40.4676228922513,-3.7004997522807024,3,43.0,5,34,0.44,4,356
17.0,80.0,40.41959,-3.70337,4,113.0,4,152,1.95,3,51
2.0,1.0,40.4026,-3.63818,3,31.0,3,23,0.3,5,35
17.0,61.0,40.40822,-3.70056,4,108.0,1,34,0.44,10,62
5.0,35.0,40.34831,-3.68922,3,28.0,30,0,0.0,1,268
17.0,61.0,40.40649,-3.6983,3,37.0,2,263,3.38,4,49
17.0,76.0,40.41326,-3.71335,4,61.0,2,211,2.72,1,9
10.0,61.0,40.43409,-3.65669,3,44.0,2,33,0.43,1,318
9.0,4.0,40.42389,-3.62255,3,72.0,1,23,0.3,1,359
6.0,28.0,40.38686,-3.71314,3,30.0,2,253,3.25,1,53
17.0,76.0,40.41131,-3.71089,4,104.0,4,234,3.02,1,17
14.0,65.0,40.45967,-3.69837,3,46.0,2,148,1.94,3,240
18.0,60.0,40.42506,-3.66855,4,125.0,3,91,1.2,1,198
17.0,77.0,40.42524,-3.69986,4,129.0,1,0,0.0,1,362
17.0,79.0,40.41268157958984,-3.6956748962402335,4,113.0,3,283,3.7,1,151
17.0,76.0,40.41952,-3.71035,3,77.0,3,92,2.22,2,303
6.0,32.0,40.3844,-3.70315,4,47.0,7,35,0.45,21,269
17.0,77.0,40.42339,-3.69931,4,137.0,1,45,0.59,23,71
17.0,79.0,40.4117,-3.69775,4,140.0,4,131,1.72,1,137
17.0,66.0,40.42183,-3.70397,4,126.0,2,290,3.74,4,208
6.0,22.0,40.37009,-3.74843,4,78.0,24,89,1.16,1,157
17.0,76.0,40.40804,-3.71403,3,35.0,5,27,0.35,6,81
6.0,22.0,40.37079,-3.73813,3,39.0,2,63,0.87,1,312
12.0,61.0,40.46833,-3.6573,4,104.0,1,230,2.98,7,89
12.0,61.0,40.46754,-3.65517,4,107.0,2,252,3.25,7,93
9.0,32.0,40.4395,-3.6127,4,90.0,2,257,3.36,1,176
17.0,61.0,40.41153,-3.69925,3,75.0,3,49,0.64,1,78
6.0,32.0,40.38087,-3.70192,4,120.0,4,91,3.37,1,63
16.0,66.0,40.43997,-3.67688,3,85.0,1,32,0.42,4,288
8.0,10.0,40.38436,-3.67025,3,41.0,3,73,0.97,1,302
11.0,47.0,40.45855,-3.78251,4,129.0,5,20,0.26,1,234
8.0,48.0,40.39299,-3.66846,4,74.0,1,110,1.43,8,153
17.0,66.0,40.423344,-3.706719,4,68.0,1,94,1.33,31,168
17.0,66.0,40.423344,-3.706719,4,65.0,1,96,1.28,31,111
3.0,10.0,40.38733,-3.76988,3,40.0,1,4,0.14,1,82
15.0,39.0,40.43269,-3.71605,3,58.0,1,0,0.0,1,358
10.0,12.0,40.49596,-3.70489,3,155.0,3,0,0.0,1,362
15.0,70.0,40.43984,-3.70985,4,163.0,7,0,0.0,36,77
15.0,70.0,40.4397,-3.70832,4,126.0,7,0,0.0,36,77
17.0,66.0,40.423344,-3.706719,4,65.0,1,103,1.47,31,112
17.0,66.0,40.423344,-3.706719,4,65.0,1,78,1.1,31,115
3.0,11.0,40.39498,-3.74096,3,47.0,2,34,0.44,1,243
17.0,66.0,40.423344,-3.706719,4,65.0,1,62,0.9,31,168
6.0,20.0,40.38206,-3.7077,3,66.0,2,6,0.08,1,178
17.0,66.0,40.423344,-3.706719,4,75.0,1,83,1.17,31,122
17.0,66.0,40.423344,-3.706719,4,75.0,1,118,1.57,31,168
4.0,19.0,40.45783,-3.5918,3,50.0,1,0,0.0,1,89
17.0,76.0,40.41542,-3.71143,3,52.0,2,519,6.74,2,204
16.0,64.0,40.45508,-3.67809,4,123.0,4,92,1.31,1,48
17.0,80.0,40.4161,-3.70646,4,164.0,2,3,0.05,13,14
3.0,11.0,40.40852,-3.72276,4,106.0,1,185,2.41,181,290
18.0,68.0,40.42959,-3.67703,4,91.0,20,22,0.67,1,278
18.0,83.0,40.43128,-3.68707,4,135.0,4,6,0.15,1,311
9.0,32.0,40.43633,-3.61131,4,103.0,2,179,2.34,3,120
6.0,11.0,40.37947,-3.72895,3,100.0,1,0,0.0,1,89
17.0,79.0,40.41449,-3.70032,4,129.0,5,242,3.2,25,270
8.0,37.0,40.392276763916016,-3.663440942764282,4,146.0,1,40,0.53,36,332
9.0,45.0,40.44402,-3.58213,4,78.0,1,548,7.13,1,242
10.0,75.0,40.44935,-3.66051,3,43.0,1,152,2.0,2,180
4.0,19.0,40.45453,-3.58874,3,38.0,2,171,2.38,1,74
17.0,79.0,40.41465,-3.70243,4,118.0,4,265,3.57,25,253
10.0,45.0,40.42104,-3.65477,3,48.0,2,39,0.54,1,175
10.0,45.0,40.42642,-3.6521,4,135.0,1,38,0.5,4,332
9.0,45.0,40.44496,-3.58995,3,40.0,1,0,0.0,1,89
5.0,3.0,40.35295,-3.69853,3,87.0,1,0,0.0,1,365
18.0,73.0,40.42622,-3.67762,4,88.0,3,270,3.53,2,177
9.0,43.0,40.43024,-3.60062,3,40.0,1,0,0.0,1,270
18.0,73.0,40.42697,-3.66881,3,52.0,1,139,4.88,1,284
8.0,48.0,40.38595,-3.66928,4,164.0,2,47,0.64,1,90
9.0,43.0,40.43206,-3.60569,3,97.0,1,41,0.54,1,49
6.0,20.0,40.37958908081055,-3.705045938491821,3,40.0,2,56,0.73,1,1
16.0,70.0,40.41715,-3.67408,3,41.0,1,602,7.83,1,284
9.0,32.0,40.428595620433846,-3.613264908961391,4,94.0,1,150,5.18,2,9
17.0,77.0,40.42252,-3.69953,4,102.0,4,89,1.16,1,45
17.0,80.0,40.41617,-3.70094,4,137.0,4,296,3.98,25,275
17.0,79.0,40.41586,-3.70069,4,143.0,4,253,3.39,25,272
12.0,27.0,40.46413,-3.64719,3,43.0,6,26,1.06,1,199
6.0,20.0,40.38199,-3.70725,3,150.0,2,0,0.0,1,88
17.0,79.0,40.41523,-3.70137,4,127.0,2,77,1.02,2,259
6.0,25.0,40.38735,-3.74083,4,78.0,2,161,2.15,1,301
9.0,45.0,40.44456,-3.57863,3,57.0,2,53,0.69,1,349
6.0,42.0,40.38823,-3.71527,3,39.0,11,214,2.79,2,28
17.0,79.0,40.41431,-3.70051,4,100.0,5,252,3.37,25,283
17.0,79.0,40.41487,-3.70049,4,158.0,4,224,2.94,25,280
3.0,29.0,40.41171,-3.73009,4,100.0,21,56,0.74,1,257
17.0,79.0,40.41613,-3.70061,4,127.0,5,204,2.75,25,224
17.0,80.0,40.41591,-3.70371,4,60.0,2,285,3.71,2,2
17.0,66.0,40.42195,-3.70555,4,143.0,1,127,1.66,73,297
17.0,66.0,40.42245,-3.70429,4,123.0,3,202,2.66,12,1
17.0,76.0,40.41516,-3.70925,4,40.0,30,187,2.45,2,66
17.0,61.0,40.4076631,-3.6963244,4,82.0,3,278,3.63,1,189
17.0,76.0,40.41656,-3.70948,4,70.0,5,150,1.95,2,14
9.0,32.0,40.44706,-3.61107,4,101.0,1,398,5.21,2,46
9.0,24.0,40.4357,-3.61656,4,89.5,2,11,0.14,3,3
6.0,45.0,40.39189,-3.71686,4,154.0,7,0,0.0,36,270
6.0,42.0,40.39502,-3.71464,4,144.0,7,2,0.38,36,271
12.0,27.0,40.45981,-3.64333,3,58.0,1,329,4.37,2,146
3.0,10.0,40.37925,-3.77796,3,47.0,20,0,0.0,1,365
3.0,29.0,40.41167,-3.73395,3,43.0,2,118,1.54,1,151
12.0,54.0,40.49825,-3.6119,3,59.0,1,242,6.76,1,199
17.0,66.0,40.42439,-3.70091,4,145.0,3,278,3.63,3,314
4.0,57.0,40.47078,-3.58482,3,50.0,1,0,0.0,1,269
6.0,8.0,40.36545,-3.71571,4,93.0,3,12,0.51,1,351
9.0,45.0,40.44517,-3.58333,4,75.0,5,15,0.21,8,336
12.0,27.0,40.45951,-3.64553,3,36.0,1,242,3.18,2,147
14.0,57.0,40.46174,-3.69963,4,103.0,1,413,5.42,18,137
14.0,63.0,40.45442,-3.69934,4,116.0,1,0,0.0,1,365
4.0,57.0,40.46872,-3.58592,3,50.0,1,0,0.0,1,365
9.0,45.0,40.44418,-3.59356,3,50.0,3,59,2.6,2,340
16.0,65.0,40.47152,-3.68459,4,133.0,3,13,0.6,1,111
17.0,61.0,40.41016,-3.70264,4,111.0,2,297,3.88,1,188
3.0,29.0,40.411,-3.73531,3,38.0,1,0,0.0,1,89
17.0,79.0,40.41429688096612,-3.699706593808601,4,152.0,5,211,2.75,28,265
5.0,44.0,40.34161,-3.71677,4,128.0,2,28,0.39,1,361
6.0,22.0,40.36355,-3.75717,3,36.0,1,9,0.34,2,363
3.0,10.0,40.37648,-3.76264,3,150.0,1,0,0.0,2,365
7.0,33.0,40.36466,-3.60016,3,34.5,1,0,0.0,1,270
17.0,61.0,40.41113,-3.70128,4,136.0,1,192,2.51,92,333
18.0,63.0,40.43688,-3.67296,3,59.0,2,163,2.13,1,163
10.0,14.0,40.48293,-3.69925,3,100.0,1,0,0.0,1,179
10.0,47.0,40.43423,-3.65173,4,103.0,1,55,0.74,22,125
10.0,47.0,40.43273,-3.65321,4,116.0,1,137,1.81,22,108
6.0,58.0,40.38468,-3.71507,3,35.0,2,138,1.83,2,75
16.0,70.0,40.41745,-3.67579,4,141.0,4,287,3.77,7,34
6.0,20.0,40.38271,-3.70931,3,26.0,2,4,0.34,3,349
9.0,24.0,40.43679,-3.61506,3,29.0,1,351,4.7,3,82
6.0,20.0,40.38265,-3.70996,3,31.0,2,5,0.59,3,345
16.0,51.0,40.40559,-3.6863,3,30.0,1,246,3.26,7,113
9.0,24.0,40.43207,-3.62518,3,47.0,1,282,3.7,3,120
6.0,45.0,40.38773,-3.72278,3,36.0,2,120,2.74,1,73
16.0,51.0,40.40593,-3.68632,3,48.0,2,100,1.31,7,133
17.0,79.0,40.41626,-3.70036,4,148.0,7,127,1.7,25,252
16.0,78.0,40.41032,-3.67255,3,56.0,2,191,2.54,1,149
17.0,79.0,40.41268157958984,-3.6956748962402335,4,159.0,3,297,3.92,1,225
9.0,43.0,40.42715,-3.60191,3,160.0,1,0,0.0,1,178
8.0,12.0,40.38915,-3.65279,3,25.0,30,0,0.0,3,220
10.0,75.0,40.44960071518314,-3.662146517227656,3,65.0,1,3,0.22,2,229
2.0,2.0,40.40344,-3.64482,3,40.0,2,36,0.48,2,223
8.0,48.0,40.39033,-3.66773,3,49.0,2,111,1.52,1,328
17.0,66.0,40.42662,-3.70197,3,47.0,1,194,4.99,2,301
16.0,51.0,40.40543,-3.68396,3,24.0,1,91,1.22,7,124
18.0,60.0,40.42219,-3.66772,4,113.0,2,159,2.1,1,23
17.0,79.0,40.41236,-3.69515,4,160.0,15,0,0.0,1,267
17.0,66.0,40.42096,-3.70479,4,134.0,1,132,1.74,3,305
17.0,76.0,40.41039,-3.71101,4,89.0,3,143,1.9,66,223
17.0,66.0,40.42256927490234,-3.706995010375977,3,38.0,1,553,7.31,19,237
17.0,61.0,40.41141,-3.7035,4,119.0,3,172,2.29,7,96
4.0,57.0,40.47287,-3.58612,4,93.0,2,95,1.25,1,244
16.0,59.0,40.44571,-3.6752,3,18.0,10,13,0.18,3,257
17.0,61.0,40.41263,-3.70615,4,156.0,1,29,0.56,54,1
17.0,61.0,40.40958,-3.70923,4,75.0,3,148,1.95,66,228
17.0,79.0,40.41634,-3.70064,4,107.0,7,34,0.69,1,79
17.0,79.0,40.4151,-3.70005,4,152.0,1,20,0.28,23,62
17.0,76.0,40.41187,-3.70978,4,109.0,7,238,3.15,3,86
17.0,61.0,40.41204,-3.70508,4,87.0,3,168,2.23,1,233
17.0,76.0,40.41444,-3.70886,4,127.0,1,249,3.28,26,78
6.0,17.0,40.37545403836119,-3.736632783699609,4,111.0,1,39,5.65,2,53
16.0,51.0,40.40572,-3.68483,3,26.0,2,137,1.81,7,132
3.0,5.0,40.39657,-3.77523,3,38.0,5,83,1.1,2,187
17.0,61.0,40.40657,-3.70047,4,118.0,1,42,0.81,1,85
8.0,48.0,40.38735,-3.66648,3,29.0,3,40,0.53,1,130
17.0,76.0,40.41987,-3.70865,3,81.0,3,121,1.74,2,42
17.0,76.0,40.42129,-3.70866,1,61.0,1,184,2.5,10,345
18.0,63.0,40.43732,-3.67314,3,59.0,2,125,1.65,1,345
17.0,80.0,40.41515,-3.70662,4,138.0,10,78,1.03,3,169
17.0,61.0,40.41287,-3.70177,3,70.0,1,0,0.0,2,365
12.0,61.0,40.47088,-3.64497,4,67.0,1,474,6.33,7,235
13.0,49.0,40.395432433483904,-3.697803092350499,3,24.0,1,43,2.88,3,106
17.0,79.0,40.41268157958984,-3.6956748962402335,4,153.0,3,270,3.58,1,236
17.0,77.0,40.41983,-3.69725,4,155.0,1,185,2.46,73,328
13.0,59.0,40.40555,-3.71228,4,118.0,30,79,1.05,1,252
7.0,33.0,40.36654,-3.59959,3,34.5,1,0,0.0,1,363
15.0,70.0,40.4415,-3.70718,4,158.0,1,291,3.88,25,93
17.0,61.0,40.41141,-3.7035,4,149.0,3,168,2.26,7,96
9.0,43.0,40.43542,-3.60796,3,95.0,1,22,0.31,2,175
17.0,76.0,40.42281858137808,-3.7114965682677954,4,129.0,1,215,2.86,1,294
17.0,76.0,40.4078,-3.71411,4,96.0,30,125,1.67,1,29
17.0,76.0,40.41049,-3.71187,4,88.0,3,219,2.99,4,177
17.0,77.0,40.42114,-3.69734,3,118.0,2,520,6.91,3,107
10.0,36.0,40.49049,-3.69714,4,87.0,10,51,0.71,1,85
17.0,79.0,40.41268157958984,-3.6956748962402335,4,143.0,3,359,4.84,1,225
17.0,66.0,40.42331,-3.70712,4,115.0,3,360,4.8,1,189
8.0,10.0,40.381,-3.66875,3,29.0,5,79,1.1,2,163
15.0,64.0,40.42956,-3.70295,4,140.0,2,133,1.82,2,285
17.0,80.0,40.41544,-3.70713,4,94.0,1,390,5.21,2,200
17.0,76.0,40.41493,-3.70837,4,90.0,1,366,4.91,2,164
18.0,83.0,40.43601,-3.68184,3,60.0,7,0,0.0,2,347
17.0,77.0,40.42114,-3.69734,3,64.0,2,311,4.13,3,26
6.0,39.0,40.40119171142578,-3.722623109817505,3,47.0,2,8,0.46,5,270
18.0,73.0,40.42696,-3.67948,4,97.0,8,121,1.63,8,59
4.0,40.0,40.4742673,-3.5786072,4,159.0,1,134,1.86,2,15
17.0,79.0,40.4164,-3.69598,4,157.0,1,75,1.03,4,312
18.0,82.0,40.42533,-3.68236,3,57.0,3,0,0.0,1,78
17.0,76.0,40.41485,-3.70912,4,98.0,25,114,1.6,7,322
15.0,39.0,40.43107,-3.71306,3,71.0,1,262,3.59,1,77
3.0,5.0,40.39803,-3.77435,3,28.0,1,201,2.69,3,315
3.0,5.0,40.3965,-3.77409,3,34.0,1,173,2.35,3,327
5.0,10.0,40.33916,-3.69069,4,73.0,3,113,1.54,66,55
12.0,27.0,40.46582,-3.63181,3,30.0,1,175,2.39,2,317
8.0,12.0,40.38717,-3.65275,4,47.0,2,84,1.14,4,37
9.0,45.0,40.44355,-3.58184,4,95.0,1,112,1.53,2,326
8.0,41.0,40.39836,-3.66868,4,81.0,2,243,3.26,1,23
6.0,28.0,40.38712,-3.70612,3,55.0,1,187,2.5,5,69
17.0,80.0,40.41716,-3.70352,4,79.0,2,193,2.61,3,41
2.0,49.0,40.41077,-3.65178,3,45.0,2,15,0.2,2,357
18.0,73.0,40.42802,-3.67661,4,109.0,2,256,3.45,141,281
17.0,76.0,40.413728763699154,-3.715318377246084,4,83.0,28,0,0.0,1,109
10.0,61.0,40.43398,-3.65796,4,70.0,3,72,0.97,1,227
17.0,66.0,40.42409,-3.70944,4,127.0,1,58,0.8,54,350
15.0,67.0,40.44061,-3.69639,4,151.0,1,98,1.33,5,249
15.0,69.0,40.4317,-3.69419,4,90.0,14,0,0.0,1,259
17.0,77.0,40.42033,-3.69709,4,88.0,2,208,4.22,3,41
2.0,49.0,40.41056,-3.65053,3,29.0,2,30,0.41,2,357
18.0,63.0,40.43601,-3.66986,4,99.0,5,20,0.28,1,328
17.0,76.0,40.41355,-3.71236,3,119.0,1,81,1.16,2,344
3.0,29.0,40.40936,-3.72938,4,90.0,2,63,0.86,9,64
17.0,76.0,40.41502,-3.70929,4,93.0,15,112,1.55,7,340
10.0,47.0,40.43849,-3.64141,4,117.0,1,385,5.2,2,52
17.0,76.0,40.42046,-3.70753,4,118.0,3,235,3.15,93,70
10.0,36.0,40.49931,-3.67607,3,38.0,2,45,0.62,1,83
17.0,80.0,40.41672,-3.70378,4,143.0,2,53,0.73,1,1
8.0,41.0,40.40513,-3.66183,3,37.0,1,258,5.71,1,88
14.0,50.0,40.45991516113281,-3.705595016479492,4,154.0,1,438,5.9,18,124
15.0,67.0,40.44251,-3.69776,4,82.0,2,394,5.3,2,282
16.0,65.0,40.46725328639688,-3.685857825224847,3,54.0,2,65,0.89,2,147
14.0,65.0,40.46507,-3.69283,4,85.0,1,123,1.68,292,329
17.0,61.0,40.408081,-3.705751,4,93.0,4,112,1.55,1,24
16.0,70.0,40.41953715749919,-3.6755838940358463,4,64.0,3,20,3.26,8,263
5.0,44.0,40.346959954637896,-3.710988774343849,3,32.0,2,156,2.11,2,144
12.0,27.0,40.46613,-3.64966,2,62.5,1,260,3.52,28,353
17.0,61.0,40.41167,-3.7025,4,71.0,3,101,4.03,22,299
12.0,27.0,40.46554,-3.64779,2,61.0,1,50,0.68,28,355
12.0,27.0,40.46404,-3.64782,2,64.0,1,248,3.35,28,356
17.0,61.0,40.41251,-3.70716,4,134.0,1,157,2.13,26,144
16.0,70.0,40.42032,-3.6756,4,63.0,2,230,3.14,8,311
16.0,70.0,40.42054,-3.67564,4,65.0,2,260,3.51,8,288
17.0,77.0,40.42345,-3.69968,3,69.0,2,66,0.9,2,342
9.0,45.0,40.44369,-3.58077,4,95.0,1,4,0.18,2,342
17.0,76.0,40.41225,-3.70788,4,122.0,1,231,3.13,26,136
12.0,54.0,40.48368,-3.65158,3,34.0,1,125,1.7,1,132
6.0,45.0,40.39263,-3.72491,4,90.0,3,279,3.99,1,161
17.0,61.0,40.40889,-3.70131,4,143.0,4,168,2.31,1,6
17.0,76.0,40.41048387725292,-3.711799850229173,4,80.0,3,170,2.32,4,201
17.0,76.0,40.41178,-3.71327,4,84.0,2,189,2.56,4,215
17.0,76.0,40.41168,-3.71207,4,68.0,2,151,2.06,4,120
2.0,49.0,40.41024,-3.64435,4,122.0,6,68,0.92,3,12
5.0,10.0,40.34261,-3.68533,3,46.0,1,6,0.13,1,310
6.0,39.0,40.40048,-3.72314,3,63.0,2,8,0.46,5,297
6.0,39.0,40.4012006,-3.7226201,3,42.0,2,7,0.4,5,260
17.0,77.0,40.42386,-3.70005,4,143.0,3,207,2.86,10,170
17.0,79.0,40.41217,-3.696,4,82.0,2,25,1.46,16,349
5.0,44.0,40.33344,-3.70278,4,68.0,3,46,0.65,19,41
5.0,44.0,40.333435,-3.702781,4,83.0,3,43,0.88,19,140
17.0,61.0,40.40935,-3.69625,4,158.0,1,157,2.14,292,271
18.0,73.0,40.42871,-3.67871,3,32.0,28,0,0.0,1,16
9.0,45.0,40.44697,-3.59746,3,40.0,1,80,1.09,4,31
10.0,47.0,40.43509,-3.64703,4,86.0,3,154,2.11,66,208
18.0,63.0,40.43527,-3.6723,4,119.0,3,149,2.03,1,239
8.0,41.0,40.405,-3.66209,3,34.0,1,355,4.83,2,54
17.0,61.0,40.41301,-3.70721,3,30.0,1,806,10.96,1,226
11.0,70.0,40.43239,-3.71842,3,53.0,4,61,0.83,2,259
18.0,82.0,40.42416,-3.68616,4,95.0,28,23,0.32,1,237
8.0,12.0,40.38087,-3.65252,3,59.0,4,21,0.29,1,270
17.0,61.0,40.41192,-3.70539,4,136.0,1,135,1.84,1,321
13.0,46.0,40.39894,-3.69448,4,139.0,1,109,1.49,1,276
17.0,66.0,40.42191253572319,-3.702050800259668,4,66.0,1,365,4.96,3,109
12.0,74.0,40.45226,-3.61498,3,39.0,5,59,0.8,1,237
16.0,64.0,40.45355,-3.68059,4,64.0,2,189,2.59,1,222
16.0,51.0,40.40273,-3.67577,4,86.0,3,154,2.11,66,214
13.0,49.0,40.39617037855537,-3.697766773402691,3,22.0,1,64,3.84,3,121
17.0,61.0,40.40951,-3.70968,3,119.0,3,108,1.58,1,52
18.0,63.0,40.43732,-3.67686,4,159.0,4,24,0.33,1,11
17.0,66.0,40.4234,-3.70574,4,74.0,3,72,0.99,23,233
14.0,52.0,40.45003,-3.70754,4,82.0,3,148,2.03,66,218
16.0,51.0,40.40433,-3.67565,4,92.0,3,138,1.9,66,210
8.0,48.0,40.39268,-3.66752,3,70.0,2,55,0.76,8,248
12.0,61.0,40.47061,-3.65343,3,40.0,4,229,3.13,1,43
9.0,45.0,40.44309,-3.58528,4,75.0,15,37,0.77,4,83
17.0,77.0,40.42312,-3.6963,3,50.0,2,157,2.15,1,153
17.0,76.0,40.41915,-3.71349,4,152.0,25,133,1.83,14,223
17.0,80.0,40.41415,-3.70644,4,151.0,2,242,3.32,141,247
17.0,66.0,40.42074,-3.7061,4,133.0,3,315,4.32,93,47
17.0,76.0,40.42118,-3.70804,3,116.0,1,11,0.21,6,157
17.0,77.0,40.42549,-3.69778,4,125.0,2,24,0.33,18,335
15.0,66.0,40.43303,-3.71064,4,136.0,2,131,1.81,6,213
12.0,61.0,40.47113,-3.65229,3,48.0,4,113,1.56,1,57
10.0,47.0,40.43707,-3.64773,4,99.0,2,120,1.65,1,281
17.0,80.0,40.41636,-3.70608,4,97.0,1,405,5.58,1,80
5.0,44.0,40.33343505859375,-3.702780961990357,4,75.0,3,25,0.35,19,61
17.0,66.0,40.42422,-3.70261,4,112.0,3,189,2.59,181,305
10.0,41.0,40.43337,-3.63768,3,128.0,7,0,0.0,1,87
17.0,66.0,40.42397,-3.70288,4,106.0,2,394,5.42,3,254
12.0,61.0,40.4719,-3.63674,4,65.0,1,319,6.3,7,170
18.0,68.0,40.43136,-3.67311,4,83.0,2,101,3.81,22,290
18.0,82.0,40.42426,-3.69058,4,161.0,1,138,1.9,17,262
15.0,69.0,40.42554,-3.69076,4,157.0,1,129,1.77,17,314
14.0,63.0,40.44925,-3.70013,4,133.0,2,48,1.51,1,9
5.0,44.0,40.333435,-3.702781,4,76.0,3,34,0.48,19,172
8.0,10.0,40.38277,-3.67029,3,39.0,10,53,0.76,1,7
17.0,66.0,40.42275,-3.7009,4,143.0,1,371,5.16,6,15
18.0,73.0,40.42334,-3.67037,4,85.0,3,115,1.59,66,233
10.0,41.0,40.42876,-3.64261,4,101.0,1,46,0.64,4,337
4.0,40.0,40.47614,-3.57825,4,115.0,1,701,9.71,2,24
16.0,51.0,40.40436,-3.68037,4,28.0,1,348,5.04,2,211
17.0,80.0,40.41467,-3.70397,4,110.0,4,74,1.07,7,166
17.0,80.0,40.41646,-3.70467,4,148.0,2,343,4.75,141,309
17.0,77.0,40.42089,-3.69924,3,54.0,6,23,0.33,2,44
13.0,46.0,40.39284,-3.69471,4,90.0,15,89,1.23,6,52
10.0,47.0,40.43289,-3.65125,4,160.0,3,201,2.78,1,290
9.0,32.0,40.44664,-3.61175,4,86.0,1,317,4.38,2,55
10.0,47.0,40.4377,-3.64367,4,77.0,3,209,2.89,2,51
12.0,27.0,40.46129,-3.64908,4,109.0,5,81,1.13,2,16
17.0,76.0,40.40846,-3.71437,4,147.0,3,148,3.19,1,238
3.0,12.0,40.39336,-3.75111,3,61.0,1,167,2.37,1,173
15.0,66.0,40.43339,-3.71052,4,76.0,2,112,1.56,6,191
9.0,45.0,40.44731,-3.59563,3,43.0,1,44,0.61,4,11
17.0,80.0,40.41841,-3.70359,4,150.0,1,267,3.77,1,9
17.0,66.0,40.42587,-3.70645,4,92.0,30,32,0.44,12,106
17.0,61.0,40.40765,-3.70932,4,119.0,2,61,0.84,1,104
5.0,3.0,40.35311,-3.6942,3,30.0,1,5,0.07,2,257
18.0,73.0,40.42369,-3.6742,4,120.0,3,191,2.66,1,184
17.0,66.0,40.4205,-3.70165,4,135.0,2,31,0.43,18,293
17.0,61.0,40.41056,-3.69863,4,110.0,2,284,3.92,2,332
17.0,80.0,40.42019,-3.70481,4,108.0,1,107,1.49,6,55
15.0,66.0,40.43193,-3.7106,4,90.0,2,116,1.72,6,204
17.0,66.0,40.42119,-3.70702,4,133.0,1,70,1.03,6,87
17.0,66.0,40.42167,-3.70553,4,160.0,1,68,0.95,6,57
17.0,80.0,40.42012,-3.70709,4,142.0,1,104,1.45,6,79
13.0,49.0,40.39673,-3.69834,4,83.0,2,212,2.95,1,68
10.0,47.0,40.43464,-3.65341,4,103.0,1,98,1.37,22,69
10.0,47.0,40.43296,-3.65346,4,134.0,1,81,1.13,22,77
17.0,76.0,40.41383,-3.70975,3,68.0,2,173,2.4,1,5
9.0,24.0,40.43712,-3.63236,4,73.0,14,34,0.48,2,243
6.0,11.0,40.38205,-3.72594,3,26.0,3,70,0.97,1,319
13.0,59.0,40.40934,-3.71734,4,149.0,1,135,1.87,1,302
17.0,77.0,40.42576,-3.69963,3,48.0,1,1,1.0,1,336
4.0,40.0,40.47423,-3.57719,4,106.0,1,3,0.17,4,323
14.0,63.0,40.45081,-3.701,4,135.0,3,123,1.71,66,235
13.0,55.0,40.39865,-3.70346,4,60.0,28,166,2.37,2,71
15.0,66.0,40.4339,-3.71124,4,76.0,2,102,1.45,6,196
15.0,39.0,40.43202,-3.71207,4,76.0,2,108,1.5,6,212
17.0,76.0,40.41444,-3.71822,4,90.0,30,55,0.78,3,267
14.0,63.0,40.45462,-3.70149,3,73.0,5,17,0.24,2,88
17.0,66.0,40.424564361572266,-3.704803943634033,4,101.0,3,81,1.15,75,90
11.0,70.0,40.42551,-3.71341,4,111.0,2,159,2.22,1,256
2.0,1.0,40.40621,-3.64146,4,91.0,20,94,1.31,1,310
10.0,35.0,40.44005,-3.65262,4,140.0,3,182,2.55,2,237
16.0,66.0,40.44402424379001,-3.673644315548486,4,128.0,1,31,0.65,8,42
13.0,60.0,40.40658,-3.69431,3,129.0,1,58,0.83,8,343
13.0,60.0,40.40671,-3.69599,3,161.0,1,61,0.88,8,361
13.0,60.0,40.40679,-3.69559,3,56.0,1,14,0.2,8,345
13.0,60.0,40.40671,-3.69585,3,56.0,1,93,1.33,8,363
13.0,49.0,40.39717,-3.69856,4,110.0,2,40,0.56,4,210
10.0,47.0,40.43435,-3.648,4,69.0,3,247,3.46,1,13
18.0,73.0,40.4267297,-3.6720489,3,55.0,3,114,3.11,1,78
9.0,43.0,40.42649,-3.60856,3,37.0,1,95,1.34,6,265
9.0,43.0,40.4262,-3.60966,3,37.0,1,59,0.83,6,269
9.0,43.0,40.42773,-3.6103,3,37.0,1,66,0.93,6,360
9.0,43.0,40.42785,-3.61016,3,40.0,1,91,1.28,6,264
9.0,43.0,40.42634,-3.61027,3,38.0,1,77,1.08,6,341
6.0,45.0,40.39248,-3.72497,4,55.0,7,29,0.42,21,284
6.0,39.0,40.3946,-3.72516,4,60.0,7,43,0.61,21,295
6.0,39.0,40.39382,-3.72497,4,60.0,7,31,0.44,21,310
6.0,39.0,40.39469,-3.7265,4,60.0,7,28,0.4,21,282
6.0,39.0,40.39453,-3.7263,4,64.0,7,29,0.41,21,309
4.0,57.0,40.46948,-3.59388,3,50.0,5,120,1.68,2,1
17.0,61.0,40.41317,-3.70176,4,88.0,30,32,0.45,1,182
16.0,70.0,40.42004,-3.67541,4,107.0,3,245,3.44,1,256
17.0,61.0,40.41276,-3.7026,4,125.0,3,131,1.83,1,145
17.0,61.0,40.41228103637695,-3.707407951354981,4,147.0,1,194,2.72,65,343
12.0,27.0,40.46597,-3.62903,4,69.0,3,136,1.94,66,18
17.0,80.0,40.4149966,-3.70779379999999,4,162.0,1,49,0.69,33,279
17.0,80.0,40.4149966,-3.70779379999999,4,143.0,1,40,0.57,33,278
17.0,66.0,40.42231,-3.70332,4,93.0,28,34,0.48,1,113
17.0,61.0,40.41228103637695,-3.707407951354981,3,136.0,1,204,2.87,65,330
17.0,61.0,40.41228103637695,-3.707407951354981,4,143.0,1,161,2.27,65,1
9.0,24.0,40.43252993634271,-3.624231331050396,3,29.0,5,47,1.72,2,312
17.0,61.0,40.41228103637695,-3.707407951354981,3,132.0,1,187,2.63,65,330
17.0,80.0,40.41558456420898,-3.70878005027771,4,164.0,1,185,2.71,13,290
3.0,11.0,40.40416,-3.74146,3,38.0,2,58,0.81,1,129
15.0,64.0,40.43225,-3.70191,3,40.0,3,60,0.84,1,51
3.0,12.0,40.38935,-3.75709,4,161.0,29,53,0.77,1,329
6.0,32.0,40.38337,-3.70133,3,27.0,3,134,1.9,2,167
15.0,39.0,40.433570861816406,-3.717422008514404,3,49.0,4,62,0.88,1,61
17.0,79.0,40.4129,-3.69571,4,142.0,1,216,3.03,6,349
17.0,79.0,40.414,-3.69727,4,122.0,1,213,2.99,6,334
6.0,32.0,40.38349,-3.69947,3,27.0,3,30,0.44,2,69
10.0,47.0,40.43286,-3.65186,4,67.0,6,142,2.27,3,20
15.0,69.0,40.42996,-3.69248,4,140.0,1,154,2.18,17,295
17.0,61.0,40.410099029541016,-3.6997499465942383,4,155.0,1,165,2.33,1,306
6.0,32.0,40.38602,-3.70407,3,38.0,1,108,1.52,12,257
8.0,41.0,40.39814,-3.6643,4,70.0,2,143,2.03,1,11
17.0,61.0,40.41249,-3.70613,4,129.0,3,244,3.46,3,188
17.0,61.0,40.41086,-3.70861,4,143.0,3,228,3.22,1,3
17.0,77.0,40.42018,-3.69766,4,138.0,1,238,3.35,141,261
17.0,76.0,40.41188,-3.7085,4,113.0,1,26,0.37,5,26
17.0,66.0,40.42448,-3.70586,4,143.0,4,205,2.9,4,75
17.0,77.0,40.42516,-3.69174,4,143.0,1,144,2.03,17,299
10.0,47.0,40.43521,-3.6468,3,23.0,28,23,0.33,3,94
15.0,67.0,40.44252,-3.69821,4,134.0,1,32,0.45,1,73
17.0,79.0,40.41451,-3.6974,4,126.0,1,154,2.2,2,72
18.0,63.0,40.43491,-3.66509,4,115.0,1,56,0.83,1,158
16.0,66.0,40.44051,-3.67521,3,82.0,1,56,0.8,4,329
16.0,66.0,40.44053,-3.67536,3,85.0,1,57,0.81,5,326
17.0,76.0,40.41465,-3.70869,4,137.0,3,240,3.43,1,244
17.0,61.0,40.41225,-3.70598,4,143.0,3,305,4.37,3,129
16.0,66.0,40.44008,-3.67561,3,90.0,1,77,1.1,4,335
12.0,27.0,40.46559,-3.64897,4,116.0,3,225,3.18,25,67
8.0,48.0,40.39531326293945,-3.668832063674927,4,143.0,1,40,0.57,36,360
8.0,48.0,40.39531326293945,-3.668832063674927,4,149.0,1,25,0.36,36,323
17.0,80.0,40.41732,-3.70663,4,135.0,8,136,1.94,8,182
17.0,66.0,40.42672,-3.70252,4,85.0,5,138,1.95,1,241
17.0,80.0,40.41646194458008,-3.7046730518341056,4,93.0,3,27,0.38,7,336
6.0,17.0,40.38395,-3.73298,3,27.0,3,52,0.74,1,69
9.0,45.0,40.44545,-3.57239,3,40.0,1,8,0.11,3,41
6.0,45.0,40.38685,-3.72656,4,81.0,2,268,3.8,2,93
3.0,18.0,40.36769,-3.76395,3,52.0,4,0,0.0,1,364
9.0,45.0,40.44744,-3.57105,3,40.0,1,36,0.51,3,40
17.0,79.0,40.41591,-3.70115,3,153.0,2,18,0.26,5,10
9.0,45.0,40.44458,-3.5815,4,60.0,3,78,1.11,1,19
14.0,65.0,40.45968,-3.69819,4,148.0,2,9,0.16,18,254
14.0,65.0,40.45758,-3.69893,4,127.0,2,38,0.89,18,51
17.0,76.0,40.42155,-3.70863,4,94.0,1,515,7.4,21,183
10.0,41.0,40.42591,-3.63147,3,38.0,1,1,0.67,1,354
17.0,79.0,40.41409,-3.70105,4,127.0,3,180,2.57,25,285
17.0,66.0,40.42442,-3.70481,4,76.0,30,27,0.39,12,115
15.0,67.0,40.44282,-3.69998,3,102.0,1,0,0.0,1,89
3.0,5.0,40.39847,-3.76851,3,25.0,1,133,1.97,2,285
17.0,77.0,40.42039,-3.70127,3,46.0,2,180,2.58,1,108
6.0,17.0,40.37832,-3.74457,3,39.0,1,34,0.5,11,18
17.0,80.0,40.41882,-3.70521,4,100.0,3,203,2.89,12,22
16.0,65.0,40.46921,-3.68627,4,45.0,2,97,1.38,2,52
17.0,79.0,40.41268157958984,-3.6956748962402335,4,112.0,3,212,3.05,1,237
10.0,44.0,40.53553,-3.70305,4,47.0,1,212,3.12,1,75
13.0,60.0,40.40277,-3.69228,3,23.0,1,18,0.34,1,12
17.0,66.0,40.42335,-3.70385,4,146.0,2,213,3.08,1,74
13.0,59.0,40.4101,-3.72162,4,111.0,4,57,0.82,1,5
17.0,61.0,40.41117,-3.70724,4,124.0,1,171,2.51,2,311
9.0,32.0,40.43579904647209,-3.6106820071736903,4,75.0,2,121,1.73,1,247
17.0,61.0,40.4101,-3.708,4,57.0,15,110,1.58,2,24
17.0,66.0,40.42519,-3.70851,4,99.0,2,47,4.18,2,18
17.0,66.0,40.42279,-3.70803,4,133.0,3,179,2.57,93,73
17.0,66.0,40.42492,-3.70975,4,22.0,2,105,1.51,141,207
17.0,76.0,40.42151,-3.7126,4,162.0,1,56,0.8,73,310
13.0,49.0,40.39814,-3.69978,3,48.0,2,124,1.8,1,295
17.0,66.0,40.42633,-3.70454,4,116.0,3,122,1.78,1,32
17.0,77.0,40.4212,-3.69903,4,121.0,2,239,3.43,141,249
6.0,17.0,40.37553,-3.73742,3,54.0,1,0,0.0,2,364
6.0,39.0,40.3932,-3.72694,4,55.0,7,25,0.36,21,273
16.0,51.0,40.40448,-3.67738,4,134.0,1,47,0.69,1,318
3.0,5.0,40.39443,-3.77361,3,42.0,5,51,0.74,2,206
16.0,66.0,40.44185,-3.66914,3,55.0,1,0,0.0,2,270
17.0,66.0,40.42396,-3.70439,3,82.0,5,120,1.77,3,227
17.0,66.0,40.42103,-3.70356,1,22.0,1,36,0.52,20,110
17.0,66.0,40.42102,-3.70323,3,70.0,1,35,0.5,20,114
17.0,77.0,40.42357,-3.69769,4,130.0,3,124,1.79,7,100
16.0,30.0,40.41111,-3.66305,3,55.0,5,71,1.02,2,69
15.0,39.0,40.43735122680664,-3.71134090423584,3,59.0,1,121,1.74,92,326
17.0,79.0,40.41599,-3.7008,4,117.0,3,198,2.89,66,208
17.0,80.0,40.41634,-3.70713,4,113.0,1,93,1.34,2,276
15.0,39.0,40.43735122680664,-3.71134090423584,3,58.0,1,109,1.57,92,334
15.0,39.0,40.43735122680664,-3.71134090423584,3,59.0,1,182,2.62,92,337
15.0,39.0,40.43735122680664,-3.71134090423584,3,58.0,1,47,0.68,92,348
15.0,39.0,40.43735122680664,-3.71134090423584,3,58.0,1,69,0.99,92,336
17.0,77.0,40.42544,-3.69974,4,124.0,2,32,0.46,18,345
15.0,39.0,40.43735122680664,-3.71134090423584,3,59.0,1,104,1.5,92,334
15.0,39.0,40.43735122680664,-3.71134090423584,3,46.0,1,101,1.45,92,340
15.0,39.0,40.43735122680664,-3.71134090423584,3,63.0,1,83,1.2,92,333
15.0,39.0,40.43735122680664,-3.71134090423584,4,59.0,1,133,1.91,92,347
10.0,47.0,40.4394,-3.64349,3,39.0,2,180,2.62,1,82
15.0,39.0,40.43735122680664,-3.71134090423584,3,58.0,1,108,1.55,92,343
15.0,39.0,40.43735122680664,-3.71134090423584,3,63.0,1,89,1.28,92,348
15.0,39.0,40.43735122680664,-3.71134090423584,3,58.0,1,88,1.27,92,347
15.0,39.0,40.43735122680664,-3.71134090423584,3,59.0,1,96,1.39,92,345
15.0,39.0,40.43735122680664,-3.71134090423584,3,58.0,1,66,0.95,92,352
15.0,39.0,40.43735122680664,-3.71134090423584,3,58.0,1,84,1.21,92,347
14.0,52.0,40.45168,-3.70563,4,73.0,2,132,2.16,1,193
15.0,39.0,40.43581,-3.71166,3,91.0,1,54,0.8,1,318
15.0,39.0,40.43735122680664,-3.71134090423584,3,64.0,1,54,0.78,92,348
17.0,66.0,40.42088,-3.70448,4,96.0,3,211,3.04,2,10
15.0,39.0,40.43735122680664,-3.71134090423584,3,58.0,1,58,0.84,92,346
14.0,65.0,40.46235,-3.69744,4,75.0,3,195,2.82,2,61
15.0,39.0,40.43735122680664,-3.71134090423584,3,55.0,1,72,1.04,92,349
9.0,45.0,40.4491,-3.57707,4,87.0,2,278,4.03,1,280
9.0,32.0,40.434,-3.61289,3,40.0,1,80,1.17,1,304
13.0,49.0,40.3956,-3.69666,3,50.0,1,38,0.55,1,287
17.0,66.0,40.42392,-3.70747,4,55.0,30,92,1.34,1,118
18.0,60.0,40.42447,-3.66846,4,159.0,1,139,2.02,43,281
9.0,31.0,40.44299,-3.63395,3,56.0,1,57,0.83,1,131
17.0,66.0,40.42631,-3.70379,3,115.0,1,265,4.33,5,342
17.0,66.0,40.42648,-3.70434,3,122.0,1,238,3.84,5,356
17.0,66.0,40.42422,-3.70276,3,152.0,1,262,3.9,5,342
17.0,66.0,40.42473,-3.70229,3,70.0,1,249,3.64,5,353
17.0,76.0,40.41269,-3.71508,4,138.0,2,130,1.92,13,17
17.0,79.0,40.41112,-3.695,4,101.0,3,100,1.47,1,238
10.0,53.0,40.4754,-3.70786,4,70.0,6,62,0.9,8,44
17.0,66.0,40.42602441073068,-3.702827508343997,3,41.0,1,173,3.28,1,2
8.0,48.0,40.393593,-3.667731,4,77.0,2,83,1.21,8,159
3.0,29.0,40.41154,-3.73265,3,16.0,15,16,0.32,2,73
17.0,61.0,40.410137132774814,-3.701675183443565,4,105.0,4,43,0.62,2,317
6.0,22.0,40.37369,-3.7516,3,40.0,7,32,0.67,2,161
17.0,61.0,40.40818,-3.70461,4,114.0,1,144,2.13,292,322
17.0,66.0,40.424991607666016,-3.702310085296631,4,162.0,3,8,0.15,75,119
18.0,73.0,40.42827,-3.67919,3,155.0,2,49,0.94,1,357
6.0,42.0,40.39282,-3.71209,3,38.0,2,90,1.31,1,229
10.0,53.0,40.47763,-3.70677,4,152.0,1,31,0.46,3,75
17.0,66.0,40.42832,-3.70524,4,120.0,1,65,0.95,2,317
13.0,59.0,40.41258,-3.71866,4,104.0,15,66,0.97,14,104
17.0,77.0,40.42097,-3.69902,3,120.0,2,216,4.42,4,114
18.0,82.0,40.42853,-3.68604,4,108.0,2,52,0.77,2,272
17.0,76.0,40.41227,-3.70833,4,104.0,2,406,6.31,27,24
17.0,61.0,40.413976933909744,-3.705838976587214,4,71.0,28,25,2.42,3,315
14.0,63.0,40.45244,-3.70134,4,105.0,2,174,2.55,16,49
12.0,54.0,40.48469,-3.66706,4,54.0,30,22,0.35,1,285
8.0,41.0,40.39778,-3.65294,3,36.0,2,97,1.42,1,300
9.0,45.0,40.4485473,-3.5761681,4,122.0,2,9,0.24,1,239
17.0,66.0,40.42072,-3.70555,3,115.0,1,194,2.84,1,9
18.0,82.0,40.42843,-3.68621,4,99.0,1,168,2.49,5,8
17.0,76.0,40.41847,-3.70958,4,105.0,3,64,1.38,2,215
17.0,77.0,40.42207,-3.70019,4,58.0,30,21,0.31,13,178
17.0,61.0,40.40852355957031,-3.7054638862609854,4,143.0,21,2,0.03,1,21
15.0,39.0,40.43735122680664,-3.71134090423584,3,78.0,1,162,2.36,92,352
17.0,80.0,40.41893,-3.70729,4,125.0,3,77,1.12,3,150
15.0,39.0,40.43735122680664,-3.71134090423584,3,38.0,1,140,2.05,92,348
12.0,54.0,40.48766,-3.66551,4,87.0,1,14,0.21,11,156
8.0,10.0,40.379888690024565,-3.667836338281632,3,36.0,5,44,1.19,2,343
8.0,37.0,40.39138,-3.66087,3,34.0,3,225,4.78,1,72
11.0,9.0,40.4659,-3.79099,3,50.0,2,15,0.22,2,291
11.0,47.0,40.4552,-3.77666,3,30.0,3,146,2.13,3,128
9.0,45.0,40.44586,-3.57696,4,84.0,4,99,1.45,1,64
17.0,61.0,40.40852,-3.69275,3,70.0,1,278,4.08,6,182
17.0,66.0,40.4242392168558,-3.700775916407904,4,99.0,5,70,1.61,15,137
16.0,66.0,40.43861,-3.67795,3,61.0,3,19,0.47,1,131
12.0,54.0,40.48787,-3.66657,4,76.0,1,68,1.0,11,151
17.0,66.0,40.4219,-3.70115,4,129.0,2,22,0.36,18,320
12.0,54.0,40.48612,-3.66614,4,79.0,1,46,0.68,11,174
10.0,47.0,40.43893,-3.64568,3,19.0,30,19,0.31,6,229
17.0,61.0,40.40879,-3.7034,4,143.0,20,23,0.34,1,6
13.0,46.0,40.39966,-3.69738,4,89.0,3,155,2.29,66,211
2.0,49.0,40.41025,-3.65033,4,86.0,4,129,1.91,1,261
17.0,66.0,40.42264,-3.70929,4,104.0,28,20,0.29,1,143
17.0,61.0,40.407,-3.70122,4,93.0,3,145,2.51,66,183
6.0,17.0,40.37851,-3.74441,3,55.0,2,4,0.22,11,257
4.0,15.0,40.45179,-3.58533,3,33.0,2,21,0.31,2,66
17.0,76.0,40.41627,-3.70974,4,135.0,20,20,0.52,2,242
17.0,77.0,40.42021,-3.7,4,146.0,1,46,0.68,23,91
15.0,66.0,40.4346549,-3.7046292,4,114.0,1,269,4.25,3,119
13.0,60.0,40.40537,-3.69168,3,64.0,3,7,0.45,5,41
12.0,27.0,40.46339,-3.63191,3,35.0,1,115,1.7,1,178
17.0,77.0,40.42596,-3.6928,4,163.0,2,166,2.45,2,43
17.0,77.0,40.42018,-3.69766,4,135.0,1,222,3.35,141,264
17.0,76.0,40.41913,-3.70854,4,105.0,3,254,3.74,2,88
7.0,21.0,40.38459,-3.60623,4,110.0,3,107,1.65,1,247
11.0,46.0,40.46453,-3.75039,4,100.0,1,0,0.0,5,4
11.0,46.0,40.46465,-3.7482,3,100.0,1,0,0.0,5,3
6.0,32.0,40.38517,-3.70396,4,93.0,3,30,0.44,3,15
17.0,61.0,40.407349,-3.705984,4,45.0,20,106,1.57,1,35
17.0,80.0,40.41687,-3.7057,3,88.0,2,106,2.23,7,265
17.0,80.0,40.41687,-3.7057,3,67.0,2,159,2.36,7,260
17.0,80.0,40.416873931884766,-3.705694913864136,3,67.0,2,112,2.33,7,252
6.0,32.0,40.38495,-3.70332,4,62.0,2,34,1.55,3,35
15.0,64.0,40.43448,-3.70358,4,112.0,1,80,1.19,1,296
10.0,61.0,40.44275,-3.64035,4,145.0,1,9,0.13,72,112
17.0,61.0,40.41027,-3.70905,4,55.0,28,16,0.35,2,268
18.0,73.0,40.42766,-3.67337,3,38.0,3,202,3.01,3,219
10.0,53.0,40.47754,-3.7116,3,50.0,1,0,0.0,1,89
17.0,76.0,40.41023,-3.70993,4,58.0,3,149,3.4,3,189
14.0,63.0,40.45277,-3.70131,3,50.0,2,159,2.35,1,2
16.0,65.0,40.4719,-3.68566,4,110.0,1,21,0.32,54,356
18.0,83.0,40.42969,-3.68397,4,126.0,1,80,1.53,5,8
3.0,12.0,40.39075,-3.7558,3,38.0,1,19,0.28,2,236
6.0,32.0,40.38529,-3.69897,4,135.0,3,91,1.46,66,218
12.0,54.0,40.502710218604285,-3.6512264097288,4,61.0,6,49,0.73,1,194
17.0,76.0,40.41079,-3.71303,4,150.0,4,109,2.67,62,198
17.0,79.0,40.41446,-3.70367,4,157.0,30,93,1.86,62,365
8.0,41.0,40.39993667602539,-3.663764953613281,4,150.0,1,45,0.7,36,324
8.0,41.0,40.39993667602539,-3.663764953613281,4,159.0,1,34,0.53,36,354
8.0,41.0,40.39993667602539,-3.663764953613281,4,143.0,1,87,1.35,36,356
17.0,66.0,40.42228,-3.70098,4,152.0,1,61,1.25,8,161
17.0,80.0,40.41501,-3.70528,4,150.0,1,215,3.19,14,118
10.0,61.0,40.4333861,-3.6558211,3,44.0,2,28,1.84,1,6
17.0,61.0,40.4074821472168,-3.7041640281677246,3,45.0,1,213,3.48,1,226
14.0,50.0,40.46143,-3.70529,3,43.0,28,0,0.0,1,267
6.0,17.0,40.386,-3.72935,3,39.0,1,0,0.0,1,179
17.0,61.0,40.4121,-3.70715,4,131.0,1,125,2.13,26,148
13.0,55.0,40.39962,-3.70265,4,99.0,3,111,2.07,1,273
16.0,66.0,40.4419,-3.6726,4,150.0,3,149,2.37,1,243
15.0,67.0,40.44074,-3.69183,4,130.0,1,10,0.16,20,218
17.0,76.0,40.41146,-3.7085,4,124.0,3,168,3.56,66,216
17.0,61.0,40.40933,-3.70886,4,135.0,1,175,2.8,1,322
17.0,80.0,40.41455,-3.70493,4,102.0,5,126,2.77,15,226
17.0,61.0,40.4104,-3.69791,4,73.0,3,0,0.0,1,40
17.0,77.0,40.42833,-3.7017,4,119.0,4,31,0.61,1,235
12.0,54.0,40.46123,-3.62477,3,85.0,1,31,0.59,1,80
3.0,29.0,40.41266,-3.7294,4,114.0,2,252,4.62,5,168
3.0,29.0,40.40704,-3.73784,4,127.0,10,96,1.52,14,241
17.0,66.0,40.420708,-3.702295,3,70.0,1,94,1.73,31,142
17.0,61.0,40.40803250547744,-3.704009979044124,4,83.0,4,69,1.11,1,302
17.0,77.0,40.42505,-3.69217,4,115.0,1,35,0.7,10,3
10.0,47.0,40.43484,-3.64511,3,37.0,2,82,4.21,2,54
6.0,17.0,40.38264,-3.73038,3,35.0,1,0,0.0,1,89
18.0,68.0,40.42893,-3.67133,3,38.0,3,193,3.15,3,232
8.0,37.0,40.39228,-3.66344,4,156.0,1,17,0.28,36,342
17.0,61.0,40.40982,-3.69839,4,121.0,3,212,3.36,1,223
13.0,46.0,40.39739,-3.69554,4,116.0,2,71,1.99,2,290
17.0,66.0,40.42046,-3.70357,3,141.0,1,5,0.14,13,266
17.0,61.0,40.41228103637695,-3.707407951354981,4,158.0,1,213,3.43,1,323
16.0,66.0,40.4464,-3.66415,4,162.0,30,1,0.59,3,268
12.0,27.0,40.4585020710139,-3.647410385476261,4,154.0,20,4,0.1,1,335
17.0,66.0,40.42908,-3.70256,4,149.0,1,128,2.73,6,199
17.0,66.0,40.42715,-3.70279,4,155.0,1,122,3.61,6,195
15.0,64.0,40.42921,-3.70253,4,115.0,1,177,2.79,6,119
17.0,66.0,40.42915,-3.70412,4,124.0,2,104,1.65,6,214
17.0,66.0,40.42729,-3.70306,4,126.0,1,145,3.78,6,170
17.0,66.0,40.4274,-3.70306,4,100.0,1,197,3.11,6,6
17.0,66.0,40.42313,-3.70638,4,147.0,5,22,0.56,21,35
14.0,63.0,40.44905,-3.7008,4,88.0,30,6,0.14,10,224
17.0,61.0,40.41095,-3.69686,4,124.0,1,240,3.69,1,331
6.0,28.0,40.38739,-3.70264,3,26.0,2,0,0.0,1,349
17.0,76.0,40.41286,-3.70982,4,137.0,4,20,0.35,75,292
17.0,61.0,40.41025,-3.69717,4,135.0,2,165,6.79,1,253
15.0,64.0,40.4355,-3.69928,3,76.0,1,28,0.61,1,158
17.0,80.0,40.41492,-3.70576,3,52.0,7,41,0.67,7,42
17.0,61.0,40.41377,-3.70598,3,34.0,7,110,2.39,7,43
17.0,61.0,40.4131,-3.7055,3,44.0,7,57,0.91,7,54
17.0,61.0,40.41087,-3.70228,4,72.0,3,72,1.36,2,37
14.0,50.0,40.46334,-3.70474,4,92.0,2,61,0.99,9,84
18.0,68.0,40.42914,-3.67084,4,159.0,20,32,0.79,2,4
10.0,14.0,40.47913,-3.70048,3,30.0,5,29,0.49,2,256
10.0,14.0,40.47856,-3.6987,3,46.0,4,21,0.35,2,304
15.0,69.0,40.4374232905389,-3.6981396542746015,3,80.0,4,143,3.19,4,225
17.0,61.0,40.41124,-3.70547,4,152.0,30,19,0.34,1,275
17.0,61.0,40.41237,-3.7065,4,110.0,2,99,1.54,1,308
17.0,80.0,40.41701962269111,-3.708143803699468,4,140.0,4,98,1.74,7,165
17.0,61.0,40.40829,-3.70564,4,143.0,3,161,2.8,66,233
12.0,27.0,40.46075,-3.65472,3,100.0,1,20,0.31,8,364
17.0,79.0,40.41615,-3.69918,4,123.0,1,190,3.34,26,97
16.0,84.0,40.46262,-3.68055,4,80.0,30,30,0.49,6,165
12.0,61.0,40.47612,-3.64705,3,25.0,2,89,2.01,1,43
16.0,84.0,40.46233,-3.68265,4,98.0,30,33,0.52,6,287
16.0,59.0,40.446621878176046,-3.672380620907687,4,80.0,30,5,0.82,6,332
16.0,65.0,40.46746,-3.68563,4,121.0,30,31,0.49,6,260
16.0,65.0,40.46882,-3.68629,4,72.0,30,43,0.68,6,278
17.0,61.0,40.40954,-3.70738,4,99.0,2,366,5.96,27,14
8.0,41.0,40.39182,-3.65476,3,30.0,2,58,1.5,1,71
14.0,63.0,40.45275,-3.69547,4,139.0,3,56,0.89,75,117
12.0,27.0,40.46242,-3.65461,3,100.0,1,29,0.55,8,85
16.0,30.0,40.41074,-3.66419,3,62.0,5,98,1.57,2,85
17.0,77.0,40.42502975463867,-3.700781106948853,4,164.0,1,174,2.88,65,300
3.0,26.0,40.40471,-3.74274,4,65.0,2,262,4.91,1,105
17.0,76.0,40.42073,-3.7091,4,159.0,3,241,3.81,1,32
8.0,48.0,40.3924,-3.66753,4,90.0,1,52,0.91,8,282
8.0,48.0,40.39462,-3.66802,4,96.0,2,27,0.48,8,310
8.0,48.0,40.393585,-3.667731,4,89.0,2,60,0.94,8,249
17.0,66.0,40.42014,-3.70195,4,143.0,3,196,3.16,18,305
5.0,44.0,40.333435,-3.702781,4,76.0,3,37,0.75,19,79
15.0,64.0,40.42928,-3.70268,3,150.0,10,0,0.0,1,83
16.0,70.0,40.41954591948377,-3.675067276312322,4,62.0,3,327,5.16,8,296
16.0,70.0,40.4207315,-3.6746732,4,62.0,2,218,3.44,8,313
17.0,66.0,40.4235,-3.70904,4,132.0,3,214,3.95,5,272
6.0,28.0,40.38921,-3.70533,3,28.0,2,31,0.74,1,311
15.0,39.0,40.43659,-3.71217,4,129.0,1,17,0.28,1,314
17.0,79.0,40.41648,-3.7002,4,142.0,4,204,3.44,28,281
18.0,60.0,40.4283,-3.66403,4,126.0,2,283,4.48,1,67
17.0,77.0,40.42416,-3.69866,4,156.0,5,30,0.47,11,151
17.0,80.0,40.41701,-3.70711,4,120.0,30,90,1.6,3,23
17.0,80.0,40.41673,-3.70335,4,93.0,1,224,4.01,3,221
17.0,66.0,40.42347,-3.70082,3,40.0,1,379,6.07,1,72
17.0,76.0,40.41025,-3.70971,4,90.0,30,16,0.27,3,252
8.0,48.0,40.39644,-3.66588,4,86.0,2,134,2.71,4,68
17.0,79.0,40.41514,-3.69917,4,118.0,1,256,4.31,26,134
13.0,46.0,40.39628,-3.68978,3,94.0,1,83,1.33,19,305
13.0,46.0,40.39656,-3.69145,3,94.0,1,39,0.63,19,306
13.0,46.0,40.39638,-3.68972,3,94.0,1,44,0.7,19,309
17.0,76.0,40.41294,-3.70759,4,122.0,1,315,5.31,26,71
17.0,80.0,40.41681,-3.70201,4,143.0,1,270,4.36,14,123
15.0,69.0,40.43505,-3.69588,4,105.0,3,4,0.8,1,23
17.0,61.0,40.4082,-3.70922,4,99.0,2,321,5.13,27,20
17.0,61.0,40.40845,-3.70832,4,101.0,2,322,5.16,27,22
18.0,63.0,40.43196,-3.66569,4,99.0,2,377,6.18,2,139
18.0,83.0,40.42992839956423,-3.684068797129104,4,122.0,1,112,1.81,5,15
17.0,76.0,40.41096,-3.71225,4,55.0,30,67,1.2,2,309
17.0,66.0,40.42456,-3.7031,4,119.0,2,181,3.48,3,245
17.0,76.0,40.40953,-3.70983,4,108.0,1,131,2.18,1,340
17.0,61.0,40.40906,-3.70923,4,96.0,2,348,5.67,27,25
17.0,80.0,40.416531,-3.701728,3,63.0,1,70,1.24,6,337
17.0,80.0,40.416531,-3.701728,3,82.0,1,17,0.35,6,294
17.0,76.0,40.40973,-3.71008,4,106.0,5,83,1.69,7,337
17.0,66.0,40.4241,-3.70401,3,74.0,2,60,1.54,2,318
17.0,66.0,40.42179,-3.70747,3,33.0,1,426,7.39,19,247
17.0,66.0,40.42239761352539,-3.706736087799072,3,31.0,1,413,7.49,19,285
17.0,66.0,40.42239761352539,-3.706736087799072,3,33.0,1,410,8.27,19,265
17.0,66.0,40.42239761352539,-3.706736087799072,3,30.0,1,376,7.05,19,300
17.0,66.0,40.42094,-3.70638,4,152.0,1,50,0.85,1,260
13.0,49.0,40.3941,-3.69585,4,118.0,1,35,0.57,1,327
17.0,61.0,40.41299,-3.70714,4,153.0,30,70,1.16,1,130
17.0,66.0,40.42104,-3.70218,3,100.0,1,776,13.33,5,125
17.0,61.0,40.409,-3.70264,4,92.0,2,230,3.71,51,333
17.0,66.0,40.42104,-3.702181,3,117.0,1,102,1.82,5,128
17.0,79.0,40.41511,-3.70225,4,144.0,5,229,4.19,28,284
17.0,66.0,40.42104,-3.70218,3,95.0,1,67,1.14,5,132
17.0,66.0,40.42104,-3.70218,3,106.0,1,27,0.55,5,129
10.0,45.0,40.4806,-3.71721,3,38.0,3,81,1.33,1,319
18.0,63.0,40.43184,-3.66583,4,124.0,2,329,5.34,2,260
17.0,76.0,40.41146,-3.71064,4,132.0,1,122,2.0,4,128
17.0,61.0,40.40984,-3.70935,3,70.0,2,43,0.77,1,179
17.0,76.0,40.42153,-3.71256,4,109.0,6,120,2.31,5,242
14.0,65.0,40.45771,-3.69974,4,114.0,2,33,0.55,18,254
14.0,65.0,40.45755,-3.69869,4,143.0,2,50,0.83,18,297
11.0,70.0,40.43213,-3.71904,4,106.0,2,208,3.41,2,221
14.0,50.0,40.4571,-3.7052,3,47.0,1,103,1.68,1,193
17.0,80.0,40.41980743408203,-3.706109046936035,4,120.0,3,52,1.34,8,305
17.0,61.0,40.40625,-3.69846,3,37.0,2,276,5.57,1,304
14.0,65.0,40.45795,-3.69822,4,135.0,2,36,0.6,18,297
12.0,54.0,40.48781,-3.66702,4,79.0,1,18,0.38,11,182
10.0,45.0,40.42955,-3.64763,3,26.0,2,255,4.17,2,98
13.0,46.0,40.39941,-3.69525,4,98.0,2,186,3.06,141,280
13.0,60.0,40.40437,-3.69661,4,126.0,1,80,1.59,292,28
14.0,57.0,40.4655,-3.69765,3,35.0,1,51,0.84,1,223
17.0,80.0,40.419338,-3.704079,4,128.0,3,23,0.63,1,6
14.0,65.0,40.45924,-3.6984,4,106.0,2,20,0.33,18,297
14.0,65.0,40.45823,-3.70011,4,102.0,2,9,0.19,18,297
14.0,65.0,40.45938,-3.69846,4,102.0,2,266,4.41,18,297
14.0,50.0,40.45973,-3.69983,4,102.0,2,32,0.55,18,297
14.0,65.0,40.45768,-3.69868,4,161.0,2,9,0.27,18,51
3.0,5.0,40.39294,-3.77338,3,45.0,2,4,0.07,3,38
14.0,65.0,40.45755,-3.6999,4,102.0,2,88,1.44,18,295
17.0,61.0,40.40748,-3.70417,3,43.0,1,319,6.54,1,42
18.0,83.0,40.43226,-3.68539,4,155.0,4,0,0.0,1,343
17.0,77.0,40.42355,-3.69191,4,145.0,2,65,1.14,2,4
14.0,50.0,40.458733,-3.704015,4,75.0,2,89,1.46,1,249
5.0,35.0,40.35204,-3.68395,3,26.0,3,14,0.24,3,106
13.0,55.0,40.40030953110632,-3.706140749703141,3,100.0,1,1,0.1,1,365
17.0,80.0,40.41939,-3.70047,4,135.0,1,32,0.59,4,63
14.0,52.0,40.45325,-3.70409,4,157.0,2,182,3.04,1,193
15.0,66.0,40.43831,-3.71011,4,129.0,7,0,0.0,36,77
17.0,61.0,40.40912,-3.70712,4,116.0,2,287,4.73,27,16
10.0,45.0,40.42955,-3.64763,3,21.0,2,282,4.67,2,92
14.0,50.0,40.45922,-3.70042,4,102.0,2,12,0.3,18,297
17.0,80.0,40.41933,-3.70221,4,131.0,2,73,1.88,22,203
17.0,76.0,40.41221,-3.71201,4,84.0,28,57,0.95,14,363
14.0,63.0,40.44726,-3.7006,4,133.0,1,128,2.12,8,96
17.0,66.0,40.42412691244444,-3.7073689812964568,4,57.0,1,18,0.3,2,147
10.0,36.0,40.49076,-3.6909,4,144.0,1,73,1.25,8,105
14.0,71.0,40.4738,-3.69083,4,134.0,3,68,1.15,1,296
17.0,66.0,40.42609,-3.70593,4,86.0,1,9,0.16,4,110
17.0,66.0,40.42597,-3.70513,4,74.0,1,26,0.43,2,335
17.0,61.0,40.40949,-3.70942,4,99.0,2,337,5.57,27,22
17.0,79.0,40.41593,-3.70066,4,93.0,1,273,4.51,5,171
4.0,57.0,40.47163,-3.58304,3,33.0,1,175,5.05,3,2
3.0,5.0,40.39315,-3.77511,3,41.0,2,39,3.35,3,347
17.0,61.0,40.41035613324373,-3.7028369174503535,3,108.0,1,161,2.81,6,330
17.0,61.0,40.40763,-3.70775,4,99.0,2,257,4.28,27,26
17.0,61.0,40.41268,-3.70724,4,130.0,1,139,2.33,26,138
17.0,80.0,40.42008,-3.70564,4,164.0,2,80,1.35,13,51
5.0,3.0,40.35114,-3.69714,3,17.0,2,141,3.93,1,7
16.0,84.0,40.46246,-3.68108,4,109.0,7,19,0.36,25,280
17.0,77.0,40.42109,-3.69958,3,70.0,15,1,0.19,6,365
17.0,80.0,40.41748,-3.708551,3,141.0,1,124,2.08,13,346
11.0,70.0,40.42609,-3.7165,3,88.0,30,43,0.98,2,297
17.0,79.0,40.41149,-3.69697,4,143.0,2,181,3.08,1,224
8.0,48.0,40.3907,-3.66922,3,22.0,28,54,1.06,1,173
17.0,61.0,40.40671,-3.70879,4,96.0,30,135,2.36,1,185
8.0,41.0,40.39797,-3.65828,3,33.0,1,22,3.13,1,96
17.0,61.0,40.40824,-3.70943,4,96.0,2,305,5.16,27,25
17.0,61.0,40.40909,-3.7091,4,99.0,2,280,4.75,27,21
17.0,61.0,40.40822,-3.70308,4,63.0,3,230,3.95,2,67
6.0,39.0,40.39612,-3.73546,4,83.0,2,151,2.56,1,64
17.0,66.0,40.4223,-3.7017,4,120.0,20,76,1.39,2,344
9.0,45.0,40.44631530651414,-3.5965633392333984,3,40.0,2,10,0.59,1,350
6.0,25.0,40.38775,-3.73564,4,78.0,2,122,2.08,2,7
6.0,25.0,40.38769,-3.73796,4,80.0,2,151,2.61,2,68
18.0,82.0,40.42337,-3.68966,4,145.0,2,75,1.36,2,139
6.0,42.0,40.39214,-3.71249,4,78.0,2,143,2.5,5,64
6.0,42.0,40.39276,-3.71096,4,78.0,2,151,2.6,5,48
6.0,42.0,40.39258,-3.71057,4,78.0,2,186,3.2,5,58
6.0,42.0,40.39276,-3.71167,4,85.0,2,174,3.04,5,71
17.0,61.0,40.41126,-3.70409,1,34.0,1,930,15.92,6,355
17.0,76.0,40.42155,-3.70863,4,61.0,1,594,10.12,21,278
17.0,66.0,40.42385,-3.70159,3,105.0,1,1,0.25,3,347
17.0,66.0,40.42321,-3.70192,3,70.0,1,2,0.04,3,335
17.0,77.0,40.4242,-3.69972,3,70.0,1,0,0.0,1,315
17.0,61.0,40.41126,-3.70409,1,41.0,1,285,5.28,6,348
17.0,61.0,40.41126,-3.70409,3,92.0,1,140,2.86,6,262
3.0,10.0,40.38188,-3.78224,4,110.0,4,40,1.06,1,220
17.0,66.0,40.4261,-3.70226,4,120.0,1,12,0.25,8,112
9.0,24.0,40.43496,-3.62065,4,92.0,2,163,3.36,4,177
9.0,32.0,40.43316,-3.61962,4,76.0,2,141,2.57,4,190
16.0,66.0,40.44447,-3.67194,4,117.0,3,48,0.86,1,144
13.0,60.0,40.40633,-3.69376,4,71.0,1,418,7.19,10,139
13.0,60.0,40.40635,-3.6956,4,60.0,1,435,7.73,10,125
13.0,60.0,40.406,-3.69369,4,60.0,1,493,8.49,10,105
13.0,60.0,40.40602,-3.69572,4,73.0,1,467,8.04,10,88
10.0,61.0,40.43515,-3.6575,3,25.0,3,81,1.41,1,9
17.0,66.0,40.42236709594727,-3.7067909240722656,3,33.0,1,195,7.83,19,303
16.0,66.0,40.44303317756781,-3.6728070119968512,3,34.0,21,5,0.09,1,94
17.0,76.0,40.40888,-3.71196,4,88.0,3,67,1.16,23,335
17.0,66.0,40.42707,-3.70518,4,145.0,3,111,1.93,7,314
10.0,62.0,40.46834,-3.6651,4,68.0,1,87,1.54,181,312
10.0,53.0,40.47552,-3.71505,4,80.0,1,115,1.99,1,228
6.0,17.0,40.38525,-3.73389,4,79.0,2,66,1.14,14,14
6.0,17.0,40.38557,-3.73213,4,75.0,2,173,3.1,14,23
17.0,80.0,40.41538,-3.70646,4,107.0,1,177,3.24,292,294
17.0,76.0,40.4211,-3.71166,3,78.0,3,267,4.75,1,249
11.0,70.0,40.43213,-3.71904,4,152.0,2,278,4.86,2,209
17.0,66.0,40.42334,-3.71002,4,125.0,30,24,0.42,1,184
6.0,39.0,40.39284,-3.72682,4,55.0,7,22,0.46,21,197
8.0,48.0,40.39464,-3.66496,4,95.0,2,38,0.66,9,88
17.0,76.0,40.41504,-3.70988,4,152.0,1,520,9.09,12,137
17.0,76.0,40.41455,-3.71026,4,131.0,1,474,8.32,12,129
17.0,76.0,40.41456,-3.70863,4,129.0,1,562,9.82,8,130
17.0,76.0,40.41594,-3.71035,4,114.0,1,579,10.15,12,130
17.0,76.0,40.41544,-3.71033,4,113.0,1,507,8.84,12,112
15.0,39.0,40.43608,-3.71254,4,134.0,2,27,0.53,1,239
17.0,80.0,40.418975830078125,-3.7023110389709473,4,164.0,3,357,6.26,5,208
17.0,66.0,40.42242,-3.70748,4,73.0,3,291,5.11,9,121
10.0,35.0,40.44695,-3.64646,4,73.0,1,95,1.68,292,293
5.0,35.0,40.35319,-3.68541,3,44.0,5,4,0.07,3,179
17.0,80.0,40.41861724853516,-3.702181100845337,4,145.0,3,231,4.58,5,202
7.0,33.0,40.37577,-3.62203,3,60.0,1,0,0.0,2,363
7.0,33.0,40.368,-3.59248,3,34.5,1,0,0.0,2,363
16.0,51.0,40.40386,-3.67491,4,114.0,1,170,3.32,181,218
15.0,39.0,40.43291,-3.7161,4,56.0,2,41,0.89,14,23
13.0,55.0,40.4023,-3.7057,3,58.0,2,49,1.5,1,341
14.0,63.0,40.447,-3.70204,4,144.0,1,38,0.95,8,105
14.0,52.0,40.44917,-3.70859,4,154.0,10,10,0.25,20,358
8.0,12.0,40.38969,-3.65237,3,25.0,30,77,1.38,7,330
17.0,61.0,40.40908,-3.70009,4,120.0,3,2,0.14,3,5
10.0,47.0,40.43743,-3.64275,4,89.0,3,146,2.64,3,234
18.0,63.0,40.44273,-3.66197,4,131.0,1,33,0.61,334,337
17.0,77.0,40.42114,-3.70038,4,160.0,1,31,0.65,334,296
17.0,79.0,40.41349,-3.69755,4,118.0,1,91,1.85,334,329
17.0,61.0,40.41266,-3.70326,4,143.0,1,72,1.37,334,10
18.0,73.0,40.42604,-3.66881,4,106.0,1,104,1.88,334,335
15.0,64.0,40.43433,-3.70231,4,159.0,1,45,0.83,334,309
15.0,64.0,40.43421,-3.7017,4,159.0,1,56,1.0,334,326
15.0,64.0,40.43591,-3.70092,4,139.0,1,35,0.64,334,322
6.0,17.0,40.37671,-3.74656,3,55.0,1,11,0.2,11,206
6.0,17.0,40.37637,-3.74448,3,39.0,2,36,0.66,11,18
6.0,28.0,40.38745,-3.70138,4,110.0,2,147,2.63,6,78
6.0,28.0,40.38924,-3.70125,4,80.0,2,137,2.45,6,61
6.0,28.0,40.38922,-3.69994,4,115.0,2,147,2.67,6,69
6.0,28.0,40.38878,-3.70121,4,80.0,2,135,2.41,6,54
6.0,28.0,40.387,-3.70146,4,115.0,2,170,3.03,6,79
18.0,73.0,40.4242,-3.67468,4,159.0,30,29,0.59,29,17
17.0,79.0,40.4161,-3.70046,4,122.0,1,216,3.85,5,42
13.0,59.0,40.41284,-3.71866,4,109.0,1,102,1.86,9,75
10.0,41.0,40.43292,-3.63716,4,63.0,3,60,1.11,3,128
17.0,77.0,40.42756,-3.70106,4,91.0,4,222,4.03,4,37
16.0,70.0,40.41697,-3.67764,4,155.0,29,17,0.31,29,55
17.0,61.0,40.40833,-3.70322,4,108.0,1,456,8.2,12,132
17.0,61.0,40.40724,-3.70465,4,107.0,1,497,8.9,8,115
17.0,61.0,40.40692,-3.70325,4,112.0,1,478,8.57,12,133
17.0,61.0,40.40866,-3.70512,4,116.0,1,491,8.82,12,129
15.0,69.0,40.42866,-3.69441,4,120.0,10,150,2.8,15,291
15.0,64.0,40.43367,-3.70312,3,21.0,25,61,1.12,6,284
17.0,76.0,40.41498,-3.71063,4,147.0,3,81,1.68,1,176
18.0,83.0,40.43363026476331,-3.684870472524756,3,55.0,2,291,5.65,1,12
15.0,69.0,40.42866134643555,-3.694408893585205,4,141.0,10,29,1.4,15,172
17.0,66.0,40.42481,-3.70294,4,100.0,2,223,4.08,141,275
18.0,82.0,40.42776,-3.68425,4,115.0,1,84,1.63,5,15
17.0,61.0,40.41259,-3.70135,4,70.0,21,28,0.63,1,144
3.0,29.0,40.40603,-3.73987,4,117.0,1,151,2.75,1,57
6.0,28.0,40.38738,-3.7013,4,80.0,2,156,2.85,6,68
16.0,70.0,40.418,-3.67617,3,29.0,30,309,5.91,4,124
17.0,66.0,40.42242,-3.70748,4,136.0,3,279,5.01,9,200
9.0,45.0,40.44098,-3.57049,4,160.0,1,0,0.0,1,365
17.0,76.0,40.41113,-3.71249,4,112.0,1,77,1.41,2,156
17.0,66.0,40.42189,-3.70388,3,60.0,1,98,1.86,20,20
14.0,50.0,40.46041,-3.70839,4,122.0,1,364,6.58,18,200
13.0,55.0,40.40041,-3.70485,3,55.0,2,87,1.57,2,44
7.0,33.0,40.368,-3.62131,4,73.0,4,40,1.2,2,295
17.0,66.0,40.42177,-3.70549,4,105.0,2,270,4.9,1,52
13.0,60.0,40.40451,-3.69701,4,100.0,1,27,0.81,54,333
16.0,73.0,40.4077110656519,-3.688086981759221,4,158.0,1,180,3.27,43,249
8.0,48.0,40.39712524414063,-3.668958902359009,4,159.0,1,89,1.79,36,360
17.0,61.0,40.41147,-3.7069,3,51.0,30,109,1.98,1,296
16.0,70.0,40.41706,-3.67445,3,24.0,4,5,0.14,4,235
13.0,49.0,40.3974,-3.69897,4,100.0,2,7,0.13,6,256
17.0,80.0,40.41574,-3.70638,4,115.0,1,114,2.07,1,314
17.0,76.0,40.41647,-3.71045,4,85.0,1,52,0.95,1,75
13.0,46.0,40.39426,-3.69416,3,20.0,15,22,0.41,1,60
13.0,46.0,40.392754,-3.694537,4,60.0,10,60,1.17,6,58
17.0,61.0,40.40986,-3.70334,4,135.0,1,317,5.79,2,108
13.0,60.0,40.40385,-3.69334,4,111.0,3,10,0.28,1,181
17.0,66.0,40.4239,-3.7046,4,146.0,25,55,1.53,2,349
3.0,12.0,40.3871,-3.76174,4,65.0,2,50,0.92,1,24
17.0,80.0,40.41585,-3.7048,3,162.0,1,76,1.39,12,363
17.0,61.0,40.41257,-3.70426,3,56.0,1,3,0.08,8,333
17.0,66.0,40.42104,-3.702181,3,95.0,1,80,1.47,5,108
17.0,77.0,40.42449,-3.69627,4,94.0,2,188,3.46,5,149
11.0,15.0,40.45847,-3.7114,4,114.0,2,22,0.49,2,241
8.0,10.0,40.37094,-3.65958,3,41.0,1,166,3.04,3,114
13.0,60.0,40.4011,-3.69114,3,52.0,2,316,5.79,3,45
8.0,41.0,40.39853,-3.6684,3,65.0,1,292,5.72,2,32
12.0,54.0,40.48726,-3.66424,4,104.0,1,8,0.15,11,185
18.0,82.0,40.42386,-3.68834,4,158.0,3,260,4.82,25,50
7.0,33.0,40.36784,-3.60259,3,43.0,1,159,5.19,1,213
16.0,73.0,40.41514,-3.68907,4,128.0,1,45,0.84,334,272
6.0,17.0,40.37837,-3.74624,3,39.0,2,28,0.56,11,18
18.0,60.0,40.42625,-3.66363,3,36.0,2,109,2.27,3,323
17.0,66.0,40.42121,-3.70502,3,70.0,1,71,1.38,20,106
6.0,28.0,40.38931,-3.70128,4,129.0,2,17,0.32,3,148
6.0,28.0,40.39264,-3.70619,3,29.0,3,85,1.74,1,224
12.0,27.0,40.46536,-3.62961,3,50.0,2,131,4.72,1,1
13.0,60.0,40.40268,-3.68898,4,105.0,10,79,1.49,14,108
18.0,82.0,40.42252,-3.68986,4,126.0,3,150,2.78,25,52
6.0,32.0,40.38786,-3.69988,4,115.0,2,25,0.52,3,167
6.0,28.0,40.38715,-3.70258,4,124.0,2,42,0.83,3,157
3.0,29.0,40.41176,-3.72789,3,49.0,2,110,2.08,1,136
16.0,70.0,40.419,-3.67567,3,42.0,2,128,2.39,2,206
6.0,25.0,40.3896,-3.73461,4,78.0,3,79,1.53,5,326
17.0,79.0,40.41634,-3.70007,4,147.0,1,35,0.71,334,306
6.0,39.0,40.39101,-3.73534,4,90.0,3,29,0.57,5,305
3.0,29.0,40.40568,-3.73914,3,41.0,5,79,1.67,2,267
10.0,45.0,40.432040358890674,-3.650076402686491,4,135.0,2,109,4.96,2,161
15.0,67.0,40.44004,-3.69903,4,140.0,1,483,9.12,2,319
15.0,64.0,40.43187,-3.70067,4,154.0,5,15,0.33,1,19
16.0,51.0,40.40665,-3.68802,4,68.0,2,90,1.69,1,272
17.0,61.0,40.41262,-3.70333,4,106.0,2,341,6.37,5,5
17.0,66.0,40.42108,-3.70179,3,69.0,1,10,0.25,5,51
15.0,70.0,40.44006,-3.7103,4,142.0,3,171,3.37,1,46
15.0,66.0,40.43837,-3.71016,4,158.0,3,152,2.96,2,49
16.0,70.0,40.42117,-3.67892,4,145.0,2,102,1.9,1,349
17.0,66.0,40.42309,-3.70193,3,70.0,1,84,1.56,5,69
17.0,77.0,40.42135,-3.70057,3,70.0,1,20,0.37,5,46
17.0,79.0,40.41437,-3.70016,4,135.0,1,469,8.97,4,28
16.0,51.0,40.40178,-3.67545,4,115.0,3,54,1.04,43,325
8.0,37.0,40.38096,-3.65777,3,25.0,6,60,1.25,2,315
17.0,66.0,40.42109966029311,-3.7044377235094816,1,19.0,1,147,2.92,20,106
12.0,54.0,40.48479,-3.67062,4,130.0,7,43,0.82,1,344
18.0,63.0,40.44318,-3.66422,4,120.0,1,37,0.7,334,334
17.0,61.0,40.40868,-3.70925,4,98.0,2,281,5.33,27,17
17.0,61.0,40.40762,-3.70871,4,99.0,2,291,5.48,27,23
17.0,61.0,40.40758,-3.70863,4,99.0,2,291,5.47,27,22
18.0,63.0,40.438362,-3.672485,4,97.0,1,18,0.35,1,42
16.0,66.0,40.44526,-3.66394,4,90.0,30,7,0.14,3,187
15.0,70.0,40.44023,-3.70994,4,138.0,3,142,2.74,2,55
17.0,79.0,40.41594,-3.69783,4,136.0,30,45,0.88,28,269
16.0,80.0,40.39921,-3.67305,4,115.0,15,45,1.57,1,80
17.0,76.0,40.41269,-3.7097,4,101.0,7,27,0.51,4,182
15.0,66.0,40.432449,-3.71014,4,117.0,10,46,0.88,15,79
6.0,32.0,40.38628,-3.70095,4,93.0,1,26,0.52,334,337
10.0,81.0,40.46101,-3.66232,4,154.0,7,5,0.13,25,243
15.0,64.0,40.43427,-3.69939,4,137.0,1,35,0.68,1,15
17.0,77.0,40.42642152278147,-3.6999314607798657,4,87.0,3,234,4.44,4,100
17.0,61.0,40.41282,-3.70387,4,143.0,1,53,1.0,334,10
17.0,61.0,40.41213,-3.70334,4,143.0,1,49,0.96,334,6
17.0,79.0,40.41907,-3.69948,3,163.0,1,8,0.18,5,334
17.0,80.0,40.41901,-3.70135,3,70.0,1,11,0.21,5,312
17.0,79.0,40.41934,-3.69912,3,70.0,1,3,0.08,5,348
17.0,77.0,40.4207,-3.69939,3,96.0,1,3,0.11,5,288
18.0,68.0,40.43052,-3.6782,4,98.0,1,158,2.99,1,241
18.0,63.0,40.43033,-3.66683,4,110.0,1,21,0.42,334,305
16.0,80.0,40.40292,-3.6697,4,99.0,7,9,0.22,25,259
10.0,81.0,40.46167,-3.66007,4,154.0,7,18,0.36,25,241
16.0,80.0,40.40256,-3.66812,4,99.0,7,60,1.27,25,270
16.0,80.0,40.40082,-3.66813,4,115.0,7,3,0.07,25,250
10.0,81.0,40.46205,-3.6604,4,121.0,7,15,0.31,25,280
16.0,80.0,40.40077,-3.66925,4,115.0,7,13,0.28,25,332
16.0,80.0,40.40277,-3.66937,4,138.0,7,11,0.21,25,281
15.0,70.0,40.446775693388425,-3.706104235820551,4,96.0,3,37,1.49,2,59
18.0,63.0,40.43871,-3.67406,4,131.0,1,23,0.47,334,338
17.0,76.0,40.41958,-3.70959,3,79.0,3,153,3.19,2,320
3.0,5.0,40.3954542318828,-3.774514106161004,3,39.0,2,1,0.14,3,364
14.0,57.0,40.46458,-3.69601,4,119.0,1,312,5.96,18,244
15.0,66.0,40.43493,-3.70577,4,109.0,2,59,1.13,1,18
17.0,61.0,40.41065,-3.70079,4,119.0,2,148,2.88,1,24
17.0,77.0,40.42755508422852,-3.701056957244873,4,124.0,3,188,3.57,4,118
14.0,57.0,40.46819,-3.70626,3,60.0,3,55,1.07,1,351
14.0,57.0,40.46458435058594,-3.6960060596466064,4,109.0,1,295,5.64,18,256
17.0,79.0,40.41656,-3.69817,4,140.0,1,181,3.46,5,87
17.0,76.0,40.41036,-3.7107,4,76.0,30,56,1.16,1,199
17.0,61.0,40.40652,-3.70233,3,15.0,10,22,0.43,6,176
17.0,61.0,40.41238,-3.70207,4,112.0,2,371,7.13,1,3
17.0,76.0,40.42023,-3.70852,4,128.0,3,70,1.37,7,311
17.0,61.0,40.40685,-3.70393,3,21.0,25,13,0.26,6,222
17.0,66.0,40.42403,-3.70293,3,86.0,2,179,4.62,1,65
17.0,79.0,40.41418,-3.69646,4,115.0,3,61,1.24,11,72
17.0,77.0,40.42369168501125,-3.6996703601114658,3,57.0,2,119,2.84,2,128
15.0,64.0,40.43023,-3.70248,3,80.0,2,30,0.61,2,73
18.0,63.0,40.4423,-3.66224,4,111.0,1,46,0.91,334,323
18.0,63.0,40.44176,-3.6641,4,114.0,1,22,0.43,334,322
18.0,63.0,40.4418,-3.66422,4,111.0,1,32,0.68,334,330
17.0,79.0,40.41167,-3.69652,4,120.0,1,48,0.98,334,324
17.0,79.0,40.41365,-3.69611,4,134.0,1,158,3.13,334,287
13.0,55.0,40.40019,-3.70526,4,132.0,3,37,0.74,2,14
18.0,82.0,40.42373,-3.68971,4,115.0,10,190,3.65,15,82
17.0,61.0,40.40795,-3.70506,4,143.0,1,41,1.12,334,167
15.0,67.0,40.44018,-3.69977,4,104.0,1,77,1.48,181,54
17.0,79.0,40.41165,-3.69357,4,133.0,1,120,2.31,292,199
17.0,79.0,40.41407,-3.69642,4,124.0,1,83,1.69,3,312
15.0,66.0,40.43334,-3.70557,4,140.0,7,90,1.74,4,9
14.0,57.0,40.46992,-3.70254,3,26.0,9,13,0.31,1,261
10.0,35.0,40.43994,-3.65114,3,44.0,4,87,1.67,1,1
14.0,57.0,40.46458,-3.69601,4,104.0,1,369,7.15,18,256
18.0,63.0,40.439,-3.67358,4,159.0,1,68,1.36,334,310
17.0,61.0,40.41072082519531,-3.70580792427063,4,143.0,1,176,3.38,13,307
17.0,66.0,40.42704,-3.70247,4,103.0,1,43,0.9,1,297
5.0,44.0,40.333435,-3.702781,4,84.0,3,56,1.09,19,202
6.0,11.0,40.3832665,-3.723881399999999,3,39.0,2,1,1.0,1,66
4.0,57.0,40.47171,-3.5886,3,38.0,1,375,8.45,3,316
17.0,61.0,40.41076,-3.70254,4,75.0,1,46,0.9,95,333
17.0,80.0,40.41737,-3.70467,4,148.0,5,118,2.31,13,23
17.0,61.0,40.40711,-3.70851,4,143.0,30,9,0.18,25,246
16.0,73.0,40.41726,-3.67944,4,74.0,2,219,4.32,8,303
3.0,29.0,40.4096,-3.72835,3,39.0,5,86,1.69,2,4
17.0,61.0,40.40881,-3.69832,4,142.0,1,143,2.89,3,315
8.0,48.0,40.39389,-3.66564,4,111.0,4,24,0.52,46,79
16.0,51.0,40.40069,-3.67628,4,115.0,4,19,0.42,46,79
9.0,5.0,40.41964,-3.6225,3,44.0,4,48,0.93,1,334
17.0,66.0,40.42136,-3.70142,4,78.0,1,194,3.75,92,344
17.0,76.0,40.41468,-3.71119,4,140.0,2,27,0.53,9,327
16.0,59.0,40.446426,-3.672262,4,81.0,8,8,0.19,1,76
15.0,64.0,40.43413,-3.70243,4,127.0,1,37,0.76,334,311
6.0,32.0,40.38669,-3.70108,4,139.0,1,23,0.51,334,341
6.0,28.0,40.38793,-3.70119,4,122.0,1,38,0.75,334,332
6.0,28.0,40.38845,-3.69964,4,141.0,1,47,0.95,334,329
6.0,28.0,40.3882,-3.70153,4,141.0,1,15,0.34,334,339
6.0,28.0,40.3872,-3.70157,4,136.0,1,29,0.56,334,345
6.0,20.0,40.38275,-3.70953,4,42.0,2,54,1.05,5,142
10.0,41.0,40.4259404734785,-3.6391192353764703,4,81.0,5,212,4.23,2,44
10.0,47.0,40.44015,-3.64078,3,60.0,1,25,0.49,1,83
3.0,12.0,40.39563,-3.75727,3,37.0,2,42,1.0,1,349
18.0,82.0,40.42686,-3.68377,4,131.0,1,103,2.06,1,311
10.0,45.0,40.42788,-3.65945,4,85.0,3,50,1.04,2,236
6.0,42.0,40.39464,-3.70625,3,70.0,3,52,1.23,1,358
12.0,27.0,40.46528,-3.62832,4,71.0,3,115,2.24,66,144
18.0,73.0,40.42683,-3.67721,4,123.0,2,143,2.78,72,149
17.0,61.0,40.41004,-3.70817,4,143.0,3,63,1.26,1,1
17.0,61.0,40.41086,-3.7008,4,69.0,2,280,5.48,3,215
15.0,64.0,40.43364,-3.70338,4,140.0,7,147,2.87,4,8
17.0,79.0,40.41662,-3.70029,4,156.0,4,158,3.09,28,232
17.0,77.0,40.42003,-3.697,4,72.0,3,229,4.48,1,46
17.0,66.0,40.425068,-3.709313,4,154.0,2,57,1.16,141,29
3.0,18.0,40.37314,-3.7708,3,36.0,4,28,0.76,1,66
10.0,41.0,40.43049181638392,-3.640712701183961,3,47.0,3,80,3.27,2,164
17.0,61.0,40.4091,-3.70668,3,21.0,25,16,0.32,6,166
17.0,66.0,40.42031,-3.70187,4,143.0,2,74,1.46,18,321
16.0,51.0,40.4022,-3.67435,4,150.0,4,28,0.56,43,299
18.0,60.0,40.42326,-3.66727,4,94.0,2,368,7.29,6,241
17.0,76.0,40.41571044921875,-3.7101449966430655,4,153.0,2,85,1.67,3,66
12.0,54.0,40.46046,-3.63654,4,110.5,30,5,0.26,18,76
12.0,54.0,40.46096,-3.63625,4,72.0,30,2,0.09,18,75
12.0,54.0,40.46069,-3.63661,4,87.0,30,2,0.18,18,75
12.0,54.0,40.46107,-3.62948,4,103.0,30,6,0.16,18,75
16.0,65.0,40.4671,-3.68906,4,118.0,30,1,0.15,18,76
14.0,57.0,40.46739,-3.69921,3,35.0,4,49,1.02,1,57
3.0,11.0,40.39917,-3.73507,3,56.0,1,164,3.32,4,317
10.0,62.0,40.46972,-3.66504,3,46.0,1,165,3.25,1,243
17.0,80.0,40.41715,-3.70556,4,145.0,1,143,3.14,6,313
17.0,80.0,40.41911,-3.70549,4,119.0,1,133,2.92,6,285
17.0,80.0,40.41864,-3.70381,4,129.0,1,129,2.82,6,297
15.0,69.0,40.42854309082031,-3.694377899169922,4,128.0,3,160,3.17,1,42
15.0,69.0,40.42854309082031,-3.694377899169922,4,136.0,2,118,2.39,63,37
17.0,66.0,40.422421,-3.707479,4,140.0,3,253,4.99,9,181
17.0,80.0,40.41576,-3.70715,4,123.0,1,107,2.17,5,262
17.0,80.0,40.41375,-3.70725,4,140.0,1,91,1.88,5,285
10.0,41.0,40.43212,-3.63493,4,63.0,2,57,1.18,3,215
17.0,77.0,40.4245,-3.69909,4,109.0,1,95,1.99,292,298
17.0,76.0,40.41028,-3.71223,4,150.0,2,253,5.04,141,271
12.0,27.0,40.46661,-3.65501,4,105.0,1,130,2.66,7,82
12.0,61.0,40.46795,-3.65352,4,104.0,1,109,2.24,7,76
17.0,66.0,40.42615,-3.70693,4,111.0,3,53,3.15,1,310
17.0,77.0,40.42225,-3.70047,4,102.0,2,60,1.2,1,177
17.0,61.0,40.41282850377677,-3.703494966030121,4,120.0,2,25,0.69,2,46
18.0,68.0,40.43229,-3.67576,4,128.0,1,68,1.36,1,163
17.0,61.0,40.41327,-3.70348,3,70.0,1,1,0.09,3,341
17.0,61.0,40.41289,-3.7034,3,70.0,1,0,0.0,3,342
17.0,76.0,40.41295,-3.70752,4,104.0,1,68,1.36,1,170
17.0,79.0,40.419472,-3.699086,3,70.0,1,64,1.34,1,143
11.0,70.0,40.43059,-3.71888,4,97.0,6,41,0.9,1,213
13.0,60.0,40.40526,-3.69117,4,111.0,1,379,7.76,2,12
16.0,66.0,40.442326,-3.671175,4,106.0,1,42,0.85,12,349
16.0,66.0,40.442326,-3.671175,4,101.0,1,27,0.58,12,357
17.0,80.0,40.41696,-3.70626,3,65.0,1,171,4.64,2,289
17.0,66.0,40.42165,-3.70677,3,86.0,2,179,3.58,1,81
16.0,70.0,40.41742288499286,-3.6750465652424817,3,27.0,30,220,5.59,4,123
17.0,61.0,40.40802,-3.70399,4,143.0,1,33,0.66,73,278
16.0,80.0,40.40317,-3.67114,4,76.0,1,64,1.29,3,292
16.0,84.0,40.45917,-3.68105,4,123.0,5,70,1.45,4,343
17.0,66.0,40.42282,-3.70273,4,126.0,2,47,0.96,3,20
15.0,66.0,40.43244934082031,-3.710139989852905,4,108.0,10,48,0.97,15,130
15.0,66.0,40.43356,-3.70454,4,140.0,7,103,2.09,4,13
17.0,79.0,40.41458,-3.70141,4,140.0,1,79,1.62,33,57
17.0,66.0,40.42526,-3.70748,4,108.0,1,56,1.12,1,239
17.0,80.0,40.4166,-3.70124,3,70.0,1,5,0.13,4,61
10.0,41.0,40.42085,-3.62824,4,91.0,3,122,2.49,1,21
17.0,61.0,40.40966,-3.70536,3,128.0,1,6,0.12,13,190
6.0,20.0,40.38293,-3.7077,1,17.0,2,184,3.73,1,226
17.0,61.0,40.40982,-3.70024,3,100.0,3,3,0.06,1,179
17.0,61.0,40.40721,-3.70317,4,59.0,2,240,4.8,3,112
5.0,10.0,40.34377670288086,-3.684921979904175,3,21.0,1,207,4.14,1,188
7.0,21.0,40.38341229311869,-3.6068636465214334,4,117.0,2,219,4.47,2,194
15.0,67.0,40.44129,-3.70129,4,88.0,30,0,0.0,1,238
17.0,61.0,40.410183,-3.703234,4,161.0,3,136,3.01,2,335
13.0,60.0,40.40304,-3.69316,3,56.0,1,242,4.87,92,319
18.0,60.0,40.4261580991101,-3.664969356422915,4,92.0,3,91,1.83,3,27
17.0,77.0,40.42398,-3.69186,4,121.0,3,177,3.57,25,50
10.0,41.0,40.42606266990809,-3.641295392212253,4,90.0,5,200,4.04,2,44
17.0,61.0,40.40983,-3.70534,1,41.0,1,61,1.24,13,279
17.0,61.0,40.40998,-3.70537,1,38.0,1,1131,22.8,13,310
18.0,60.0,40.42662075072628,-3.6649532884446168,4,82.0,3,146,2.93,3,211
17.0,76.0,40.41457,-3.70992,4,155.0,1,160,3.55,292,201
16.0,51.0,40.40619,-3.68016,3,68.0,1,3,0.8,2,362
10.0,36.0,40.48645371253278,-3.6894284938717297,4,88.0,5,65,1.32,3,317
18.0,68.0,40.43293,-3.67522,4,127.0,2,25,0.5,22,308
13.0,60.0,40.40291,-3.69147,4,130.0,1,235,4.73,92,336
18.0,83.0,40.430981,-3.685956,4,115.0,2,86,1.8,1,110
15.0,39.0,40.43876,-3.71334,3,91.0,2,347,7.1,1,37
8.0,48.0,40.39511,-3.67143,3,25.0,1,295,5.94,2,342
17.0,61.0,40.41321,-3.70094,3,66.0,20,178,3.7,1,241
17.0,61.0,40.41098,-3.69866,4,138.0,1,82,1.67,1,320
16.0,51.0,40.40391,-3.67551,4,56.0,30,192,3.99,1,315
17.0,66.0,40.42336654663086,-3.700917959213257,3,130.0,1,141,2.91,6,312
17.0,76.0,40.422291,-3.711508,3,70.0,1,0,0.0,6,267
17.0,76.0,40.422291,-3.711508,3,70.0,1,0,0.0,6,298
17.0,76.0,40.422291,-3.711508,3,70.0,1,0,0.0,6,267
17.0,79.0,40.41561,-3.69917,4,155.0,1,120,2.5,26,149
17.0,66.0,40.42614,-3.70776,4,95.0,1,194,3.94,92,323
17.0,66.0,40.4247,-3.70972,4,95.0,1,111,2.25,92,320
17.0,66.0,40.4264,-3.70957,4,46.0,1,124,2.52,92,339
17.0,66.0,40.42478,-3.70838,4,46.0,1,105,2.13,92,348
17.0,66.0,40.42635,-3.7082,4,65.0,1,144,2.93,92,336
17.0,66.0,40.42682,-3.70813,4,102.0,1,140,2.84,92,345
5.0,44.0,40.33343505859375,-3.702780961990357,4,90.0,3,20,0.66,19,2
6.0,45.0,40.39217,-3.72393,3,40.0,1,43,0.92,1,256
17.0,66.0,40.42471,-3.70999,4,85.0,1,202,4.1,92,340
17.0,66.0,40.42633,-3.70994,4,85.0,1,118,2.4,92,345
17.0,66.0,40.42456,-3.70806,4,106.0,1,222,4.51,92,348
17.0,66.0,40.4251,-3.70955,4,98.0,1,137,2.95,92,355
17.0,61.0,40.41044,-3.70665,4,153.0,2,314,6.4,3,256
13.0,72.0,40.39122,-3.69313,3,17.0,10,9,0.24,6,174
10.0,41.0,40.42487,-3.64039,4,115.0,3,6,0.14,4,303
17.0,61.0,40.41168,-3.70605,4,123.0,2,352,7.17,3,303
9.0,24.0,40.43487,-3.63321,4,80.0,3,24,0.5,12,306
6.0,39.0,40.39224,-3.72713,4,76.0,2,135,2.77,2,149
6.0,45.0,40.3907,-3.7259,4,75.0,2,112,2.29,2,162
17.0,61.0,40.40745,-3.70261,4,100.0,3,169,3.63,1,243
17.0,66.0,40.42342,-3.70699,4,152.0,1,151,3.13,1,265
14.0,65.0,40.4592,-3.6958,4,156.0,1,4,0.16,72,9
17.0,61.0,40.41364,-3.70645,3,24.0,30,4,0.16,6,285
2.0,49.0,40.410156,-3.651743,3,60.0,3,117,2.4,1,304
11.0,47.0,40.45351,-3.77644,3,30.0,4,108,2.21,3,229
14.0,65.0,40.45928,-3.69599,3,61.0,3,19,0.42,1,45
4.0,57.0,40.47213,-3.58502,3,42.0,1,112,3.28,3,287
9.0,43.0,40.4263,-3.60922,3,37.0,1,50,1.02,6,95
15.0,66.0,40.43541,-3.70902,4,98.0,3,27,0.56,4,184
17.0,77.0,40.42247,-3.70045,4,142.0,3,3,0.08,4,163
15.0,39.0,40.4346,-3.71309,3,49.0,4,39,0.8,1,11
17.0,66.0,40.42881,-3.70702,4,133.0,4,153,3.19,16,342
14.0,65.0,40.46469,-3.69387,4,78.0,14,21,0.47,3,36
14.0,65.0,40.46488,-3.69289,3,60.0,3,51,1.19,3,44
17.0,76.0,40.42222,-3.71007,4,157.0,2,175,3.64,1,127
3.0,29.0,40.40643,-3.74167,3,24.0,2,135,2.79,1,33
12.0,61.0,40.46886,-3.65695,4,105.0,1,147,3.03,7,81
12.0,61.0,40.46736,-3.65501,4,104.0,1,139,2.86,7,67
16.0,51.0,40.40491,-3.67433,4,140.0,2,154,3.17,1,2
10.0,45.0,40.42526291486836,-3.659368626284949,4,65.0,2,182,3.76,1,107
16.0,84.0,40.46031,-3.68293,4,109.0,1,103,2.2,292,282
17.0,66.0,40.42342376708984,-3.700788974761963,3,70.0,1,5,0.1,6,303
17.0,77.0,40.42231,-3.69924,4,137.0,1,118,2.43,1,107
18.0,63.0,40.44134,-3.66405,4,129.0,1,35,0.97,334,319
17.0,77.0,40.42717,-3.69943,4,143.0,1,14,0.36,334,1
18.0,63.0,40.43244,-3.66677,4,152.0,1,66,1.69,334,301
17.0,61.0,40.40682,-3.70487,4,148.0,1,59,1.43,334,8
18.0,63.0,40.43732,-3.67233,4,148.0,1,78,1.76,334,336
18.0,63.0,40.4388,-3.66323,4,118.0,1,59,1.42,334,323
18.0,63.0,40.43881,-3.66335,4,106.0,1,64,1.46,334,323
18.0,63.0,40.43201,-3.66672,4,137.0,1,10,0.21,334,299
18.0,63.0,40.43241,-3.66657,4,140.0,1,29,0.61,334,294
13.0,59.0,40.40625,-3.71266,4,129.0,1,62,1.28,1,340
17.0,66.0,40.42268,-3.703068,4,149.0,10,83,1.8,15,156
16.0,73.0,40.408028,-3.683325,4,67.0,1,241,5.58,1,128
3.0,12.0,40.39171,-3.74613,3,23.0,30,20,0.41,1,84
17.0,79.0,40.41421,-3.7027,4,126.0,4,213,4.43,25,274
17.0,66.0,40.42429,-3.70803,4,120.0,1,105,2.17,9,165
15.0,64.0,40.42902,-3.699762,4,122.0,1,48,0.99,6,21
13.0,55.0,40.40472,-3.70372,4,91.0,2,209,4.41,2,70
13.0,55.0,40.40493,-3.70402,4,84.0,2,195,4.03,2,7
17.0,61.0,40.41103,-3.70823,4,158.0,1,46,1.02,334,11
17.0,61.0,40.41185,-3.70563,3,81.0,1,9,0.24,8,350
15.0,66.0,40.432449,-3.71014,4,111.0,10,43,0.9,15,128
18.0,63.0,40.43894,-3.66312,3,48.0,4,161,3.36,1,92
6.0,25.0,40.38495,-3.74094,4,94.0,3,216,4.97,1,56
18.0,68.0,40.4306,-3.6759,4,159.0,30,0,0.0,13,269
17.0,61.0,40.40982,-3.70923,4,95.0,3,141,2.95,1,242
15.0,67.0,40.43893000000001,-3.6985857,4,103.0,10,14,1.11,15,107
10.0,45.0,40.42308,-3.6554,4,105.0,2,198,4.17,1,7
3.0,12.0,40.39128,-3.74491,3,46.0,2,71,1.47,2,35
17.0,66.0,40.42148,-3.70204,4,155.0,1,81,1.72,11,299
17.0,66.0,40.42292266625701,-3.7018123791581887,4,147.0,1,84,1.78,11,318
17.0,66.0,40.42936,-3.71009,4,73.0,15,41,1.01,22,265
3.0,12.0,40.390739,-3.744135,3,51.0,2,70,1.45,2,67
15.0,64.0,40.42986,-3.69953,4,125.0,1,234,4.85,6,42
16.0,66.0,40.4399,-3.67515,4,136.0,1,49,1.02,1,335
14.0,65.0,40.45793,-3.69558,4,142.0,1,95,1.97,25,340
15.0,67.0,40.4434,-3.69827,4,105.0,1,85,1.77,5,332
17.0,76.0,40.41261,-3.70818,4,144.0,2,299,6.64,1,71
17.0,76.0,40.417042,-3.709589,4,114.0,1,232,4.9,1,34
14.0,63.0,40.45251,-3.70217,3,50.0,1,46,0.97,1,349
17.0,66.0,40.42336654663086,-3.700917959213257,3,70.0,1,28,0.59,6,317
17.0,66.0,40.42336654663086,-3.700917959213257,3,130.0,1,136,2.83,6,335
17.0,76.0,40.41153,-3.71038,4,122.0,2,274,6.24,8,85
17.0,61.0,40.40937,-3.69925,4,139.0,4,25,0.54,1,223
17.0,61.0,40.40928,-3.69957,4,91.0,1,142,2.98,5,33
17.0,80.0,40.41675,-3.70159,3,153.0,1,69,1.43,4,93
17.0,76.0,40.41618,-3.71044,4,138.0,2,76,1.59,3,133
15.0,66.0,40.43673,-3.7046,4,140.0,1,447,9.34,1,300
18.0,73.0,40.42161,-3.67676,4,130.0,30,90,2.52,1,313
17.0,61.0,40.40861,-3.69278,3,72.0,5,104,2.27,2,226
13.0,60.0,40.40287,-3.69066,4,105.0,1,188,3.96,292,276
8.0,48.0,40.38984,-3.66546,4,114.0,1,48,1.21,1,329
2.0,16.0,40.395538,-3.634322,4,115.0,3,130,2.72,5,59
17.0,76.0,40.41249,-3.71055,4,116.0,3,85,1.78,75,130
17.0,76.0,40.4109,-3.71084,4,106.0,3,83,1.74,75,133
18.0,83.0,40.43717,-3.67946,4,118.0,2,126,2.65,1,258
17.0,61.0,40.40829,-3.6942,3,69.0,7,56,1.4,2,232
12.0,27.0,40.46731185913086,-3.639956951141357,4,98.0,2,156,3.39,1,243
15.0,66.0,40.43446828637968,-3.708811199457157,3,45.0,1,107,2.28,2,254
16.0,66.0,40.44304,-3.67201,4,105.0,1,27,0.6,12,358
6.0,8.0,40.36667,-3.71462,3,40.0,3,40,0.84,1,361
10.0,41.0,40.42173,-3.63134,3,50.0,1,28,0.59,4,352
17.0,79.0,40.41063880152288,-3.6949960447134687,4,149.0,3,180,3.78,1,244
17.0,76.0,40.41026,-3.71136,4,107.0,2,144,3.04,1,243
17.0,76.0,40.41638,-3.71152,4,145.0,2,40,0.85,3,57
2.0,23.0,40.41202,-3.65193,3,36.0,15,21,0.45,1,89
17.0,77.0,40.42208,-3.69841,4,64.0,1,351,7.52,1,19
13.0,49.0,40.39813,-3.69883,4,95.0,1,105,2.27,3,305
17.0,61.0,40.414180755615234,-3.704078912734986,4,148.0,1,229,4.82,3,294
13.0,49.0,40.39625,-3.69949,4,116.0,1,72,1.52,3,329
13.0,49.0,40.39781,-3.69907,4,97.0,1,69,1.46,3,322
8.0,10.0,40.38117,-3.67741,4,84.0,1,428,9.04,1,89
17.0,79.0,40.41167303168983,-3.695521865750423,4,72.0,4,45,2.16,12,37
17.0,66.0,40.42135,-3.70464,1,22.0,1,82,1.8,20,110
17.0,76.0,40.421871,-3.709387,4,97.0,2,350,7.43,1,214
18.0,63.0,40.43473,-3.67308,4,111.0,3,41,0.87,23,313
17.0,76.0,40.41532,-3.71103,3,95.0,1,27,0.59,2,82
10.0,35.0,40.44217,-3.65492,4,99.0,3,105,2.27,1,233
10.0,41.0,40.42148,-3.63032,3,50.0,1,30,0.64,4,365
6.0,39.0,40.399483,-3.720992,4,106.0,1,239,5.42,1,246
15.0,66.0,40.43134,-3.70969,4,73.0,3,197,4.28,22,289
15.0,66.0,40.42983,-3.70804,4,86.0,3,184,3.9,22,306
17.0,61.0,40.405417,-3.701693,4,105.0,2,130,2.78,16,340
17.0,76.0,40.41139,-3.71405,4,141.0,2,85,1.8,13,29
18.0,63.0,40.43375,-3.66853,4,117.0,2,100,2.12,2,304
10.0,41.0,40.42034,-3.63225,3,48.0,1,31,0.66,4,365
6.0,28.0,40.386154,-3.706559,3,45.0,1,87,1.84,5,81
10.0,45.0,40.4275,-3.65744,4,93.0,3,48,1.05,2,316
14.0,71.0,40.47011,-3.69904,4,115.0,4,16,0.34,43,174
14.0,57.0,40.46903,-3.70109,4,68.0,4,14,0.32,46,60
17.0,66.0,40.42747,-3.70306,4,64.0,7,117,2.57,3,191
10.0,41.0,40.427551,-3.6448,4,72.0,1,25,0.54,181,335
8.0,48.0,40.39809,-3.66919,3,65.0,1,258,5.53,2,30
5.0,44.0,40.333435,-3.702781,4,76.0,3,82,1.74,19,62
12.0,61.0,40.47052,-3.64629,3,55.0,1,37,0.88,2,175
16.0,70.0,40.41849,-3.67848,4,130.0,2,190,4.11,1,116
6.0,39.0,40.39245,-3.73963,4,150.0,4,34,0.81,46,73
15.0,64.0,40.43014,-3.6989,4,122.0,1,212,4.52,6,23
14.0,57.0,40.468894958496094,-3.705887079238892,3,42.0,3,56,1.2,1,333
12.0,54.0,40.46099,-3.63778,4,77.0,30,3,0.21,18,75
12.0,54.0,40.46069,-3.63736,4,110.5,30,3,0.31,18,76
12.0,54.0,40.45998,-3.63503,4,87.0,30,0,0.0,18,75
16.0,65.0,40.46674,-3.68872,4,127.0,30,7,0.27,18,75
3.0,29.0,40.4116,-3.72926,4,156.0,2,42,0.9,1,305
17.0,76.0,40.42055,-3.70699,4,140.0,1,28,0.6,1,268
8.0,48.0,40.39482,-3.67077,3,40.0,3,219,4.71,2,193
17.0,76.0,40.41394,-3.70933,4,143.0,3,156,3.45,93,336
5.0,35.0,40.35232,-3.69295,4,90.0,4,106,2.27,1,211
11.0,15.0,40.45836,-3.71148,4,89.0,2,44,0.96,2,222
7.0,33.0,40.38011,-3.61737,4,80.0,2,82,1.77,1,312
9.0,5.0,40.42238,-3.61872,4,85.0,1,381,8.19,2,305
11.0,70.0,40.422047,-3.718273,3,35.0,2,84,1.84,2,113
3.0,11.0,40.40271472055894,-3.736975261376952,4,133.0,2,13,0.85,2,174
16.0,80.0,40.40088,-3.66939,4,115.0,7,12,0.27,25,307
13.0,60.0,40.40537,-3.69522,4,119.0,1,44,0.95,1,257
17.0,61.0,40.40947,-3.70732,4,99.0,2,245,5.25,27,29
14.0,52.0,40.44885,-3.70375,4,94.0,30,23,0.49,1,317
17.0,61.0,40.40751,-3.70731,4,99.0,2,244,5.23,27,18
15.0,69.0,40.42742,-3.6946,4,147.0,1,78,1.69,8,330
14.0,63.0,40.44883,-3.70236,4,111.0,1,51,2.89,8,91
17.0,80.0,40.41877,-3.70109,3,131.0,1,100,2.18,73,321
17.0,77.0,40.42824,-3.70088,4,126.0,1,152,3.31,6,40
13.0,59.0,40.41231,-3.71914,4,93.0,14,51,1.18,1,130
17.0,79.0,40.41879,-3.69919,3,137.0,1,110,2.37,73,329
17.0,80.0,40.41805,-3.69964,3,133.0,1,81,1.75,73,312
14.0,50.0,40.45975,-3.7012,4,109.0,3,12,0.27,43,80
14.0,57.0,40.4613,-3.69902,4,104.0,4,47,1.02,46,80
14.0,52.0,40.44867,-3.7062,4,134.0,2,25,0.54,1,263
13.0,49.0,40.39965,-3.69901,4,100.0,1,66,1.84,3,320
17.0,66.0,40.42398,-3.70618,3,48.0,20,47,1.05,8,84
16.0,51.0,40.40069,-3.67658,4,115.0,4,8,0.2,46,74
8.0,37.0,40.38197,-3.6579,3,25.0,6,8,0.32,2,262
17.0,76.0,40.41108,-3.71286,4,108.0,3,42,0.91,75,125
14.0,63.0,40.4495,-3.69614,3,50.0,1,43,0.93,4,91
17.0,66.0,40.42270278930664,-3.7030980587005615,4,113.0,10,73,1.59,15,144
13.0,60.0,40.40347,-3.69021,4,120.0,2,26,0.58,73,204
17.0,61.0,40.40658,-3.7027,4,82.0,1,117,2.59,181,311
17.0,79.0,40.41429,-3.70176,3,70.0,1,0,0.0,10,292
17.0,80.0,40.41978,-3.70048,4,150.0,30,17,0.37,1,343
17.0,66.0,40.420780181884766,-3.7027199268341056,4,162.0,2,79,1.98,1,282
17.0,76.0,40.41023,-3.71171,4,64.0,3,96,2.08,24,46
10.0,45.0,40.424312591552734,-3.652798891067505,3,54.0,1,62,1.34,2,344
17.0,79.0,40.41402,-3.7016,3,70.0,1,0,0.0,10,294
17.0,79.0,40.41418,-3.70158,3,70.0,1,0,0.0,10,294
17.0,79.0,40.41396,-3.70188,3,70.0,1,0,0.0,10,292
17.0,66.0,40.42624,-3.70802,4,106.0,1,158,3.42,92,336
17.0,66.0,40.42678,-3.71092,4,98.0,4,133,2.92,2,281
10.0,14.0,40.477664947509766,-3.696697950363159,3,41.0,2,18,0.39,1,245
14.0,63.0,40.44837,-3.70228,4,82.0,1,104,2.25,3,293
6.0,28.0,40.38635,-3.70373,3,30.0,1,119,2.64,2,223
14.0,52.0,40.44726,-3.70814,4,140.0,1,37,0.82,334,340
17.0,76.0,40.42288,-3.71052,4,84.0,7,148,3.22,8,288
11.0,46.0,40.45086,-3.71511,3,43.0,1,80,1.74,1,131
17.0,61.0,40.40851,-3.70033,3,45.0,7,21,1.06,4,13
3.0,12.0,40.38763582600437,-3.752509411012686,4,87.0,2,186,6.19,4,297
17.0,77.0,40.423614501953125,-3.6999471187591553,4,138.0,5,63,1.43,75,102
12.0,54.0,40.48605,-3.66702,4,76.0,1,62,1.37,11,181
8.0,48.0,40.39233,-3.66927,3,40.0,3,171,3.71,2,214
17.0,77.0,40.42219,-3.69851,4,76.0,1,195,4.29,1,109
10.0,53.0,40.47701,-3.71324,4,110.0,2,85,1.85,8,103
17.0,66.0,40.42204,-3.70189,4,143.0,2,108,2.38,72,2
14.0,52.0,40.44822,-3.70426,4,125.0,2,65,1.43,24,224
17.0,61.0,40.41223,-3.7038,4,118.0,5,63,1.38,75,85
9.0,32.0,40.43142,-3.61542,4,68.0,1,50,1.18,1,346
13.0,46.0,40.39938,-3.69489,3,47.0,2,164,3.69,2,342
10.0,45.0,40.42996,-3.65455,3,42.0,1,17,0.37,6,350
17.0,77.0,40.42659,-3.6991,4,76.0,1,1,0.12,1,100
17.0,76.0,40.41680908203125,-3.7097458839416495,4,143.0,3,59,1.8,2,143
8.0,41.0,40.3935693,-3.6594127,4,65.0,3,82,3.51,1,232
17.0,66.0,40.42441,-3.70503,4,129.0,1,98,2.14,1,334
15.0,66.0,40.43502,-3.70963,4,133.0,3,310,6.77,5,254
17.0,61.0,40.41084,-3.70716,4,113.0,1,169,3.75,2,344
13.0,60.0,40.40554,-3.69575,4,73.0,3,85,1.89,1,277
6.0,42.0,40.39502,-3.71074,4,144.0,1,29,0.7,334,329
6.0,42.0,40.39681,-3.71212,4,156.0,1,70,1.55,334,323
6.0,42.0,40.39628,-3.71045,4,147.0,1,33,0.76,334,313
6.0,42.0,40.39535,-3.71031,4,139.0,1,20,0.44,334,324
6.0,42.0,40.39638,-3.71055,4,149.0,1,38,0.86,334,324
6.0,42.0,40.39521,-3.71024,4,160.0,1,52,1.15,334,321
14.0,52.0,40.44903,-3.70785,4,111.0,1,28,0.74,334,337
15.0,64.0,40.43153,-3.69821,4,140.0,28,10,0.22,51,20
12.0,27.0,40.46776,-3.63224,3,23.0,3,78,1.71,2,73
13.0,49.0,40.39928,-3.70067,3,77.0,1,136,2.99,4,154
17.0,80.0,40.417179,-3.702779,3,98.0,3,32,0.71,8,126
17.0,76.0,40.41312,-3.71299,4,119.0,1,17,0.38,77,326
17.0,77.0,40.42426,-3.69962,3,64.0,1,29,0.64,8,60
17.0,61.0,40.40797,-3.70346,4,148.0,1,12,0.27,77,316
13.0,46.0,40.39958,-3.69556,4,133.0,1,7,0.17,77,346
15.0,66.0,40.43347,-3.70475,4,159.0,1,29,0.65,77,339
13.0,49.0,40.39883,-3.70006,3,77.0,1,133,2.92,4,156
17.0,66.0,40.42552,-3.70627,4,112.0,1,22,0.5,77,322
17.0,77.0,40.4197,-3.69733,4,113.0,1,36,0.79,181,219
18.0,68.0,40.43142,-3.67383,4,74.0,2,194,4.42,22,276
17.0,61.0,40.40982,-3.70741,4,158.0,2,153,3.41,2,298
17.0,76.0,40.41585273738852,-3.710574198145709,3,61.0,2,87,1.96,33,131
13.0,49.0,40.39934,-3.69882,3,89.0,2,73,1.61,4,147
13.0,49.0,40.39888,-3.70028,3,89.0,2,69,1.53,4,156
13.0,55.0,40.40044,-3.70107,3,86.0,1,52,1.15,1,256
10.0,35.0,40.43725,-3.65699,4,90.0,3,63,1.47,1,304
10.0,41.0,40.42706,-3.64183,4,88.0,2,192,4.26,1,222
10.0,45.0,40.42659,-3.65624,4,105.0,2,96,2.16,2,4
17.0,61.0,40.41104,-3.7017,4,162.0,15,0,0.0,1,267
17.0,77.0,40.42326,-3.69821,4,141.0,2,191,4.84,3,34
14.0,63.0,40.44998,-3.69939,4,116.0,1,15,0.34,2,290
15.0,39.0,40.43262,-3.71234,4,105.0,30,8,0.19,4,363
12.0,27.0,40.46516,-3.63124,3,23.0,4,9,0.25,2,195
8.0,48.0,40.39188,-3.66956,4,98.0,13,11,0.26,20,360
17.0,80.0,40.41527,-3.70407,4,143.0,2,377,8.49,1,29
6.0,42.0,40.39491,-3.71208,4,163.0,1,50,1.12,334,323
17.0,77.0,40.42264,-3.70052,4,104.0,1,409,9.21,6,183
18.0,82.0,40.42565,-3.6825,4,151.0,1,2,0.13,72,69
17.0,61.0,40.40907,-3.70094,4,53.0,4,58,1.34,1,21
10.0,36.0,40.48637771606445,-3.690110921859741,4,93.0,5,53,1.19,3,33
17.0,61.0,40.40988,-3.70556,4,116.0,2,109,2.42,2,333
18.0,83.0,40.43717,-3.68503,3,72.0,2,148,3.29,2,293
14.0,65.0,40.4595,-3.69907,4,80.0,2,99,2.45,23,339
16.0,51.0,40.40333,-3.67407,4,148.0,3,99,2.29,1,220
17.0,61.0,40.41059,-3.70547,4,108.0,3,38,0.85,75,123
17.0,76.0,40.41549,-3.71129,4,61.0,1,397,9.0,8,165
10.0,45.0,40.43222,-3.65326,4,105.0,1,445,9.97,1,196
6.0,42.0,40.39471,-3.71238,4,152.0,1,36,0.82,334,315
6.0,42.0,40.39507,-3.71101,4,159.0,1,39,0.88,334,302
6.0,42.0,40.3969,-3.71237,4,139.0,1,44,0.99,334,330
17.0,77.0,40.42199,-3.69982,3,64.0,2,59,1.34,2,259
17.0,77.0,40.42243,-3.6999,3,41.0,2,189,4.28,2,214
2.0,23.0,40.40866,-3.65928,3,60.0,3,57,1.3,1,357
6.0,25.0,40.39111892335632,-3.740770136146149,4,142.0,3,20,0.47,1,162
17.0,79.0,40.41499,-3.69952,4,115.0,1,232,5.46,26,89
18.0,82.0,40.422943115234375,-3.690500974655152,4,114.0,10,85,1.91,15,95
11.0,70.0,40.42144,-3.71618,4,128.5,1,105,2.38,73,321
17.0,61.0,40.40894,-3.70961,4,140.0,2,193,4.35,13,67
6.0,32.0,40.38737,-3.69914,4,103.0,2,38,0.85,1,145
17.0,61.0,40.41258,-3.70754,4,160.0,1,95,2.18,1,154
17.0,61.0,40.41177,-3.70317,4,127.0,1,276,6.42,2,112
17.0,61.0,40.40847,-3.71059,3,60.0,2,47,1.46,1,350
17.0,66.0,40.42568,-3.70266,4,121.0,4,99,2.62,1,161
15.0,67.0,40.44105176026952,-3.699247136673757,4,140.0,28,0,0.0,9,48
10.0,47.0,40.43637,-3.64291,4,97.0,2,144,3.27,2,65
13.0,59.0,40.40795,-3.7169,4,157.0,2,76,1.75,1,18
10.0,47.0,40.43624,-3.64381,4,80.0,2,115,2.59,2,65
17.0,61.0,40.40947,-3.69683,4,152.0,28,47,1.1,62,276
12.0,27.0,40.46614,-3.64723,4,84.0,4,19,0.44,46,80
12.0,54.0,40.49825,-3.65132,3,44.0,1,99,2.24,2,341
13.0,60.0,40.40567,-3.69307,4,162.0,1,70,1.61,181,298
13.0,84.0,40.40761,-3.6925,4,164.0,1,137,3.12,181,246
8.0,48.0,40.392971,-3.665774,4,50.0,30,11,0.25,1,257
11.0,70.0,40.42606,-3.71545,4,155.0,1,71,1.63,181,115
17.0,79.0,40.41521,-3.70206,4,110.0,6,155,3.37,28,251
14.0,65.0,40.460503,-3.694755,4,90.0,30,2,0.59,407,323
14.0,65.0,40.460503,-3.694755,4,114.0,1,0,0.0,407,100
17.0,66.0,40.42404,-3.70381,3,50.0,15,47,1.05,8,320
17.0,66.0,40.4245,-3.70461,3,50.0,15,42,0.94,8,322
14.0,65.0,40.460503,-3.694755,4,142.0,1,0,0.0,407,324
14.0,65.0,40.460503,-3.694755,4,96.0,1,1,0.64,407,323
14.0,65.0,40.460503,-3.694755,4,104.0,1,0,0.0,407,285
14.0,65.0,40.460503,-3.694755,4,140.0,1,2,0.11,407,335
14.0,65.0,40.46053,-3.694758,4,102.0,1,2,0.05,407,72
14.0,65.0,40.460503,-3.694755,4,140.0,1,0,0.0,407,324
17.0,77.0,40.42145,-3.70099,4,61.0,1,150,3.42,92,346
14.0,57.0,40.46606,-3.7067,4,78.0,28,24,0.63,5,188
17.0,61.0,40.41075,-3.70407,3,143.0,1,27,0.62,6,308
14.0,52.0,40.4521,-3.70402,4,79.0,2,252,5.74,6,265
13.0,60.0,40.40538852275412,-3.697573955955699,4,79.0,3,32,0.77,24,26
17.0,66.0,40.42802,-3.70665,3,37.0,5,15,0.61,1,43
12.0,27.0,40.46599,-3.64901,4,110.5,4,21,0.51,43,167
13.0,60.0,40.40353,-3.692084,3,56.0,1,69,1.56,2,364
17.0,61.0,40.40911,-3.70895,4,75.0,2,218,5.03,2,27
17.0,61.0,40.41066,-3.69692,4,40.0,30,23,0.55,1,224
17.0,61.0,40.40571,-3.70165,4,125.0,2,137,3.11,16,336
1.0,13.0,40.39433,-3.60682,3,41.0,2,103,2.34,1,89
13.0,60.0,40.40353,-3.692084,3,66.0,1,161,3.65,2,364
10.0,36.0,40.4942940280003,-3.694541769816586,4,63.0,2,92,5.28,1,53
6.0,39.0,40.39558,-3.73197,4,54.0,1,65,1.52,181,242
17.0,61.0,40.40901,-3.70767,3,34.0,1,0,0.0,1,285
13.0,46.0,40.40041896923096,-3.695281405665809,3,23.0,7,38,1.0,3,43
12.0,61.0,40.47519,-3.65143,4,91.0,1,205,4.67,2,243
14.0,65.0,40.4604594959229,-3.697913803536311,4,105.0,4,0,0.0,1,98
13.0,60.0,40.40205,-3.69327,4,108.0,3,69,1.66,93,70
13.0,46.0,40.40012,-3.6929,4,149.0,3,65,1.55,93,56
13.0,60.0,40.40236,-3.6919,4,98.0,3,87,2.27,93,135
13.0,60.0,40.40167,-3.6917,4,138.0,3,103,2.54,93,43
18.0,63.0,40.4347,-3.66112,3,63.0,1,19,0.43,1,54
13.0,46.0,40.4004,-3.69213,4,132.0,27,36,0.92,93,82
13.0,46.0,40.40055,-3.69326,4,106.0,3,63,1.61,93,122
17.0,61.0,40.40963,-3.70552,1,44.0,1,21,0.54,13,256
17.0,76.0,40.42038,-3.707,4,105.0,1,185,4.24,11,145
17.0,61.0,40.41038,-3.70534,4,113.0,3,115,2.64,75,68
13.0,49.0,40.39535,-3.69653,3,72.0,30,25,0.57,1,365
11.0,15.0,40.46901,-3.71797,3,36.0,2,92,2.26,2,64
17.0,61.0,40.40946,-3.70251,4,61.0,3,31,0.71,1,294
17.0,66.0,40.42281,-3.70085,4,116.0,1,438,9.97,6,231
17.0,61.0,40.41223,-3.7056,4,98.0,3,183,4.21,3,287
17.0,76.0,40.41959,-3.70884,4,124.0,1,450,10.31,11,82
17.0,66.0,40.42367,-3.70073,4,121.0,4,45,1.04,15,252
6.0,56.0,40.3798,-3.6928,4,90.0,4,36,0.83,43,349
6.0,56.0,40.38138,-3.69445,4,115.0,4,47,1.1,43,359
6.0,56.0,40.38026,-3.69231,4,90.0,4,30,0.72,43,335
6.0,56.0,40.37986,-3.69433,4,93.0,4,31,0.72,46,72
15.0,39.0,40.43529,-3.7119,4,87.0,2,321,7.33,5,244
6.0,56.0,40.37967,-3.69431,4,88.0,4,16,0.77,46,80
6.0,56.0,40.38171,-3.69303,4,80.0,4,20,0.49,43,252
6.0,56.0,40.38155,-3.69379,4,90.0,4,33,0.79,43,349
6.0,56.0,40.3818,-3.69385,4,83.0,4,25,0.58,46,85
6.0,56.0,40.37967,-3.69262,4,91.0,4,12,1.02,46,62
6.0,56.0,40.38036,-3.69429,4,95.0,4,15,0.41,46,80
6.0,56.0,40.38094,-3.69459,4,97.0,4,42,0.98,43,340
6.0,56.0,40.3799,-3.69296,4,95.0,4,26,0.63,46,80
6.0,56.0,40.37993,-3.69428,4,88.0,4,24,0.56,46,75
6.0,56.0,40.38149,-3.69418,4,95.0,4,26,0.6,46,74
6.0,56.0,40.3811,-3.69459,4,83.0,4,9,0.23,46,79
6.0,56.0,40.38163,-3.69282,4,91.0,4,20,0.49,46,57
17.0,77.0,40.42559,-3.69686,4,94.0,1,53,1.23,181,267
17.0,79.0,40.41421,-3.70231,4,163.0,3,112,2.65,5,64
16.0,51.0,40.40619,-3.68246,3,132.0,1,93,2.32,5,330
17.0,80.0,40.41789,-3.7027,4,154.0,1,136,3.12,2,291
17.0,61.0,40.40909,-3.69884,3,30.0,28,0,0.0,3,261
18.0,82.0,40.42704,-3.68049,4,136.0,1,57,1.36,1,242
17.0,77.0,40.42455,-3.69615,4,93.0,1,44,1.01,292,279
12.0,61.0,40.47896,-3.64661,4,56.0,3,52,1.21,1,92
8.0,41.0,40.39985,-3.66415,4,60.0,2,179,4.15,4,81
18.0,63.0,40.43012,-3.66893,3,54.0,3,34,0.93,2,193
14.0,57.0,40.46984,-3.70078,3,32.0,1,419,9.65,1,51
17.0,76.0,40.42029,-3.70789,4,116.0,1,102,2.35,292,274
14.0,52.0,40.45519256591797,-3.7114570140838623,3,65.0,1,27,4.13,1,329
17.0,76.0,40.4151,-3.71072,4,65.0,1,401,9.29,8,187
13.0,60.0,40.40554,-3.69668,4,80.0,1,54,1.27,181,268
17.0,61.0,40.41249,-3.70264,4,116.0,1,72,1.67,10,290
17.0,66.0,40.42416,-3.70246,4,90.0,2,159,3.66,1,97
18.0,60.0,40.42164,-3.66668,4,100.0,30,49,1.13,1,262
2.0,2.0,40.39753,-3.64183,4,132.0,20,48,1.11,1,284
16.0,78.0,40.41316,-3.67603,4,46.0,1,25,0.59,1,183
17.0,76.0,40.41122,-3.71124,4,116.0,3,61,1.4,75,129
17.0,66.0,40.42298,-3.70536,3,55.0,3,42,1.0,4,106
10.0,45.0,40.48158,-3.72334,3,46.0,28,47,1.14,2,3
6.0,17.0,40.38295,-3.73013,3,27.0,1,91,2.11,1,333
18.0,63.0,40.44127,-3.66199,4,97.0,2,206,4.76,1,23
6.0,17.0,40.3747,-3.74075,4,85.0,1,119,2.76,2,298
17.0,77.0,40.42513,-3.69873,4,143.0,1,37,0.86,181,152
17.0,77.0,40.42414,-3.69773,4,155.0,3,47,1.09,15,297
17.0,76.0,40.41684,-3.7096,4,63.0,1,394,9.13,8,81
17.0,80.0,40.41821,-3.70108,3,70.0,3,73,1.68,1,2
15.0,64.0,40.43651162611271,-3.700253451223482,3,69.0,4,106,2.45,4,250
17.0,76.0,40.41727,-3.70994,4,130.0,1,396,9.21,8,151
17.0,66.0,40.42704,-3.7058,4,111.0,2,129,3.7,3,215
17.0,76.0,40.41543,-3.70937,3,61.0,1,480,11.12,8,179
17.0,76.0,40.41736,-3.71188,3,53.0,1,443,10.31,8,223
17.0,76.0,40.41566,-3.71093,4,160.0,1,377,8.77,8,142
17.0,76.0,40.41743,-3.70935,3,53.0,1,452,10.41,8,74
3.0,11.0,40.40407,-3.74216,3,23.0,1,82,1.9,1,303
16.0,66.0,40.44265342446549,-3.672002337175031,4,135.0,2,53,1.51,1,80
16.0,70.0,40.42023,-3.67478,4,164.0,5,35,0.81,1,247
14.0,71.0,40.46894,-3.69222,4,138.0,2,46,1.06,120,80
17.0,61.0,40.40852,-3.69914,4,76.0,1,32,0.74,95,319
17.0,76.0,40.40834045410156,-3.712140083312988,3,104.0,1,134,3.1,181,11
17.0,76.0,40.40921,-3.71304,3,104.0,1,134,3.1,181,11
17.0,76.0,40.40737,-3.71158,3,120.0,1,134,3.12,181,11
17.0,76.0,40.40731,-3.71186,3,104.0,1,150,3.51,181,11
17.0,61.0,40.40769,-3.70048,4,77.0,2,50,1.18,1,77
6.0,25.0,40.38831,-3.73721,4,90.0,3,45,1.05,1,62
15.0,66.0,40.43725,-3.7073,3,53.0,9,38,0.93,3,302
17.0,76.0,40.41139,-3.71141,4,112.0,3,52,1.2,75,116
17.0,66.0,40.42842102050781,-3.7069010734558105,4,105.0,3,181,4.2,1,256
15.0,39.0,40.43735504150391,-3.71134090423584,3,39.0,1,34,0.79,92,347
14.0,57.0,40.46353,-3.69883,4,96.0,7,57,1.33,7,280
14.0,63.0,40.44794,-3.70374,4,110.0,7,3,0.16,7,261
14.0,71.0,40.469704,-3.690236,4,116.0,3,148,3.44,1,34
17.0,66.0,40.426338,-3.708074,4,126.0,3,26,0.6,3,314
16.0,51.0,40.4039,-3.68058,4,116.0,1,159,3.73,292,249
18.0,83.0,40.4358,-3.68369,4,122.0,1,200,4.67,2,307
18.0,83.0,40.4356,-3.68008,4,149.0,1,152,3.56,2,339
15.0,39.0,40.438396,-3.71624,4,99.0,30,119,2.76,2,276
17.0,76.0,40.42086,-3.70984,3,143.0,1,2,0.28,6,157
17.0,76.0,40.42085,-3.7093,3,143.0,1,1,0.09,6,156
6.0,28.0,40.38624,-3.71517,3,35.0,2,137,3.2,2,231
17.0,76.0,40.421,-3.70887,3,116.0,1,0,0.0,6,161
17.0,61.0,40.40765,-3.70775,4,99.0,2,220,5.15,27,19
17.0,76.0,40.40945,-3.71051,4,90.0,30,59,1.38,25,318
3.0,5.0,40.39722,-3.76856,3,41.0,2,35,0.81,1,5
11.0,15.0,40.462166,-3.709903,3,40.0,2,82,1.94,1,301
15.0,39.0,40.43907,-3.71581,4,93.0,30,107,2.5,2,289
17.0,61.0,40.41055,-3.70535,4,108.0,2,239,5.55,27,23
17.0,79.0,40.41205,-3.69836,4,111.0,1,138,3.25,181,288
17.0,79.0,40.41097,-3.69345,3,120.0,2,39,0.91,4,77
17.0,79.0,40.411,-3.69391,3,120.0,2,61,1.42,4,74
16.0,73.0,40.40935,-3.69197,3,117.0,2,39,0.91,4,24
17.0,79.0,40.41111,-3.69309,3,145.0,2,22,0.51,4,75
6.0,58.0,40.38217,-3.71365,4,128.0,3,92,2.22,1,137
6.0,56.0,40.380672,-3.693434,4,91.0,4,9,0.22,46,74
15.0,69.0,40.43769,-3.6988,3,54.0,4,53,1.24,4,232
17.0,80.0,40.41388,-3.70726,4,107.0,1,468,10.95,2,155
17.0,61.0,40.40774,-3.70485,4,110.0,30,99,2.33,1,18
17.0,79.0,40.415504,-3.698758,3,77.0,3,43,1.02,1,107
17.0,61.0,40.41204,-3.70382,4,123.0,3,62,1.46,75,118
18.0,63.0,40.430965,-3.665958,4,138.0,2,17,0.4,1,51
13.0,55.0,40.402126,-3.700581,4,99.0,2,154,3.85,1,80
18.0,73.0,40.423798,-3.67926,4,164.0,2,122,2.85,1,70
11.0,70.0,40.43233,-3.719,4,112.0,1,59,1.4,9,81
17.0,66.0,40.422421,-3.707479,4,70.0,3,178,4.41,9,108
13.0,55.0,40.403919,-3.70288,3,66.0,1,7,1.41,1,318
6.0,8.0,40.37217,-3.71087,3,28.0,1,244,5.82,2,222
17.0,66.0,40.42412,-3.70465,4,139.0,2,107,2.65,1,306
14.0,63.0,40.45044,-3.69947,4,96.0,1,143,3.34,3,340
17.0,76.0,40.42008,-3.70879,4,133.0,2,90,2.16,1,199
16.0,66.0,40.44181,-3.67583,4,128.0,1,89,2.18,292,320
6.0,25.0,40.38996,-3.74109,3,30.0,1,25,0.59,2,350
17.0,76.0,40.40901,-3.71349,4,128.0,1,147,3.48,6,44
17.0,80.0,40.41613,-3.70131,4,158.0,3,95,2.29,62,96
17.0,66.0,40.42697,-3.70707,4,84.0,2,333,7.92,1,116
18.0,63.0,40.43651887083272,-3.672053551566768,4,86.0,2,112,5.63,1,192
17.0,66.0,40.422421,-3.707479,4,76.0,3,219,5.35,9,172
17.0,66.0,40.42769,-3.70918,4,138.0,3,40,0.95,1,11
18.0,68.0,40.430656,-3.675026,3,56.5,3,0,0.0,1,364
6.0,56.0,40.38181,-3.69399,4,107.0,4,53,1.26,43,338
17.0,76.0,40.41506,-3.70848,4,74.0,3,162,3.83,1,212
17.0,61.0,40.41170150000001,-3.6995611,4,159.0,30,0,0.0,249,199
12.0,54.0,40.4896263946846,-3.664505805273565,4,71.0,3,112,2.68,1,204
6.0,56.0,40.380672,-3.693434,4,98.0,4,32,0.87,46,74
11.0,70.0,40.42050552368164,-3.715856075286865,4,134.0,2,169,4.05,3,296
17.0,66.0,40.42374,-3.70306,4,156.0,1,30,0.72,77,338
17.0,77.0,40.4237,-3.6962,4,147.0,3,173,4.12,3,242
6.0,56.0,40.380672,-3.693434,4,96.0,4,9,0.24,46,74
6.0,56.0,40.3799,-3.69273,4,84.0,4,38,0.92,43,353
17.0,79.0,40.41202,-3.6959,4,95.0,1,17,0.41,292,218
10.0,41.0,40.425957,-3.640639,4,105.0,2,12,0.29,4,288
10.0,41.0,40.42583,-3.64121,4,127.0,2,6,0.15,4,300
17.0,61.0,40.40811,-3.70961,4,95.0,10,94,2.25,2,312
10.0,45.0,40.4732666015625,-3.72383189201355,4,81.0,28,30,0.74,5,267
17.0,61.0,40.41234,-3.7073,4,148.0,2,184,4.37,12,248
17.0,76.0,40.42003,-3.70911,3,125.0,2,84,1.99,1,264
17.0,79.0,40.4142,-3.70241,4,156.0,3,112,2.65,5,95
17.0,61.0,40.4132,-3.70525,4,115.0,2,186,4.54,9,328
17.0,61.0,40.41361,-3.70532,4,111.0,1,186,4.54,9,329
13.0,49.0,40.39416,-3.70027,4,160.0,2,39,0.94,120,78
17.0,61.0,40.41359,-3.70346,4,111.0,1,196,4.81,9,330
17.0,61.0,40.41356,-3.70315,4,115.0,1,164,4.09,9,335
17.0,76.0,40.41264,-3.71113,4,99.0,3,39,0.93,75,75
15.0,64.0,40.430435,-3.698005,3,63.0,1,262,6.28,4,10
17.0,76.0,40.41148,-3.70885,4,105.0,4,220,5.21,2,227
17.0,79.0,40.41471,-3.69867,4,136.0,3,137,3.28,66,226
17.0,79.0,40.41333,-3.69921,4,59.0,6,57,1.37,3,141
17.0,61.0,40.40787,-3.70618,4,143.0,3,70,1.68,1,3
10.0,47.0,40.43665,-3.64541,3,26.0,28,10,0.25,3,31
15.0,64.0,40.430435,-3.698005,3,55.0,1,188,4.52,4,22
15.0,64.0,40.430435,-3.698005,3,65.0,1,299,7.15,4,12
15.0,64.0,40.430435,-3.698005,3,59.0,1,242,5.79,4,4
17.0,79.0,40.41319,-3.69751,4,106.0,7,77,1.84,11,37
4.0,40.0,40.4741,-3.57737,4,85.0,3,20,0.58,1,329
17.0,77.0,40.42759,-3.70178,4,117.0,3,112,2.68,16,343
17.0,66.0,40.42371,-3.70523,4,115.0,28,19,0.46,7,319
15.0,67.0,40.44427,-3.69689,3,42.0,3,189,4.56,2,150
17.0,76.0,40.4132,-3.71153,4,131.0,1,195,4.7,3,254
17.0,77.0,40.42162,-3.69586,4,93.0,1,43,1.13,292,326
18.0,73.0,40.4261212,-3.6765143,4,82.0,1,45,1.08,95,321
17.0,61.0,40.4098,-3.70641,4,98.0,4,19,0.46,2,41
17.0,61.0,40.40954214580288,-3.7019363018685207,4,151.0,5,90,2.16,4,222
17.0,61.0,40.40777,-3.70338,4,138.0,1,78,1.87,22,330
4.0,40.0,40.47448,-3.58035,4,135.0,1,448,10.99,1,12
17.0,76.0,40.41012,-3.7122,4,95.0,3,53,1.3,2,75
16.0,51.0,40.40635,-3.67396,3,36.0,1,13,0.32,18,239
17.0,61.0,40.41019058227539,-3.706727981567383,3,78.0,3,91,2.19,2,62
6.0,20.0,40.38468,-3.71048,4,130.0,4,21,0.51,46,81
17.0,76.0,40.41244,-3.71557,4,160.0,2,77,1.84,13,28
17.0,79.0,40.41195,-3.69557,4,143.0,2,143,4.7,1,1
17.0,76.0,40.418617,-3.70986,3,70.0,1,138,3.36,8,336
17.0,79.0,40.41408,-3.70136,4,134.0,3,116,2.79,5,86
17.0,76.0,40.41846,-3.70861,4,116.0,1,365,8.77,11,140
17.0,76.0,40.42041,-3.7088,4,114.0,1,294,7.1,11,156
2.0,2.0,40.40277,-3.64941,4,87.0,2,212,5.1,1,24
17.0,77.0,40.42763,-3.70157,4,158.0,1,23,0.56,5,160
15.0,66.0,40.43776,-3.706,3,53.0,7,34,0.83,3,334
18.0,63.0,40.42915,-3.66704,4,109.0,2,163,3.96,2,59
17.0,76.0,40.41845,-3.70902,4,100.0,1,318,7.67,11,165
17.0,80.0,40.41848,-3.7073,4,103.0,1,384,9.21,11,132
18.0,63.0,40.42937,-3.66749,4,98.0,2,140,3.39,2,69
14.0,50.0,40.4617,-3.70671,4,100.0,2,49,1.21,36,361
16.0,59.0,40.44524,-3.67385,4,139.0,3,118,2.85,1,241
14.0,63.0,40.45267,-3.70005,4,112.0,1,87,2.09,16,308
11.0,70.0,40.42872619628906,-3.7215209007263184,4,70.0,30,19,0.5,5,115
17.0,76.0,40.418617,-3.70986,3,111.0,1,43,1.05,8,337
11.0,70.0,40.42762,-3.71692,3,139.0,1,234,5.63,4,354
17.0,76.0,40.418617,-3.70986,3,125.0,1,107,2.59,8,326
17.0,76.0,40.418617,-3.70986,3,135.0,1,120,2.88,8,328
11.0,70.0,40.42696,-3.71502,3,119.0,1,224,5.37,4,357
11.0,70.0,40.4256,-3.71564,3,144.0,1,253,6.05,4,357
11.0,70.0,40.4262,-3.71701,3,124.0,1,225,5.4,4,358
15.0,69.0,40.42751,-3.69502,4,110.0,1,56,1.35,8,287
17.0,77.0,40.42577,-3.69633,4,97.0,1,59,1.42,8,257
8.0,41.0,40.39783,-3.66337,4,85.0,4,43,1.05,43,350
17.0,66.0,40.42278,-3.70292,1,30.0,1,52,1.25,12,344
13.0,60.0,40.40595,-3.69874,4,130.0,20,86,2.08,1,142
17.0,66.0,40.42107,-3.7023,4,96.0,1,446,10.67,6,196
17.0,76.0,40.418617,-3.70986,3,123.0,1,122,2.95,8,323
17.0,66.0,40.42294,-3.70284,1,33.0,1,34,0.81,12,362
17.0,66.0,40.42101,-3.70475,1,33.0,1,53,1.28,12,355
17.0,77.0,40.42014,-3.6975,4,146.0,2,196,4.71,1,61
6.0,25.0,40.38892,-3.73809,4,79.0,2,114,2.77,2,78
17.0,66.0,40.4225,-3.70496,1,33.0,1,33,0.79,12,359
6.0,25.0,40.38908,-3.73657,4,78.0,2,87,2.1,2,60
17.0,76.0,40.4206555,-3.7119077,3,71.0,7,87,2.34,8,206
6.0,20.0,40.37901,-3.71163,3,55.0,7,0,0.0,1,364
17.0,76.0,40.41232,-3.71578,4,143.0,1,124,2.98,1,2
6.0,25.0,40.38011,-3.74644,3,30.0,3,44,1.11,1,345
15.0,66.0,40.43244,-3.70573,4,68.0,30,25,0.61,13,131
3.0,29.0,40.40758,-3.73315,4,100.0,3,98,2.39,1,240
17.0,66.0,40.42255,-3.7045,1,33.0,1,33,0.79,12,360
17.0,76.0,40.42085,-3.70891,4,95.0,28,16,0.41,1,135
6.0,42.0,40.393,-3.71266,4,124.0,1,60,1.46,1,320
12.0,61.0,40.47257,-3.63856,4,58.0,1,244,5.89,7,290
6.0,42.0,40.39333,-3.70756,3,35.0,30,5,0.18,15,223
17.0,61.0,40.40749,-3.7027,3,45.0,2,179,4.34,1,53
15.0,67.0,40.44520199999999,-3.6970135,4,140.0,30,3,0.1,249,365
15.0,66.0,40.4312,-3.70979,4,75.0,5,67,1.67,22,248
3.0,26.0,40.40672,-3.75253,3,39.0,2,73,1.77,2,334
3.0,26.0,40.406656,-3.752239,3,29.0,2,56,1.35,2,335
6.0,56.0,40.38169,-3.69239,4,95.0,4,37,0.9,43,351
5.0,15.0,40.354248,-3.682477,3,28.0,1,257,6.18,2,21
6.0,56.0,40.3797,-3.69366,4,93.0,4,24,0.63,46,73
6.0,56.0,40.38016,-3.69455,4,93.0,4,9,0.24,46,66
14.0,63.0,40.45423,-3.70181,4,112.0,3,104,2.53,16,225
7.0,33.0,40.3811218,-3.6260048,4,118.0,1,64,2.24,1,270
10.0,41.0,40.43221,-3.64379,4,120.0,19,7,0.22,1,273
16.0,78.0,40.41026,-3.67683,4,158.0,4,84,2.04,4,21
14.0,63.0,40.45418,-3.70012,4,102.0,2,70,1.69,16,263
17.0,76.0,40.412277,-3.712617,4,100.0,4,49,1.3,1,270
17.0,79.0,40.415,-3.69859,4,121.0,3,137,3.35,1,245
17.0,80.0,40.416874,-3.705695,3,72.0,2,122,2.97,7,317
17.0,66.0,40.42273,-3.70331,1,33.0,1,23,0.63,12,361
17.0,61.0,40.41153,-3.70059,3,41.0,4,125,3.02,1,301
14.0,63.0,40.45477,-3.69993,4,102.0,2,113,2.75,16,306
12.0,61.0,40.471489,-3.645156,3,60.0,1,64,1.58,2,126
17.0,61.0,40.410889,-3.708704,4,80.0,30,17,0.43,3,238
3.0,29.0,40.40586,-3.73948,3,40.0,2,22,0.54,2,357
17.0,80.0,40.41823,-3.70153,4,110.0,4,64,1.58,3,339
10.0,53.0,40.47456,-3.71381,4,85.0,2,44,1.08,5,321
17.0,76.0,40.42067,-3.70918,4,150.0,2,86,2.9,2,211
13.0,60.0,40.402199,-3.692634,3,59.0,1,381,9.26,1,117
18.0,60.0,40.4289832,-3.6644934,4,136.0,2,10,0.35,2,66
12.0,61.0,40.47236,-3.63682,3,55.0,1,35,0.87,2,10
3.0,29.0,40.40592,-3.74119,3,40.0,2,20,0.49,2,351
17.0,77.0,40.42223,-3.69968,4,131.0,2,22,0.54,18,323
15.0,69.0,40.43471,-3.69117,4,140.0,7,13,0.4,25,6
17.0,61.0,40.41092,-3.70133,4,155.0,2,242,5.9,4,94
17.0,61.0,40.4088,-3.70784,4,143.0,1,63,1.56,1,314
15.0,70.0,40.445972,-3.704952,4,121.0,3,26,0.65,1,327
12.0,61.0,40.47127151489258,-3.6357309818267822,3,40.0,1,351,8.55,1,76
6.0,58.0,40.38088,-3.71466,4,109.0,3,11,0.27,1,156
6.0,25.0,40.38532,-3.74396,3,35.0,1,160,3.92,1,327
14.0,63.0,40.4499,-3.69943,4,103.0,1,147,3.74,3,339
14.0,63.0,40.44865,-3.70088,4,116.0,1,0,0.0,3,49
14.0,63.0,40.45318,-3.69991,4,102.0,2,75,1.84,16,285
8.0,48.0,40.393124,-3.66586,3,52.0,1,18,0.44,1,362
8.0,37.0,40.39074,-3.66336,3,26.0,1,258,6.37,2,99
10.0,53.0,40.47365,-3.71389,4,82.0,2,74,1.86,5,321
18.0,82.0,40.42197,-3.68905,4,120.0,3,23,0.57,25,49
9.0,32.0,40.44038,-3.61148,3,30.0,2,56,1.37,1,89
17.0,61.0,40.40746,-3.70832,3,75.0,3,41,1.0,2,16
17.0,80.0,40.41824,-3.707486,3,98.0,1,33,0.85,1,2
16.0,51.0,40.40595,-3.68126,3,65.0,1,118,2.91,5,76
17.0,76.0,40.41802,-3.70875,4,114.0,1,332,8.12,11,147
17.0,76.0,40.41996,-3.70857,4,116.0,1,330,8.07,11,152
17.0,76.0,40.42,-3.70922,4,100.0,1,310,7.62,11,159
17.0,80.0,40.41796,-3.70729,4,116.0,1,316,7.76,11,154
17.0,66.0,40.42358,-3.7038,4,144.0,1,78,1.93,1,321
6.0,20.0,40.374,-3.71109,3,18.0,1,223,5.63,2,162
17.0,76.0,40.413139,-3.712979,4,128.0,2,109,2.7,1,314
18.0,63.0,40.43188139999999,-3.6684816,4,161.0,30,9,0.25,249,15
17.0,61.0,40.40860038973055,-3.7058752134010553,4,119.0,3,48,1.35,3,51
15.0,64.0,40.42974,-3.70024,4,123.0,2,129,3.22,6,20
14.0,63.0,40.45468,-3.70162,4,120.0,3,115,2.83,16,211
13.0,60.0,40.402512,-3.690958,4,112.0,2,247,6.06,4,242
16.0,51.0,40.40619,-3.67273,4,95.0,30,8,0.2,1,332
17.0,66.0,40.423389,-3.706795,4,75.0,1,3,0.25,13,129
17.0,79.0,40.41329574584961,-3.6994709968566895,4,143.0,30,23,0.58,33,13
17.0,66.0,40.423389,-3.706795,4,75.0,1,1,0.18,13,117
3.0,12.0,40.39351,-3.76422,3,49.0,3,219,5.43,1,47
5.0,44.0,40.34465,-3.69309,3,47.0,2,85,2.12,3,82
17.0,66.0,40.42488,-3.70824,4,143.0,1,110,2.73,9,162
18.0,82.0,40.42188,-3.68908,4,141.0,3,26,0.65,25,44
15.0,64.0,40.43125,-3.705,3,60.0,1,13,0.36,5,364
17.0,66.0,40.42138,-3.7043,4,74.0,3,149,3.73,1,181
17.0,61.0,40.40628,-3.70703,4,143.0,3,0,0.0,1,131
11.0,15.0,40.46921,-3.71844,3,33.0,1,67,1.67,2,77
17.0,61.0,40.4077602,-3.7015089,3,70.0,2,35,1.03,1,359
12.0,54.0,40.48612,-3.6642,4,108.0,1,21,0.52,11,148
8.0,41.0,40.40072,-3.66337,4,100.0,2,268,6.6,6,260
4.0,19.0,40.452141,-3.589277,3,68.0,1,350,8.66,2,38
13.0,60.0,40.40132,-3.69721,4,152.0,2,40,1.0,120,87
13.0,60.0,40.40247,-3.6989,4,145.0,2,57,1.44,120,80
16.0,51.0,40.40598,-3.68054,3,99.0,1,1,1.0,5,68
17.0,61.0,40.41234,-3.70323,4,124.0,3,44,1.09,75,151
17.0,80.0,40.4168,-3.70553,4,65.0,1,10,0.25,4,318
11.0,70.0,40.4307,-3.71676,4,164.0,1,126,3.13,43,281
14.0,57.0,40.464951,-3.704573,4,90.0,4,17,0.56,46,78
18.0,63.0,40.43521,-3.66728,4,107.0,2,323,8.0,5,259
11.0,18.0,40.424397,-3.725232,4,82.0,2,205,5.08,1,257
16.0,66.0,40.447159,-3.663242,4,64.0,4,117,2.93,1,46
17.0,76.0,40.41035152169847,-3.7093641324229134,3,71.0,1,24,1.4,1,335
18.0,63.0,40.4366,-3.6671,4,111.0,2,324,7.99,5,238
17.0,80.0,40.41700296909256,-3.707278901655373,4,78.0,2,209,5.16,22,209
17.0,80.0,40.4167,-3.70707,4,77.0,3,213,5.27,22,251
17.0,80.0,40.41682,-3.70654,4,77.0,3,245,6.05,22,235
17.0,80.0,40.41688,-3.70699,4,77.0,2,221,5.46,22,285
17.0,76.0,40.41891,-3.70826,4,77.0,3,190,4.74,22,286
15.0,66.0,40.43772553957045,-3.705420130073472,3,53.0,7,20,0.85,3,333
9.0,5.0,40.41768006159201,-3.6173858533810064,3,30.0,7,160,4.38,1,83
17.0,66.0,40.42284,-3.70316,1,33.0,1,45,1.11,12,361
18.0,63.0,40.43634,-3.66916,4,137.0,2,335,8.34,5,206
3.0,29.0,40.40992,-3.72886,3,38.0,3,24,0.59,2,1
17.0,66.0,40.420708,-3.702295,3,70.0,1,121,3.06,13,134
18.0,63.0,40.43624,-3.66899,4,109.0,2,317,7.84,5,132
18.0,63.0,40.43492,-3.6669,4,92.0,2,327,8.11,5,137
17.0,61.0,40.410744,-3.702753,4,105.0,2,195,4.83,141,285
17.0,61.0,40.410744,-3.702753,4,114.0,2,196,4.88,141,263
17.0,61.0,40.410744,-3.702753,4,112.0,2,168,4.15,141,273
17.0,61.0,40.410744,-3.702753,4,117.0,2,186,4.62,141,275
8.0,41.0,40.404369,-3.660482,3,45.0,1,323,8.01,2,111
12.0,54.0,40.47795,-3.62933,4,114.0,2,38,0.95,1,202
17.0,77.0,40.42093,-3.6988,4,140.0,14,16,0.45,1,346
18.0,73.0,40.42754,-3.67341,4,90.0,1,46,1.14,181,251
17.0,66.0,40.42458,-3.70084,4,143.0,30,0,0.0,15,124
16.0,70.0,40.420567,-3.679344,3,89.0,1,114,2.85,1,327
17.0,66.0,40.42187,-3.70114,4,103.0,1,89,2.22,1,313
17.0,61.0,40.41242,-3.70625,4,117.0,3,144,3.71,1,268
13.0,60.0,40.40175,-3.69391,4,101.0,2,84,2.23,1,79
6.0,45.0,40.38839,-3.72214,4,77.0,2,220,5.49,2,69
17.0,80.0,40.41875,-3.70782,4,133.0,2,318,7.96,3,48
17.0,76.0,40.41532,-3.70907,4,82.0,3,138,3.56,1,215
16.0,66.0,40.44133,-3.67179,4,106.0,1,21,0.55,12,350
17.0,77.0,40.4203,-3.69936,3,56.0,4,123,3.14,9,41
11.0,70.0,40.42445373535156,-3.713676929473877,3,58.0,1,198,4.93,1,234
17.0,77.0,40.425095,-3.691769,4,81.0,3,178,4.44,22,279
18.0,60.0,40.42337,-3.66664,4,86.0,1,6,0.16,1,327
17.0,76.0,40.41149447674645,-3.709979567627383,4,107.0,2,168,7.74,3,45
17.0,80.0,40.41896,-3.70776,4,125.0,2,312,7.81,3,46
16.0,70.0,40.4185,-3.67837,4,118.0,1,18,0.47,54,321
17.0,79.0,40.41451,-3.69613,4,132.0,1,100,2.51,2,144
6.0,25.0,40.38885,-3.73812,4,79.0,2,95,2.43,2,75
17.0,77.0,40.42404,-3.69717,4,118.0,2,113,2.83,1,161
6.0,25.0,40.38633,-3.74439,4,90.0,2,117,2.92,1,7
17.0,61.0,40.40974,-3.69551,4,97.0,1,104,2.59,181,280
18.0,63.0,40.43638,-3.66747,4,111.0,2,327,8.15,6,241
16.0,66.0,40.44684366052641,-3.6691652296386663,4,146.0,1,97,2.67,65,333
16.0,78.0,40.41573,-3.67219,4,142.0,1,96,2.54,292,260
17.0,61.0,40.40862,-3.70186,4,86.0,3,107,2.73,1,241
17.0,61.0,40.41227,-3.70545,4,128.0,3,83,2.31,75,127
17.0,61.0,40.41248,-3.70316,4,119.0,3,32,0.81,75,154
17.0,66.0,40.42188,-3.70251,4,90.0,5,77,1.98,30,16
5.0,10.0,40.34499,-3.69272,3,45.0,2,95,2.37,3,81
14.0,63.0,40.44784,-3.69134,4,147.0,1,16,0.6,1,91
5.0,44.0,40.34434,-3.69313,3,47.0,2,99,2.48,3,81
18.0,63.0,40.43445,-3.66875,4,94.0,2,361,9.02,6,231
18.0,63.0,40.43633,-3.66761,4,94.0,2,365,9.1,6,159
17.0,77.0,40.42063,-3.69993,3,120.0,3,24,0.6,27,10
17.0,79.0,40.41903,-3.69904,3,94.0,3,15,0.38,27,136
17.0,80.0,40.414677,-3.705585,4,117.0,1,145,3.63,13,22
17.0,80.0,40.414879,-3.707151,4,104.0,1,143,3.58,13,28
8.0,37.0,40.39005,-3.66308,3,25.0,1,219,5.47,2,88
17.0,77.0,40.42219,-3.69961,3,58.0,1,0,0.0,2,178
17.0,80.0,40.414818,-3.707497,4,107.0,1,96,2.42,13,44
15.0,66.0,40.43243,-3.71066,4,105.0,30,4,0.14,4,362
17.0,77.0,40.41951,-3.69804,4,161.0,1,115,2.92,63,63
13.0,55.0,40.40584,-3.71173,3,49.0,3,42,1.1,3,315
16.0,51.0,40.40662,-3.67596,3,38.0,1,142,3.56,18,251
16.0,51.0,40.4066,-3.67594,3,36.0,1,13,0.34,18,256
17.0,66.0,40.427254,-3.7084568,4,91.0,3,38,0.97,23,325
11.0,70.0,40.42730331420898,-3.714144945144653,4,99.0,3,51,1.29,23,341
14.0,50.0,40.46019,-3.69904,4,87.0,1,18,0.45,181,285
6.0,25.0,40.38925,-3.741,3,35.0,2,33,0.84,2,195
17.0,66.0,40.4227008,-3.7030984,4,102.0,10,68,1.79,15,94
18.0,63.0,40.43589,-3.67036,4,99.0,2,300,7.61,6,134
18.0,63.0,40.43227,-3.66941,4,147.0,1,105,2.68,3,280
17.0,61.0,40.40937,-3.7095,4,99.0,2,197,4.95,27,9
17.0,77.0,40.42248,-3.69962,3,60.0,1,0,0.0,2,179
3.0,29.0,40.41077,-3.72781,4,101.0,3,242,6.75,1,145
17.0,76.0,40.41139,-3.71309,4,103.0,3,42,1.05,75,136
6.0,42.0,40.39223,-3.70923,4,80.0,2,108,2.75,2,71
6.0,42.0,40.39179,-3.70922,4,86.0,2,109,2.81,2,52
13.0,60.0,40.40384681741558,-3.6969292168652856,4,73.0,12,3,0.21,1,281
14.0,63.0,40.45051,-3.69902,4,130.0,1,78,2.11,43,313
17.0,80.0,40.4193466,-3.707915,4,137.0,1,359,9.04,2,25
17.0,77.0,40.42081,-3.7012,3,52.0,3,23,0.58,27,265
17.0,80.0,40.41858,-3.69995,3,68.0,3,14,0.35,27,261
15.0,66.0,40.43757,-3.70884,4,89.0,2,40,2.32,1,64
10.0,36.0,40.4837852,-3.6867497,3,31.0,3,65,2.78,1,59
12.0,54.0,40.48595,-3.66599,4,118.0,1,6,0.15,11,154
17.0,76.0,40.4228,-3.71104,4,128.0,1,86,2.19,54,360
18.0,82.0,40.42642,-3.68633,4,96.0,5,75,1.93,30,11
17.0,76.0,40.42045,-3.70637,4,128.0,1,22,0.58,2,276
17.0,77.0,40.42246,-3.6976,4,154.0,4,24,0.67,21,184
17.0,66.0,40.42132,-3.70309,1,32.0,1,42,1.08,12,353
17.0,66.0,40.42245,-3.7049,1,32.0,1,53,1.45,12,359
17.0,61.0,40.40602,-3.70637,4,112.0,1,377,9.63,1,76
14.0,71.0,40.46853,-3.69101,3,40.0,2,143,3.6,1,4
17.0,61.0,40.40754,-3.70451,4,114.0,1,369,9.49,1,76
17.0,61.0,40.40615,-3.70649,4,111.0,1,366,9.38,1,79
17.0,76.0,40.41985,-3.70832,4,112.0,1,21,0.69,2,305
17.0,61.0,40.40792,-3.7051,4,113.0,1,385,9.93,1,63
17.0,76.0,40.41219,-3.71214,4,74.0,1,110,2.8,292,53
12.0,61.0,40.4728065,-3.6547066,3,35.0,1,370,9.38,1,1
17.0,61.0,40.40745,-3.70325,4,95.0,28,44,1.16,2,266
17.0,66.0,40.42294,-3.7093,4,143.0,1,144,3.64,292,319
17.0,61.0,40.41123839999999,-3.7061651,4,86.0,3,92,2.36,2,100
15.0,66.0,40.43834,-3.70864,4,132.0,7,0,0.0,36,77
17.0,79.0,40.41366,-3.69513,4,112.0,1,104,2.66,292,270
8.0,41.0,40.40025723723689,-3.665554448962211,4,90.0,2,212,5.41,1,37
7.0,33.0,40.37071,-3.613,3,58.0,2,25,0.92,1,356
1.0,13.0,40.39798,-3.5556,4,88.0,30,6,0.17,9,137
12.0,61.0,40.473793,-3.6385614,3,59.0,1,205,5.19,1,50
17.0,80.0,40.41706,-3.70254,4,138.0,3,151,3.89,1,222
16.0,51.0,40.40528,-3.67644,4,92.0,2,20,0.52,1,184
3.0,29.0,40.4092551,-3.732684099999999,4,81.0,2,100,2.77,1,148
11.0,46.0,40.4720218,-3.7288718,3,41.0,20,13,0.53,2,271
18.0,82.0,40.42716,-3.68525,4,111.0,2,172,4.4,141,272
18.0,63.0,40.43445,-3.66732,4,110.0,2,337,8.96,6,232
10.0,61.0,40.44491,-3.64372,4,117.0,30,41,1.06,1,188
17.0,79.0,40.41304,-3.69494,4,73.0,30,99,2.57,1,241
17.0,66.0,40.4227008,-3.7030984,4,93.0,5,49,1.3,30,15
17.0,61.0,40.41123,-3.70073,4,124.0,1,57,1.47,2,322
17.0,61.0,40.40622,-3.7042,4,120.0,1,370,10.63,1,326
17.0,79.0,40.41585,-3.70022,4,143.0,12,57,1.46,1,10
17.0,66.0,40.42231,-3.70414,4,96.0,3,43,1.09,30,11
18.0,68.0,40.428711,-3.6738912,4,162.0,1,139,3.56,1,231
10.0,45.0,40.422457116803606,-3.6527401953935614,3,31.0,1,213,5.42,1,261
13.0,60.0,40.40095,-3.69368,4,128.0,3,93,2.45,93,55
13.0,60.0,40.40214,-3.69341,4,128.0,3,116,3.03,93,52
8.0,48.0,40.395832,-3.6702162,4,75.0,3,43,1.13,2,257
17.0,61.0,40.41122,-3.70118,4,89.0,5,79,2.01,292,319
17.0,76.0,40.4129,-3.71305,4,126.0,3,40,1.04,75,142
9.0,24.0,40.43235665382529,-3.6249313876032825,3,30.0,1,157,4.1,1,87
17.0,61.0,40.41055,-3.70254,4,94.0,3,23,0.59,15,318
17.0,61.0,40.41079,-3.69865,4,87.0,1,26,0.66,181,280
10.0,62.0,40.46848,-3.66723,4,110.0,1,31,0.8,181,343
10.0,62.0,40.47047,-3.66507,4,77.0,1,45,1.19,181,319
10.0,62.0,40.46878,-3.66506,4,69.0,1,46,1.3,181,336
10.0,62.0,40.46953,-3.66724,4,95.0,1,66,1.77,181,293
6.0,42.0,40.39509,-3.71297,4,68.0,28,30,0.79,5,18
3.0,11.0,40.40351,-3.73004,3,47.0,6,20,0.53,1,345
17.0,61.0,40.4120001,-3.703911,3,113.0,3,70,1.97,1,105
6.0,7.0,40.37172,-3.68765,4,85.0,2,8,0.2,6,120
6.0,58.0,40.38101806657708,-3.71752493083477,3,42.0,3,3,0.22,1,75
17.0,66.0,40.4231644,-3.7016515,4,143.0,3,155,4.0,1,6
12.0,54.0,40.4844884655048,-3.6685215902171744,3,30.0,28,4,0.2,1,259
2.0,49.0,40.41064,-3.63045,3,62.0,2,35,0.89,1,34
4.0,19.0,40.4591144,-3.5885126,3,38.0,30,176,4.74,8,354
10.0,45.0,40.42707,-3.65059,4,70.0,1,201,5.42,2,204
13.0,60.0,40.40295,-3.69315,4,113.0,5,226,5.78,9,214
17.0,77.0,40.42123008474826,-3.699634016338522,4,101.0,3,147,3.81,1,310
17.0,61.0,40.4095839,-3.6986389,4,117.0,3,148,3.93,2,196
17.0,66.0,40.4221,-3.70098,4,119.0,3,46,1.17,15,304
17.0,76.0,40.41308,-3.71271,4,120.0,3,28,0.72,75,141
17.0,76.0,40.41279,-3.71407,4,152.0,2,95,2.42,13,32
17.0,66.0,40.42379,-3.70386,4,90.0,5,45,1.22,30,18
14.0,52.0,40.44765,-3.70815,4,138.0,1,61,1.57,334,94
14.0,52.0,40.44807,-3.7059,4,126.0,1,108,2.75,334,70
17.0,61.0,40.41234,-3.70681,4,147.0,2,181,4.64,2,252
13.0,55.0,40.3996802,-3.7025927,4,111.0,2,128,3.3,2,1
17.0,80.0,40.41863,-3.69985,3,75.0,2,14,0.36,27,265
17.0,66.0,40.4211523,-3.7037122,4,116.0,30,111,2.84,1,29
11.0,18.0,40.42669,-3.72628,4,63.0,3,181,4.65,12,6
17.0,76.0,40.41063,-3.7166,4,97.0,3,159,4.07,12,8
6.0,22.0,40.3705569,-3.7441041,4,74.0,2,93,2.64,1,36
13.0,55.0,40.4006656,-3.7033362,4,105.0,3,106,2.75,1,235
18.0,68.0,40.43073,-3.6729,4,157.0,1,88,2.27,1,278
15.0,67.0,40.44551019999999,-3.695826799999999,4,140.0,30,1,0.25,249,46
8.0,48.0,40.39649,-3.66719,4,90.0,3,50,1.3,2,221
12.0,10.0,40.4815004497512,-3.659269362688065,4,75.0,1,212,5.78,2,297
1.0,13.0,40.3947116,-3.6251029,3,48.0,3,84,2.16,1,42
17.0,76.0,40.4206555,-3.7119077,3,56.0,7,84,2.74,8,201
17.0,76.0,40.4206555,-3.7119077,3,61.0,7,53,1.4,8,185
6.0,28.0,40.3908869,-3.7031777,4,90.0,2,122,3.14,2,234
17.0,77.0,40.42237,-3.70001,4,119.0,2,95,2.61,1,104
12.0,27.0,40.45967210062049,-3.653628006577492,4,84.0,3,69,1.82,1,322
17.0,80.0,40.41647885758064,-3.704487133648724,4,108.0,1,220,5.67,1,194
13.0,60.0,40.4025116,-3.6897212,3,88.0,2,55,2.1,1,41
12.0,54.0,40.4880032,-3.6654883,4,91.0,1,17,0.52,11,179
17.0,77.0,40.42079,-3.69914,3,68.0,3,12,0.31,27,266
9.0,32.0,40.4395,-3.61324,3,64.0,4,14,0.48,17,351
17.0,61.0,40.4103477,-3.7008277,4,123.0,1,39,1.04,8,59
7.0,33.0,40.3635355,-3.5860545,4,103.0,1,18,0.48,95,348
17.0,66.0,40.42672,-3.70177,4,93.0,2,223,5.93,3,129
17.0,80.0,40.41773,-3.70534,4,125.0,1,15,0.4,6,93
8.0,37.0,40.389975,-3.6588064,3,65.0,1,3,0.46,1,333
14.0,63.0,40.44816,-3.70053,4,83.0,1,125,3.25,2,337
15.0,64.0,40.43,-3.70058,4,108.0,3,132,3.58,5,148
8.0,48.0,40.38328,-3.66702,3,33.0,4,73,1.88,1,137
10.0,45.0,40.43128580523568,-3.653903603553772,3,38.0,1,16,0.44,6,351
17.0,61.0,40.40929,-3.69812,3,42.0,1,276,7.1,2,38
15.0,39.0,40.43050129564201,-3.712191022932529,4,74.0,7,95,2.46,4,16
16.0,51.0,40.40615,-3.67907,3,53.0,28,32,0.83,4,340
16.0,51.0,40.40587,-3.68053,3,50.0,2,22,0.58,4,335
12.0,27.0,40.46595,-3.63006,4,63.0,30,10,0.31,2,170
9.0,45.0,40.4439245,-3.5835221,4,93.0,2,63,1.62,2,93
17.0,61.0,40.40821,-3.69964,4,83.0,1,77,2.04,181,273
17.0,66.0,40.42502455187959,-3.7025960243524048,4,116.0,1,18,0.48,20,92
17.0,76.0,40.4228,-3.71104,4,138.0,1,12,0.31,54,356
10.0,47.0,40.4400635,-3.6431723,4,105.0,1,178,4.99,1,294
14.0,52.0,40.4488892,-3.7058739,3,76.0,3,49,1.27,2,299
17.0,66.0,40.42759920570141,-3.707741153749996,4,110.0,20,7,1.35,11,59
17.0,76.0,40.41293,-3.71231,4,116.0,3,15,0.42,19,102
17.0,76.0,40.4142462,-3.7119986,4,114.0,3,70,1.93,3,339
14.0,52.0,40.44921,-3.70778,4,118.0,1,26,0.77,334,97
14.0,52.0,40.44775,-3.70819,4,118.0,1,37,0.99,334,111
17.0,66.0,40.420341182186206,-3.7017992162214566,4,131.0,2,63,1.74,22,278
17.0,80.0,40.41815,-3.70277,4,131.0,2,57,1.62,22,301
17.0,79.0,40.41866,-3.69959,3,66.0,1,64,1.65,7,1
18.0,82.0,40.42855,-3.68502,4,96.0,3,71,1.99,30,13
18.0,73.0,40.4223301,-3.6766458,3,55.0,1,237,6.34,1,5
17.0,66.0,40.422701,-3.703098,4,90.0,4,68,1.76,30,16
17.0,76.0,40.41288,-3.71275,4,118.0,3,54,1.4,75,139
17.0,61.0,40.40898,-3.70906,4,143.0,2,162,4.24,1,22
17.0,66.0,40.42072,-3.70506,4,90.0,3,83,2.73,2,158
6.0,39.0,40.3995527,-3.7215363,4,119.0,1,277,7.28,2,280
11.0,70.0,40.4205221,-3.716922099999999,4,100.0,3,7,0.26,2,57
17.0,76.0,40.41449,-3.71083,4,92.0,1,30,0.79,23,108
8.0,48.0,40.3831992,-3.6665592,4,93.0,2,212,5.68,2,30
17.0,77.0,40.42239161583048,-3.6969480412693354,3,45.0,3,18,1.51,1,86
8.0,37.0,40.38995,-3.65751,4,98.0,3,86,2.28,2,241
13.0,46.0,40.4002178,-3.6952403,4,93.0,2,162,4.24,2,249
15.0,64.0,40.4309297,-3.7012155,4,148.0,2,133,3.58,5,62
3.0,29.0,40.40923,-3.73644,4,100.0,30,85,2.2,6,319
17.0,66.0,40.42223,-3.70614,4,143.0,3,178,4.63,93,65
14.0,63.0,40.45256,-3.70169,4,120.0,3,40,1.08,16,295
13.0,59.0,40.40423,-3.71441,4,85.0,1,169,4.5,181,17
16.0,65.0,40.47101,-3.68658,4,118.0,2,115,3.05,2,329
17.0,66.0,40.42578,-3.71147,4,139.0,1,35,1.01,1,17
17.0,76.0,40.41611,-3.71085,4,88.0,3,34,0.9,23,83
9.0,32.0,40.44511,-3.61178,3,35.0,1,173,4.51,1,160
17.0,76.0,40.4164498,-3.7096607,4,90.0,6,138,3.74,1,159
11.0,47.0,40.45672,-3.78248,4,82.0,3,67,1.81,1,234
9.0,5.0,40.42023,-3.61927,4,100.0,10,6,0.38,20,198
16.0,70.0,40.4188228369479,-3.675832050894068,3,42.0,2,57,1.49,2,215
13.0,46.0,40.399965948081245,-3.6941873590850447,3,23.0,15,26,0.79,3,46
16.0,59.0,40.4406742,-3.679796,4,125.0,2,205,5.59,1,180
16.0,84.0,40.46710605925117,-3.6785053258153977,4,128.0,2,5,0.59,3,3
17.0,77.0,40.4227772,-3.6984203,4,108.0,2,87,2.87,3,36
17.0,79.0,40.415479,-3.698929,3,146.0,1,138,3.64,65,235
17.0,66.0,40.4207073,-3.7022954,3,70.0,1,58,1.53,13,139
6.0,39.0,40.39651,-3.73057,4,115.0,4,14,0.37,43,352
6.0,39.0,40.39645,-3.73118,4,79.0,4,26,0.68,43,342
17.0,61.0,40.4094,-3.70201,3,69.0,3,142,3.7,1,25
17.0,66.0,40.4239957,-3.7092233,4,125.0,1,91,2.41,9,156
6.0,39.0,40.39485,-3.73249,4,82.0,4,21,0.55,46,73
6.0,39.0,40.39464,-3.73128,4,76.0,4,18,0.48,46,62
6.0,39.0,40.39646,-3.73042,4,82.0,4,24,0.65,46,66
17.0,77.0,40.42801,-3.69879,4,104.0,1,206,5.6,6,30
18.0,60.0,40.42996,-3.66416,4,142.0,2,13,2.36,1,138
17.0,77.0,40.42334009717471,-3.696768748065904,3,56.0,1,374,10.18,1,297
6.0,39.0,40.39479,-3.73245,4,80.0,4,31,0.82,46,72
12.0,54.0,40.49925,-3.65459,4,150.0,3,105,2.84,1,299
17.0,61.0,40.40686,-3.70094,4,69.0,3,18,0.5,13,232
6.0,39.0,40.39499,-3.73069,4,90.0,4,29,0.78,46,77
16.0,84.0,40.4647017,-3.6694937,4,125.0,7,4,0.27,1,272
15.0,67.0,40.4395281,-3.6975515,4,85.0,5,39,1.08,1,276
6.0,39.0,40.39459,-3.732,4,77.0,4,26,0.73,43,349
9.0,45.0,40.44149,-3.57524,3,30.0,1,450,12.18,1,307
17.0,66.0,40.42772,-3.70556,4,142.0,3,100,2.71,66,195
15.0,67.0,40.43875,-3.69706,4,164.0,1,109,2.98,292,112
17.0,66.0,40.42084,-3.70391,3,56.0,1,287,7.77,4,74
17.0,76.0,40.40774,-3.71145,3,60.0,2,26,0.7,2,79
17.0,61.0,40.4131212,-3.704287599999999,3,79.0,1,43,1.17,6,336
17.0,76.0,40.41149,-3.71515,4,107.0,1,6,0.16,181,297
17.0,66.0,40.42285,-3.70572,3,62.0,1,334,9.04,4,57
17.0,77.0,40.4201459,-3.699074899999999,4,160.0,3,124,3.33,1,244
17.0,66.0,40.42506,-3.7121,3,70.0,1,63,1.7,1,257
14.0,63.0,40.44827,-3.69694,3,71.0,2,29,0.8,2,290
13.0,46.0,40.39834761594351,-3.696395838552628,3,56.0,5,10,0.31,3,4
18.0,73.0,40.42423,-3.6796,4,134.0,3,107,2.88,1,242
17.0,61.0,40.4131212,-3.704287599999999,3,70.0,1,19,0.5,6,352
17.0,61.0,40.410469,-3.7082718,4,85.0,3,160,4.26,1,338
17.0,76.0,40.41123,-3.711,4,117.0,3,60,1.61,75,127
6.0,28.0,40.3872702,-3.7012155,4,110.0,1,7,0.22,19,311
9.0,45.0,40.44274,-3.5834,4,80.0,1,18,0.47,4,347
17.0,79.0,40.41557,-3.70153,3,80.0,2,0,0.0,27,266
17.0,77.0,40.4245547,-3.6991939,4,145.0,30,0,0.0,249,156
17.0,77.0,40.4245547,-3.6991939,4,164.0,30,0,0.0,249,110
17.0,66.0,40.42227,-3.70282,1,33.0,1,34,0.93,12,361
16.0,51.0,40.4049568,-3.6753373,3,48.0,28,21,0.57,2,17
12.0,54.0,40.50803,-3.65495,4,128.0,7,42,1.12,11,42
17.0,66.0,40.42097,-3.70353,1,33.0,1,37,1.01,12,362
17.0,66.0,40.42243,-3.70298,1,33.0,1,18,0.49,12,361
17.0,77.0,40.42845,-3.70047,4,147.0,6,106,2.85,4,67
6.0,45.0,40.3880409,-3.7298791,4,55.0,3,145,3.95,2,52
17.0,76.0,40.41042,-3.71194,4,52.0,30,0,0.0,100,364
15.0,39.0,40.43582,-3.7126,4,43.0,30,0,0.0,100,139
17.0,61.0,40.40855,-3.70353,4,99.0,30,0,0.0,100,227
17.0,66.0,40.42327,-3.70157,4,63.0,30,0,0.0,100,227
16.0,59.0,40.44604,-3.67514,4,81.0,30,0,0.0,100,227
17.0,76.0,40.41055,-3.71145,4,49.0,30,0,0.0,100,258
14.0,63.0,40.45494,-3.70185,4,55.0,30,0,0.0,100,227
14.0,50.0,40.46033,-3.70855,4,60.0,30,0,0.0,100,364
16.0,64.0,40.45281,-3.682,4,66.0,30,0,0.0,100,257
17.0,76.0,40.41984,-3.70831,4,92.0,30,0,0.0,100,227
18.0,83.0,40.43504,-3.67935,4,159.0,30,0,0.0,100,14
17.0,76.0,40.4094,-3.71058,4,52.0,30,0,0.0,100,364
18.0,60.0,40.42983,-3.66481,4,66.0,30,0,0.0,100,258
3.0,29.0,40.40927,-3.73774,4,88.0,30,0,0.0,100,226
11.0,70.0,40.42244,-3.71478,4,128.5,30,0,0.0,100,227
13.0,60.0,40.40301,-3.69186,4,60.0,30,0,0.0,100,257
17.0,66.0,40.42279,-3.7062,4,69.0,30,0,0.0,100,289
17.0,76.0,40.42147,-3.70827,4,143.0,30,0,0.0,100,319
17.0,76.0,40.41169,-3.71092,4,118.0,3,87,2.33,75,132
14.0,65.0,40.46053,-3.694758,4,96.0,1,1,0.1,407,302
3.0,10.0,40.38292,-3.78002,3,32.0,2,112,3.05,1,356
16.0,66.0,40.4432,-3.66774,3,45.0,2,121,3.28,2,29
16.0,66.0,40.44478271232996,-3.66645555587089,3,48.0,2,156,4.23,2,25
14.0,50.0,40.46154,-3.70778,4,43.0,30,0,0.0,100,137
17.0,61.0,40.40849,-3.69414,4,71.0,30,0,0.0,100,226
13.0,72.0,40.38693,-3.68808,4,76.0,30,0,0.0,100,45
13.0,55.0,40.40091,-3.70244,4,63.0,30,0,0.0,100,77
16.0,70.0,40.42131,-3.67494,4,81.0,30,0,0.0,100,364
14.0,63.0,40.45447,-3.69842,4,116.0,30,0,0.0,100,259
16.0,51.0,40.40502,-3.67642,4,63.0,30,0,0.0,100,349
10.0,75.0,40.44855,-3.66143,4,84.0,28,0,0.0,100,289
17.0,66.0,40.4259,-3.70742,4,60.0,30,0,0.0,100,319
16.0,59.0,40.44528,-3.67414,4,85.0,30,0,0.0,100,227
17.0,61.0,40.40867,-3.71031,4,90.0,30,0,0.0,100,288
17.0,79.0,40.4145,-3.70247,4,54.0,30,0,0.0,100,364
17.0,76.0,40.40942,-3.71161,4,51.0,30,0,0.0,100,258
17.0,66.0,40.42337,-3.70131,4,50.0,30,0,0.0,100,227
16.0,59.0,40.4429786,-3.6798439,4,150.0,30,4,0.12,249,183
17.0,66.0,40.42235,-3.7038,4,72.0,30,0,0.0,100,46
18.0,63.0,40.43005,-3.66531,4,90.0,30,0,0.0,100,289
11.0,70.0,40.42409,-3.71498,4,116.0,30,0,0.0,100,289
15.0,70.0,40.44545,-3.70519,4,69.0,30,0,0.0,100,288
17.0,61.0,40.41136,-3.70287,4,63.0,30,0,0.0,100,289
17.0,61.0,40.40756,-3.70242,4,135.0,30,0,0.0,100,46
17.0,76.0,40.42178,-3.70927,4,63.0,30,0,0.0,100,258
17.0,77.0,40.42181,-3.6989,4,64.0,30,0,0.0,100,77
18.0,73.0,40.42766,-3.67554,4,68.0,30,0,0.0,100,319
17.0,61.0,40.40964,-3.6978,4,49.0,30,0,0.0,100,138
17.0,61.0,40.41202,-3.70225,4,64.0,30,0,0.0,100,227
14.0,63.0,40.44992,-3.69757,4,116.0,30,0,0.0,100,319
16.0,66.0,40.44066,-3.67425,4,65.0,30,0,0.0,100,42
17.0,76.0,40.41361,-3.71203,4,65.0,30,0,0.0,100,227
13.0,60.0,40.40171493476145,-3.6924085048934985,4,108.0,2,281,7.63,3,314
17.0,61.0,40.40811,-3.70383,4,143.0,30,0,0.0,100,289
17.0,76.0,40.41242,-3.71609,4,72.0,30,0,0.0,100,107
10.0,35.0,40.44224,-3.65771,4,51.0,30,0,0.0,100,199
15.0,64.0,40.43273,-3.69827,4,140.0,30,0,0.0,100,258
6.0,56.0,40.38036,-3.69512,4,97.0,30,0,0.0,100,364
13.0,60.0,40.40228586226334,-3.692445596108106,4,128.0,2,256,6.93,3,282
18.0,68.0,40.43132,-3.67435,4,107.0,1,36,0.97,334,291
18.0,68.0,40.43589,-3.67878,4,163.0,1,51,1.38,334,321
17.0,79.0,40.41441,-3.70002,4,104.0,1,93,2.51,334,299
17.0,79.0,40.41321,-3.70048,4,101.0,1,76,2.06,334,319
17.0,66.0,40.42212,-3.70235,4,90.0,5,52,1.44,9,34
17.0,66.0,40.42221,-3.70217,4,92.0,3,56,1.53,9,21
17.0,66.0,40.4286,-3.70563,4,54.0,30,0,0.0,100,364
17.0,66.0,40.42647,-3.70484,4,48.0,30,0,0.0,100,227
13.0,59.0,40.40452,-3.71968,4,98.0,30,0,0.0,100,318
10.0,36.0,40.49495,-3.67645,4,70.0,30,0,0.0,100,318
17.0,76.0,40.41248,-3.71009,4,69.0,30,0,0.0,100,227
14.0,52.0,40.44966,-3.70425,4,81.0,30,0,0.0,100,257
18.0,63.0,40.43878,-3.67272,4,72.0,30,0,0.0,100,258
17.0,61.0,40.4065,-3.70963,4,143.0,30,0,0.0,100,227
14.0,57.0,40.46794,-3.70153,4,68.0,30,0,0.0,100,364
11.0,46.0,40.45731,-3.71383,4,70.0,30,0,0.0,100,257
13.0,55.0,40.40465227564366,-3.7038280312133742,4,54.0,3,172,4.68,2,153
13.0,60.0,40.40445,-3.69004,3,51.0,2,202,5.51,2,46
17.0,77.0,40.42281,-3.69875,4,86.0,3,143,3.8,11,172
18.0,68.0,40.432226,-3.6742359,4,141.0,2,107,2.83,22,284
10.0,45.0,40.431948697338726,-3.656198492661923,3,38.0,2,0,0.0,1,60
9.0,45.0,40.443715,-3.5833652,4,94.0,1,182,4.83,21,67
17.0,66.0,40.4251,-3.70237,4,143.0,1,51,1.39,2,7
17.0,76.0,40.41403,-3.70912,3,33.0,25,3,0.12,5,76
17.0,66.0,40.4241709,-3.7012551,4,115.0,1,63,1.72,1,263
17.0,77.0,40.42216511156586,-3.700581081211567,4,121.0,1,136,3.71,2,327
16.0,70.0,40.41687,-3.67271,3,30.0,1,16,0.47,4,200
10.0,53.0,40.47384,-3.71481,4,83.0,2,35,1.0,1,337
17.0,76.0,40.40938,-3.71204,4,143.0,3,70,1.94,1,4
14.0,57.0,40.46707,-3.7034,4,73.0,30,0,0.0,100,319
17.0,61.0,40.41153,-3.7075,4,104.0,30,0,0.0,100,364
17.0,61.0,40.40719,-3.69994,4,89.0,1,94,2.64,292,285
18.0,63.0,40.43746,-3.67371,4,154.0,1,90,2.4,334,299
4.0,40.0,40.47273,-3.58169,4,159.0,1,63,2.32,20,322
17.0,61.0,40.4078887,-3.707507999999999,4,143.0,30,3,0.09,249,107
17.0,66.0,40.42092309480563,-3.702671527862549,4,90.0,3,158,4.31,22,263
14.0,63.0,40.44706,-3.70155,4,110.0,1,17,0.46,7,264
17.0,76.0,40.41074628438712,-3.7148195675851055,4,94.0,2,51,2.29,7,332
17.0,61.0,40.4084,-3.7102,4,90.0,6,14,0.65,1,44
17.0,66.0,40.42387,-3.70401,4,114.0,3,49,1.43,9,28
17.0,61.0,40.40915,-3.70328,4,123.0,3,40,1.09,1,108
17.0,61.0,40.410744,-3.7009776,4,158.0,1,14,0.52,61,347
17.0,61.0,40.410744,-3.7009776,4,133.0,1,8,0.47,61,365
17.0,80.0,40.41492,-3.70415,4,151.0,1,102,2.74,14,111
17.0,76.0,40.41511,-3.71261,3,133.0,1,66,1.79,21,338
13.0,49.0,40.3932708,-3.697648,4,67.0,3,149,4.04,1,35
17.0,61.0,40.40944574383027,-3.6981533467769614,3,70.0,2,51,1.38,3,346
17.0,61.0,40.40936711452997,-3.6982455477118488,3,109.0,2,45,1.22,3,345
17.0,61.0,40.409470762224736,-3.698339089751244,3,103.0,2,3,0.1,3,345
14.0,52.0,40.45166,-3.7042,4,90.0,3,72,1.98,1,249
6.0,39.0,40.39637,-3.73044,4,95.0,4,23,0.64,43,345
17.0,61.0,40.40910812275128,-3.702209784655759,4,68.0,3,139,3.79,2,44
17.0,77.0,40.42273,-3.69891,3,37.0,1,299,8.2,1,21
14.0,63.0,40.44694,-3.70165,4,121.0,7,11,0.3,7,305
17.0,76.0,40.41115,-3.71398,3,106.0,1,13,0.49,34,131
17.0,76.0,40.41323,-3.71294,3,104.0,1,7,0.21,34,72
17.0,76.0,40.41141,-3.71285,3,129.0,1,5,0.69,34,103
17.0,76.0,40.41298,-3.71294,3,123.0,1,8,0.25,34,103
17.0,76.0,40.41273,-3.71252,3,119.0,1,15,0.47,34,101
17.0,76.0,40.41121,-3.71386,3,133.0,1,11,0.36,34,95
17.0,76.0,40.41326,-3.71302,3,130.0,1,25,0.78,34,85
17.0,79.0,40.41916,-3.69938,3,119.0,1,9,0.28,34,122
12.0,54.0,40.48827,-3.66595,4,138.0,30,33,0.9,11,144
14.0,65.0,40.45898,-3.69135,4,116.0,2,55,1.51,72,1
17.0,76.0,40.41654399999999,-3.7102699,4,143.0,2,82,2.23,1,1
17.0,61.0,40.41051845515631,-3.700501956045628,4,143.0,1,79,2.15,1,145
17.0,76.0,40.41681,-3.71225,3,160.0,1,32,0.86,34,103
14.0,65.0,40.4581,-3.69535,4,134.0,3,115,3.16,1,224
17.0,66.0,40.42212,-3.70457,4,130.0,3,147,4.04,3,5
18.0,63.0,40.43681,-3.67321,4,68.0,2,104,2.94,1,323
10.0,45.0,40.4802688588309,-3.7228899118537258,3,45.0,1,107,2.95,2,346
10.0,36.0,40.48579397769038,-3.686170901309671,4,92.0,5,69,1.85,3,322
16.0,70.0,40.42103,-3.6782,4,98.0,30,30,0.91,181,255
9.0,45.0,40.44191,-3.58335,4,101.0,1,168,4.52,21,72
17.0,77.0,40.42703,-3.70135,3,47.0,2,87,2.37,1,305
6.0,45.0,40.39052,-3.72097,4,75.0,1,59,1.83,292,282
17.0,79.0,40.41476,-3.6954,4,112.0,1,27,0.76,292,270
16.0,51.0,40.40153,-3.67752,3,52.0,1,308,8.35,1,208
16.0,59.0,40.45073,-3.67064,4,89.0,28,30,0.88,1,148
15.0,66.0,40.43166,-3.70577,3,50.0,5,16,0.44,5,331
17.0,77.0,40.4245547,-3.6991939,4,144.0,30,5,0.15,249,93
17.0,76.0,40.4091677,-3.7119689,4,161.0,3,106,2.91,1,224
5.0,44.0,40.346355,-3.7052779,3,51.0,1,18,0.49,1,222
16.0,66.0,40.43886,-3.67674,4,153.0,1,14,0.46,2,274
15.0,64.0,40.43131,-3.70393,3,65.0,5,21,0.57,5,343
15.0,66.0,40.43208,-3.70598,3,48.0,7,17,0.47,5,318
15.0,64.0,40.43323,-3.70389,3,48.0,7,11,0.3,5,332
4.0,19.0,40.4589,-3.5895,3,50.0,2,193,5.37,8,2
3.0,29.0,40.41294,-3.72582,3,30.0,2,102,2.79,2,59
4.0,19.0,40.45971,-3.58766,3,62.0,2,94,2.61,8,337
18.0,68.0,40.4311,-3.67313,4,97.0,2,107,2.9,22,296
4.0,19.0,40.45841,-3.58771,3,60.0,2,110,3.05,8,336
4.0,19.0,40.45997,-3.58883,3,48.0,2,142,3.85,8,278
17.0,80.0,40.41948,-3.70733,4,145.0,1,20,0.57,292,315
17.0,61.0,40.40961934066151,-3.697812035679817,3,68.0,2,5,0.14,3,347
17.0,61.0,40.41032,-3.70549,3,73.0,3,81,2.21,1,92
17.0,66.0,40.4223334,-3.7061366,3,59.0,1,277,7.5,1,244
17.0,66.0,40.4216,-3.70375,4,156.0,3,65,1.91,3,342
17.0,76.0,40.4098683,-3.7108885,4,131.0,1,157,4.3,141,260
17.0,61.0,40.40789,-3.70192,4,103.0,3,38,1.05,15,317
8.0,37.0,40.38847,-3.65676,4,90.0,2,205,5.58,6,270
12.0,61.0,40.4744451,-3.6408008,3,69.0,1,59,1.67,4,329
12.0,61.0,40.4744451,-3.6408008,3,83.0,1,47,1.32,4,341
12.0,61.0,40.4744451,-3.6408008,3,47.0,1,144,4.11,4,349
18.0,73.0,40.42628,-3.66866,4,123.0,3,73,2.0,1,239
10.0,45.0,40.42989499999999,-3.6462375,4,82.0,2,114,3.32,1,208
8.0,12.0,40.39262,-3.65375,3,50.0,1,25,0.68,3,217
17.0,80.0,40.41687,-3.7037,3,83.0,3,15,0.43,8,126
17.0,61.0,40.4124584,-3.7020083,4,141.0,3,75,2.05,13,24
11.0,70.0,40.42128,-3.71486,3,127.0,1,2,0.3,6,4
11.0,70.0,40.4208078,-3.7158735,3,50.0,1,13,0.36,6,1
11.0,70.0,40.42167,-3.71696,3,93.0,1,0,0.0,6,2
16.0,51.0,40.40587,-3.67923,3,63.0,1,306,8.34,1,120
17.0,76.0,40.41597,-3.71036,3,153.0,1,29,0.81,21,325
17.0,61.0,40.4124584,-3.7020083,4,139.0,3,101,2.77,13,17
16.0,70.0,40.42034317458756,-3.676595091819763,4,140.0,5,140,3.81,1,4
17.0,79.0,40.41566,-3.70018,4,109.0,5,169,4.62,1,293
13.0,72.0,40.39117431,-3.693966,4,120.0,3,117,3.23,66,206
17.0,76.0,40.41061,-3.71092,3,71.0,3,64,1.74,1,331
17.0,76.0,40.4136416,-3.7103929,4,131.0,2,183,5.44,1,100
6.0,45.0,40.38812,-3.72351,3,31.0,2,70,1.94,1,345
10.0,47.0,40.43525,-3.65029,3,44.0,2,90,2.46,1,1
13.0,72.0,40.39054,-3.68809,3,63.0,2,55,1.52,1,352
14.0,63.0,40.4548,-3.69381,4,83.0,20,22,0.64,36,365
18.0,73.0,40.42781337907861,-3.675896376371384,3,56.5,6,36,0.98,2,1
8.0,12.0,40.38971,-3.65244,3,25.0,30,39,1.08,7,263
17.0,76.0,40.41453,-3.71119,3,156.0,1,15,0.41,21,363
17.0,76.0,40.41427,-3.71038,3,133.0,1,47,1.33,21,363
11.0,47.0,40.44643,-3.78888,3,62.0,30,14,0.4,3,52
5.0,10.0,40.3420867,-3.6849834,3,18.0,1,214,5.92,2,262
17.0,61.0,40.41137,-3.70277,4,135.0,3,67,1.83,13,32
17.0,76.0,40.4146,-3.71241,3,79.0,1,28,0.85,21,348
8.0,48.0,40.39573,-3.67058,3,26.0,3,30,0.82,5,157
5.0,10.0,40.34249,-3.6838,3,18.0,1,157,4.28,2,279
14.0,50.0,40.45581,-3.7035,4,73.0,3,83,2.37,4,267
17.0,61.0,40.40937,-3.69827,3,26.0,1,218,5.99,4,49
14.0,63.0,40.44794756506256,-3.701430326389308,4,118.0,1,115,3.15,3,317
12.0,54.0,40.49662,-3.6163,3,59.0,1,152,4.17,1,13
13.0,55.0,40.40029770657632,-3.701292683328239,4,100.0,2,251,6.96,1,313
17.0,76.0,40.41444,-3.71089,3,140.0,1,55,1.51,21,341
17.0,66.0,40.42227,-3.70328,4,143.0,2,189,5.24,5,5
16.0,59.0,40.44445,-3.67497,4,111.0,1,132,3.68,4,140
3.0,29.0,40.41328,-3.72501,4,110.0,1,13,0.39,54,359
17.0,80.0,40.4142,-3.70437,4,55.0,30,9,0.26,1,222
12.0,10.0,40.48237,-3.66039,4,62.0,1,164,4.5,2,310
17.0,76.0,40.41314,-3.71375,4,120.0,2,32,0.88,6,307
17.0,79.0,40.41499,-3.7021,4,117.0,1,70,1.93,1,203
8.0,41.0,40.40333,-3.66554,3,39.0,1,0,0.0,1,294
6.0,58.0,40.37491,-3.71651,3,95.0,2,28,0.77,1,265
17.0,76.0,40.41197,-3.71305,4,150.0,2,15,0.42,6,322
6.0,39.0,40.39621,-3.73271,4,84.0,4,30,0.83,46,64
17.0,76.0,40.4137,-3.71185,4,136.0,2,27,0.75,6,330
17.0,61.0,40.41078,-3.7032,4,76.0,28,22,0.73,1,132
17.0,61.0,40.40804,-3.70123,4,65.0,2,211,5.82,1,83
15.0,64.0,40.42952,-3.70343,3,56.0,2,81,2.23,5,345
17.0,76.0,40.41824,-3.70992,4,150.0,10,9,0.26,2,36
6.0,39.0,40.39361790650367,-3.7350429830087832,4,75.0,3,7,1.98,1,20
17.0,61.0,40.41005,-3.70039,4,75.0,30,24,0.71,1,212
8.0,41.0,40.39677,-3.66014,3,30.0,1,84,2.32,12,229
8.0,48.0,40.3923837,-3.6642054,4,75.0,2,154,4.3,2,26
10.0,53.0,40.47435,-3.71225,4,73.0,2,138,3.85,1,95
5.0,44.0,40.3334364,-3.7027812,4,83.0,2,53,1.49,19,288
17.0,66.0,40.4211393,-3.7040696,4,143.0,3,16,0.45,1,3
18.0,73.0,40.42726308118085,-3.677248128173436,4,103.0,1,12,0.39,55,296
9.0,45.0,40.44924,-3.57746,4,82.0,1,8,0.23,1,196
17.0,66.0,40.42388,-3.70589,3,71.0,3,92,2.63,3,230
17.0,66.0,40.42077,-3.70414,4,92.0,3,63,1.75,9,27
17.0,66.0,40.4244,-3.70442,3,71.0,3,91,2.51,3,240
17.0,77.0,40.42547,-3.69275,4,98.0,1,130,3.57,181,271
13.0,46.0,40.3987711,-3.6954085,3,43.0,3,126,3.5,1,77
8.0,37.0,40.39174,-3.66299,4,92.0,1,27,0.82,1,3
17.0,66.0,40.42103,-3.70217,4,157.0,1,48,1.32,3,291
4.0,19.0,40.45944,-3.58968,3,52.0,2,155,4.34,8,311
6.0,32.0,40.38544,-3.70414,4,96.0,3,59,1.71,2,222
14.0,65.0,40.45872,-3.6987,4,78.0,1,122,3.44,1,219
16.0,64.0,40.45228,-3.67153,3,65.0,15,0,0.0,1,362
12.0,10.0,40.47527,-3.65824,4,121.0,2,159,4.41,1,22
12.0,54.0,40.49089,-3.65516,3,44.0,2,20,0.55,1,136
17.0,76.0,40.41467,-3.71056,4,91.0,3,190,5.22,1,14
17.0,76.0,40.41463,-3.70979,4,133.0,2,210,5.92,8,124
17.0,76.0,40.41637,-3.71097,3,140.0,3,21,0.59,21,353
17.0,76.0,40.41504,-3.71062,3,109.0,1,26,0.72,21,341
17.0,76.0,40.41297,-3.71533,4,146.0,4,70,1.96,16,295
9.0,24.0,40.43179,-3.62648,3,35.0,30,0,0.0,2,83
13.0,49.0,40.39462,-3.69902,3,52.0,2,73,2.03,2,352
13.0,49.0,40.3952109,-3.6979255,3,56.0,2,87,2.41,2,352
13.0,60.0,40.40619,-3.6955,4,95.0,1,251,6.97,9,349
13.0,60.0,40.40445,-3.69559,4,93.0,1,262,7.29,9,331
15.0,70.0,40.44343,-3.71205,3,55.0,2,115,3.26,2,279
14.0,63.0,40.449342542,-3.7016713,4,125.0,1,22,0.61,95,326
17.0,66.0,40.42375,-3.70336,4,85.0,3,57,1.94,9,25
14.0,63.0,40.4493752,-3.7016713,4,116.0,1,15,0.42,95,327
8.0,48.0,40.39648641126598,-3.667379561376951,4,149.0,6,14,0.39,3,16
15.0,67.0,40.44344676144422,-3.698193337434388,4,110.0,1,72,2.05,9,353
10.0,47.0,40.43629,-3.64449,3,45.0,1,124,3.43,1,277
17.0,79.0,40.41545,-3.70169,3,72.0,3,78,2.18,1,130
6.0,58.0,40.38503,-3.71694,4,122.0,1,33,0.91,181,229
5.0,35.0,40.35034546536324,-3.685596390732431,3,28.0,1,129,3.62,1,24
12.0,27.0,40.46744765333106,-3.639806457672121,4,87.0,1,139,3.84,1,226
17.0,77.0,40.42357,-3.69591,3,55.0,1,208,5.8,1,61
15.0,64.0,40.43147,-3.70405,3,50.0,5,11,0.36,5,358
3.0,12.0,40.3940756,-3.7698766,3,38.0,11,9,0.25,1,316
13.0,55.0,40.39859,-3.70252,4,85.0,1,119,3.32,292,265
16.0,70.0,40.42011614821767,-3.6722556219422353,3,31.0,30,10,0.5,9,75
17.0,66.0,40.42321,-3.70222,4,90.0,5,42,1.25,9,23
16.0,66.0,40.4401072,-3.6775212,4,95.0,1,11,0.3,12,315
16.0,66.0,40.4401072,-3.6775212,4,95.0,1,13,0.42,12,327
16.0,66.0,40.4401072,-3.6775212,4,95.0,1,31,0.86,12,340
16.0,66.0,40.4401072,-3.6775212,4,95.0,1,63,1.76,12,338
6.0,8.0,40.36477,-3.70737,3,49.0,1,130,3.64,1,49
8.0,12.0,40.38976,-3.65262,3,25.0,30,41,1.32,7,197
11.0,47.0,40.45637,-3.7854,4,110.0,28,12,0.41,1,322
10.0,36.0,40.4946086,-3.697294,3,34.0,1,23,0.74,1,43
6.0,25.0,40.38205,-3.74505,3,30.0,3,83,2.32,3,348
14.0,57.0,40.46534,-3.70605,4,116.0,2,52,1.89,24,2
14.0,65.0,40.45775,-3.69688,4,113.0,2,97,2.86,51,330
16.0,59.0,40.4483749,-3.6681468,4,115.0,7,47,1.3,62,339
17.0,77.0,40.42413,-3.69733,4,148.0,2,30,0.86,1,3
17.0,61.0,40.40584,-3.701,4,106.0,1,80,2.27,26,147
17.0,80.0,40.41712,-3.70546,3,61.0,1,147,4.07,2,182
17.0,76.0,40.41307,-3.70807,4,139.0,2,225,6.25,27,22
17.0,66.0,40.4235409,-3.7035543,4,136.0,1,62,1.74,13,147
14.0,63.0,40.45356,-3.69936,4,125.0,1,76,2.11,43,312
16.0,59.0,40.44329,-3.6766,4,148.0,1,59,1.65,1,328
10.0,41.0,40.42844,-3.64155,4,77.0,1,53,1.48,292,285
8.0,37.0,40.39076,-3.65458,3,25.0,30,59,1.64,7,197
17.0,61.0,40.4131278,-3.7047039,3,128.0,1,14,0.55,6,50
17.0,61.0,40.4131278,-3.7047039,3,121.0,1,317,10.01,6,70
4.0,19.0,40.45804,-3.58806,3,57.0,2,147,4.09,8,336
9.0,24.0,40.42809,-3.63023,4,105.0,1,36,1.03,181,310
17.0,61.0,40.4131278,-3.7047039,3,145.0,1,64,1.78,6,66
17.0,80.0,40.41508,-3.707,3,58.0,20,16,0.46,1,53
17.0,79.0,40.4129468,-3.6993957,3,111.0,1,43,1.19,7,51
17.0,79.0,40.4129468,-3.6993957,3,102.0,1,31,0.86,7,66
17.0,79.0,40.4129468,-3.6993957,3,99.0,1,32,0.89,7,46
17.0,79.0,40.4129468,-3.6993957,3,94.0,1,64,1.79,7,49
18.0,83.0,40.43363571558219,-3.6827916924369184,3,56.5,7,0,0.0,1,202
8.0,48.0,40.39207,-3.6645,4,75.0,2,147,4.12,1,306
18.0,68.0,40.43137,-3.67531,4,105.0,3,139,3.99,2,7
17.0,77.0,40.4228745,-3.6982822,3,52.0,1,0,0.0,2,363
16.0,64.0,40.45457,-3.68072,4,78.0,3,225,6.34,1,2
17.0,77.0,40.42172030401041,-3.698954424674299,4,150.0,2,216,6.08,1,300
18.0,73.0,40.42406,-3.67819,4,110.0,1,45,1.26,2,332
16.0,78.0,40.41179,-3.67139,3,90.0,2,19,0.54,1,177
8.0,10.0,40.3813,-3.6695,3,49.0,2,210,5.94,1,279
15.0,64.0,40.43099728256296,-3.703136418736255,3,48.0,1,18,0.5,5,335
15.0,64.0,40.43076658266615,-3.703170423712506,3,50.0,1,18,0.51,5,358
17.0,76.0,40.41601,-3.71237,3,151.0,1,21,0.59,21,323
16.0,51.0,40.40523,-3.68037,4,155.0,2,98,2.97,1,297
17.0,77.0,40.42369,-3.69919,3,123.0,1,80,2.23,1,86
8.0,12.0,40.385915326273015,-3.6429180988721694,3,33.0,5,44,1.91,2,132
3.0,5.0,40.39871,-3.77333,3,37.0,1,136,3.83,3,349
17.0,61.0,40.40965,-3.69702,4,124.0,2,98,2.74,3,96
13.0,49.0,40.39903,-3.69923,4,100.0,3,108,3.1,1,231
16.0,70.0,40.4175808,-3.6764774,4,156.0,30,5,0.14,249,1
12.0,61.0,40.47997,-3.64828,4,74.0,1,35,0.99,1,238
3.0,10.0,40.3823154,-3.7639873,4,139.0,1,71,2.1,19,315
15.0,66.0,40.4304365,-3.709183699999999,4,100.0,1,140,3.94,2,129
17.0,66.0,40.42448437052086,-3.705550295897302,3,58.0,2,280,7.83,1,18
11.0,70.0,40.4211,-3.71497,3,158.0,1,44,1.35,6,3
11.0,70.0,40.42169,-3.7168,3,146.0,1,12,0.43,6,1
13.0,46.0,40.39942,-3.69837,4,121.0,1,30,1.56,1,291
18.0,68.0,40.43177,-3.67488,4,107.0,1,63,1.95,292,264
17.0,77.0,40.42332,-3.69999,4,113.0,1,87,2.73,9,71
17.0,66.0,40.420714814236185,-3.7021800130605698,4,90.0,20,18,0.53,3,208
10.0,75.0,40.44767,-3.66156,4,71.0,30,0,0.0,100,1
17.0,61.0,40.40896,-3.70616,4,143.0,30,0,0.0,100,227
17.0,66.0,40.42771,-3.70194,4,68.0,2,69,2.05,1,297
14.0,52.0,40.44838,-3.70382,4,65.0,30,0,0.0,100,363
14.0,63.0,40.44783,-3.7011,4,116.0,30,0,0.0,100,227
17.0,79.0,40.4110884,-3.6957256,4,100.0,20,105,2.97,7,198
17.0,76.0,40.422153,-3.7108884,4,124.0,1,0,0.0,61,286
17.0,61.0,40.41159,-3.6994,4,106.0,6,15,0.43,3,161
6.0,17.0,40.3782291,-3.7456473,4,51.0,30,6,0.25,3,284
16.0,78.0,40.41442,-3.67364,4,108.0,1,56,1.58,292,264
17.0,66.0,40.4236432,-3.7094443,4,139.0,1,31,1.07,1,121
17.0,76.0,40.40981,-3.7109,3,58.0,2,24,0.68,2,84
16.0,80.0,40.39942,-3.6707,4,81.0,1,32,1.02,292,315
13.0,59.0,40.40506,-3.71685,3,72.0,2,63,1.8,1,346
17.0,61.0,40.40884785249344,-3.702447898685932,4,64.0,20,28,0.82,2,259
14.0,71.0,40.46966,-3.69557,4,73.0,2,56,1.59,1,30
14.0,63.0,40.45179,-3.69881,4,116.0,30,0,0.0,100,364
18.0,60.0,40.42567,-3.6675,4,52.0,30,0,0.0,100,168
14.0,63.0,40.45138,-3.69996,4,116.0,30,0,0.0,100,258
16.0,64.0,40.45302,-3.6859,4,101.0,30,0,0.0,100,318
14.0,57.0,40.46483,-3.70247,4,57.0,30,0,0.0,100,227
17.0,66.0,40.422567,-3.706646,3,41.0,4,266,7.46,2,188
17.0,79.0,40.41222080000001,-3.6966847,4,153.0,30,5,0.17,249,205
17.0,66.0,40.4221449,-3.7018239,4,161.0,2,107,3.04,1,330
6.0,42.0,40.3918,-3.70941,4,109.0,3,77,2.27,3,45
6.0,42.0,40.39331,-3.71184,4,78.0,2,105,2.99,3,61
6.0,42.0,40.39257,-3.71394,4,78.0,2,90,2.59,3,72
10.0,47.0,40.43459,-3.64591,4,71.0,2,144,4.18,24,85
10.0,45.0,40.42561235968784,-3.654105630935436,4,77.0,2,185,5.21,4,206
17.0,61.0,40.41236,-3.70741,4,107.0,2,141,4.1,3,48
8.0,37.0,40.38513,-3.65525,3,35.0,10,15,0.44,1,43
4.0,15.0,40.45132,-3.57979,3,50.0,1,22,0.64,4,211
9.0,45.0,40.4429,-3.58171,4,84.0,1,185,5.21,21,69
6.0,42.0,40.39284,-3.71356,4,78.0,2,80,2.29,3,68
15.0,70.0,40.44017,-3.71256,4,85.0,5,18,0.51,22,152
6.0,20.0,40.38222,-3.70757,3,36.0,2,191,5.44,1,221
16.0,73.0,40.40821260000001,-3.6821758,3,72.0,2,172,4.9,2,321
16.0,73.0,40.40713,-3.68193,3,76.0,2,162,4.58,2,339
9.0,24.0,40.4409191,-3.6263415,4,95.0,2,194,5.8,1,92
16.0,66.0,40.44233,-3.67239,4,120.0,1,55,1.61,3,338
17.0,80.0,40.41708,-3.70235,4,128.0,1,130,3.69,1,333
4.0,19.0,40.46003,-3.58774,3,65.0,2,98,2.79,8,334
7.0,33.0,40.3734,-3.62974,3,35.0,1,83,2.36,2,359
13.0,46.0,40.40023,-3.69757,4,95.0,1,44,1.25,3,272
16.0,66.0,40.44453,-3.67109,4,148.0,2,96,2.73,1,312
3.0,29.0,40.41315,-3.72879,4,92.0,2,160,4.6,5,221
8.0,41.0,40.39908805894135,-3.6627414656066826,4,92.0,2,146,4.25,4,10
17.0,61.0,40.4115343,-3.7066662,4,120.0,1,64,1.82,1,43
17.0,61.0,40.40886,-3.70052,4,69.0,2,158,4.51,3,13
6.0,58.0,40.38504,-3.717,4,113.0,1,63,1.79,26,149
12.0,27.0,40.46464,-3.64722,4,96.0,4,16,0.61,46,79
17.0,66.0,40.422969,-3.7014368,4,91.0,1,110,3.12,1,2
18.0,82.0,40.42797,-3.6865,4,90.0,3,77,2.21,9,28
16.0,70.0,40.4204,-3.67631,4,123.0,1,73,2.09,1,292
3.0,29.0,40.40874,-3.73307,4,100.0,3,68,1.97,1,244
17.0,66.0,40.4233877,-3.706795099999999,4,65.0,1,45,1.44,13,134
11.0,15.0,40.46442,-3.72334,4,84.0,1,7,0.48,1,75
9.0,24.0,40.438214,-3.636358,4,105.0,1,69,2.12,1,236
9.0,5.0,40.42771843713461,-3.6141797527670856,3,40.0,1,72,2.13,1,328
17.0,76.0,40.41481384659608,-3.710521034158565,3,76.0,2,57,2.06,33,129
17.0,61.0,40.40718,-3.70207,4,96.0,3,170,4.84,12,5
9.0,24.0,40.43084,-3.62425,4,53.0,3,75,2.31,1,227
13.0,55.0,40.40093,-3.7008,4,103.0,3,89,2.58,1,240
17.0,79.0,40.41308,-3.69604,4,109.0,1,167,4.75,1,213
17.0,76.0,40.41783,-3.71237,3,52.0,2,71,2.03,33,107
14.0,57.0,40.46474,-3.70315,4,108.0,2,33,0.95,9,84
11.0,15.0,40.45981,-3.71143,4,119.0,2,18,0.51,9,80
6.0,25.0,40.38542,-3.73878,4,117.0,2,136,4.04,3,75
6.0,25.0,40.38541,-3.73837,4,130.0,2,146,4.28,3,56
17.0,61.0,40.4130169,-3.702557799999999,4,133.0,1,10,0.29,6,301
15.0,64.0,40.43159,-3.70335,4,130.0,1,28,0.94,77,330
6.0,28.0,40.38523021621889,-3.7126949429512015,3,40.0,2,21,0.6,1,344
15.0,39.0,40.4346,-3.71709,3,58.0,1,108,3.12,1,337
18.0,73.0,40.42858768266655,-3.677621970235783,4,100.0,30,16,0.48,29,64
17.0,80.0,40.4185,-3.70661,4,143.0,1,119,3.45,5,347
17.0,76.0,40.4228,-3.71104,4,128.0,1,34,1.03,54,299
3.0,10.0,40.3823154,-3.7639873,4,139.0,1,50,1.62,19,332
17.0,76.0,40.40986,-3.71206,4,143.0,1,12,0.45,77,289
17.0,61.0,40.40942,-3.69904,4,113.0,2,96,2.74,3,104
2.0,16.0,40.3960090118706,-3.634992018342018,4,125.0,28,7,0.22,3,117
17.0,80.0,40.4192966,-3.7079249,4,125.0,1,250,7.2,11,114
15.0,70.0,40.44265686751288,-3.7125581502914433,3,43.0,2,82,2.35,2,302
14.0,65.0,40.4591055,-3.6919878,4,79.0,4,62,1.83,1,77
17.0,80.0,40.41667,-3.70334,4,140.0,1,9,3.55,14,122
3.0,29.0,40.40907914669774,-3.738857544958592,3,37.0,1,240,6.93,1,228
16.0,51.0,40.40196406080863,-3.675336129963398,4,105.0,4,81,2.38,1,60
17.0,76.0,40.41113,-3.7121,4,100.0,2,139,4.31,1,196
17.0,76.0,40.41636,-3.71059,3,130.0,1,27,0.77,21,351
9.0,45.0,40.44478,-3.5828,4,89.0,1,448,12.87,3,156
10.0,47.0,40.43878,-3.64189,4,129.0,2,91,2.71,1,136
3.0,29.0,40.41315,-3.72592,4,45.0,1,57,3.62,2,164
15.0,67.0,40.439,-3.69972,3,70.0,2,0,0.0,1,75
17.0,80.0,40.41675,-3.70731,4,159.0,2,196,6.16,5,163
6.0,45.0,40.3904623,-3.721632,4,105.0,1,8,0.23,95,333
3.0,26.0,40.4034653,-3.7593626,3,25.0,1,84,2.43,1,302
16.0,51.0,40.40411,-3.67563,3,49.0,1,0,0.0,3,364
17.0,76.0,40.41236,-3.71242,4,69.0,3,89,2.59,2,271
17.0,77.0,40.42154,-3.69951,4,59.0,30,89,2.62,1,232
16.0,51.0,40.404898,-3.683182,3,101.0,2,162,4.71,2,41
15.0,64.0,40.43224,-3.70052,3,160.0,1,0,0.0,1,365
17.0,76.0,40.41113,-3.70916,4,115.0,1,168,5.12,3,91
15.0,66.0,40.43267,-3.70618,3,48.0,5,4,0.45,4,332
16.0,51.0,40.40547,-3.67603,3,44.0,1,16,0.49,18,254
6.0,39.0,40.39754,-3.73317,4,75.0,2,71,2.07,2,59
6.0,39.0,40.39791,-3.7348,4,75.0,2,89,2.63,2,72
17.0,76.0,40.4162405,-3.7113125,4,131.0,2,38,1.18,16,295
10.0,35.0,40.44079,-3.64981,3,34.0,2,184,5.31,3,223
10.0,47.0,40.43359,-3.64723,3,20.0,1,142,4.15,3,21
17.0,76.0,40.41491,-3.7119,4,146.0,1,97,2.83,3,317
14.0,52.0,40.45157,-3.70686,4,82.0,1,15,1.74,181,67
17.0,76.0,40.40994,-3.71244,4,130.0,3,101,2.96,1,227
17.0,77.0,40.4253212,-3.6980498,4,117.0,3,135,3.96,1,298
17.0,80.0,40.41622,-3.70086,3,63.0,2,133,3.87,1,92
15.0,70.0,40.4425615,-3.7141857,4,67.0,1,8,0.3,3,93
17.0,61.0,40.4131278,-3.7047039,3,135.0,1,260,8.24,6,69
17.0,61.0,40.41016,-3.69864,4,90.0,3,107,3.13,1,242
17.0,61.0,40.40986,-3.69801,4,55.0,30,0,0.0,100,289
14.0,52.0,40.45175,-3.70661,4,54.0,30,0,0.0,100,257
17.0,61.0,40.40976026011286,-3.704069964587689,4,98.0,1,246,7.17,3,165
6.0,8.0,40.36934,-3.70639,3,30.0,3,97,2.82,5,249
17.0,61.0,40.41117,-3.70217,4,112.0,6,69,2.02,11,57
17.0,61.0,40.4130169,-3.702557799999999,4,133.0,1,20,0.59,6,302
17.0,61.0,40.4130169,-3.702557799999999,4,155.0,1,51,1.49,6,318
3.0,26.0,40.40330804221375,-3.747325614094734,4,70.0,1,83,2.43,4,14
15.0,64.0,40.43433,-3.70324,3,50.0,5,4,0.12,4,350
18.0,82.0,40.42729,-3.6863,4,91.0,5,43,1.38,9,19
17.0,79.0,40.41524,-3.70173,4,157.0,30,34,1.03,62,283
18.0,82.0,40.42245,-3.68888,4,146.0,1,159,4.64,1,337
14.0,57.0,40.46861,-3.70585,4,78.0,4,11,0.33,46,72
14.0,57.0,40.46935,-3.70648,4,98.0,4,14,0.44,46,76
14.0,52.0,40.44971,-3.70612,4,108.0,1,47,1.37,2,9
17.0,61.0,40.41242,-3.7021,4,112.0,3,46,1.35,75,123
16.0,51.0,40.40484,-3.6764,4,120.0,3,6,0.18,1,321
10.0,36.0,40.4922,-3.68973,4,63.0,30,0,0.0,100,198
14.0,52.0,40.45522,-3.70655,3,50.0,10,10,0.31,9,40
9.0,24.0,40.42896,-3.62735,3,24.0,1,188,5.49,1,119
8.0,10.0,40.38485,-3.67152,4,65.0,1,235,6.89,3,271
17.0,79.0,40.41881,-3.69842,4,143.0,1,59,1.73,334,290
17.0,79.0,40.4148661,-3.702563199999999,4,92.0,2,96,2.79,1,248
17.0,77.0,40.42120126784657,-3.6980459576721136,4,58.0,28,101,3.11,1,63
17.0,61.0,40.408845,-3.7024479,4,106.0,4,8,1.49,1,289
13.0,55.0,40.40085,-3.70118,4,120.0,2,102,3.24,4,135
17.0,61.0,40.40973,-3.70754,3,66.0,3,115,3.35,5,250
17.0,80.0,40.41731,-3.70093,4,136.0,1,148,4.37,292,293
17.0,80.0,40.41873,-3.70129,4,121.0,1,136,4.13,292,277
17.0,61.0,40.4130169,-3.702557799999999,4,124.0,1,29,0.86,6,288
13.0,60.0,40.40665140000001,-3.6927134,4,122.0,28,24,0.82,1,163
11.0,70.0,40.43192699999999,-3.7179449,4,155.0,1,171,5.11,1,305
3.0,26.0,40.40241,-3.74679,4,68.0,1,136,4.0,1,51
17.0,66.0,40.42046,-3.70204,3,107.0,1,48,1.5,43,259
17.0,66.0,40.42129,-3.70206,3,105.0,1,66,1.96,43,313
8.0,41.0,40.4009404,-3.6665425,4,96.0,1,3,0.09,95,346
8.0,48.0,40.39475830313141,-3.6646465467743377,4,136.0,2,3,0.13,7,364
17.0,77.0,40.42476,-3.69956,4,120.0,1,89,2.62,292,303
17.0,80.0,40.41845,-3.70724,4,130.0,4,105,3.12,3,282
9.0,32.0,40.44617,-3.60988,3,35.0,2,102,3.02,2,345
16.0,59.0,40.44554,-3.67282,4,135.0,4,110,3.24,1,285
18.0,82.0,40.42186,-3.68904,4,135.0,1,40,1.21,181,302
17.0,77.0,40.42083,-3.70021,4,115.0,1,15,0.45,181,234
17.0,61.0,40.4118,-3.70477,4,126.0,1,53,1.59,77,324
17.0,79.0,40.4150417,-3.7002463,4,119.0,1,160,4.75,26,131
6.0,42.0,40.39597658358756,-3.7110319733619694,3,52.0,8,5,0.15,15,87
14.0,52.0,40.4486755,-3.7055364,3,39.0,2,100,3.0,1,69
17.0,61.0,40.40966,-3.69739,4,116.0,2,232,7.06,24,48
17.0,61.0,40.4101,-3.69555,4,101.0,2,211,6.47,24,124
17.0,61.0,40.40978,-3.70479,4,118.0,1,16,0.48,77,340
17.0,61.0,40.41017,-3.69766,4,98.0,2,187,5.77,24,134
6.0,22.0,40.3705284,-3.7597378,1,40.0,2,86,3.55,1,93
17.0,61.0,40.41111,-3.70718,4,102.0,2,165,4.9,141,284
17.0,76.0,40.41295,-3.70846,4,102.0,2,159,4.69,141,274
17.0,61.0,40.41067,-3.70827,4,157.0,2,145,4.28,141,280
17.0,76.0,40.411,-3.70902,4,105.0,2,178,5.3,141,278
17.0,66.0,40.424512,-3.7042678,4,126.0,2,113,3.42,4,126
17.0,61.0,40.4130169,-3.702557799999999,4,134.0,1,16,0.48,6,306
17.0,61.0,40.41345964390109,-3.703692942246975,4,160.0,1,56,1.76,6,325
10.0,81.0,40.45507,-3.66138,3,52.0,1,11,0.46,2,325
14.0,63.0,40.45437,-3.6998,4,109.0,1,56,1.69,16,300
17.0,61.0,40.4100976,-3.6959337,4,90.0,20,61,1.82,7,215
17.0,80.0,40.41775,-3.70168,4,158.0,1,20,0.61,14,311
17.0,80.0,40.41741,-3.70342,4,164.0,1,31,0.97,14,315
8.0,12.0,40.39138233387801,-3.642656095325947,3,42.0,1,19,0.56,1,152
17.0,76.0,40.42045,-3.70913,4,60.0,1,39,1.52,4,318
17.0,61.0,40.40911,-3.69719,4,137.0,1,60,1.82,1,328
18.0,73.0,40.42363,-3.67515,4,164.0,2,118,3.51,1,316
17.0,61.0,40.41161,-3.6988,4,103.0,3,119,3.53,24,68
13.0,60.0,40.4023985,-3.6898022,4,85.0,2,44,1.3,1,302
16.0,78.0,40.41511,-3.67569,4,118.0,2,151,4.56,51,284
17.0,76.0,40.41251824218917,-3.711824141141933,4,108.0,10,65,1.98,1,81
12.0,27.0,40.46679,-3.63104,4,63.0,30,13,0.39,2,106
16.0,51.0,40.40171843472788,-3.675463534891605,4,110.0,4,36,1.09,43,342
6.0,39.0,40.39328,-3.73669,4,75.0,5,54,1.66,10,337
17.0,66.0,40.42189921208699,-3.703081045364238,4,79.0,1,250,7.42,3,184
6.0,17.0,40.37498,-3.74473,4,87.0,2,84,2.5,4,25
17.0,79.0,40.415459714618336,-3.701119823278805,4,96.0,1,225,6.73,1,141
17.0,66.0,40.4261904,-3.7013613,4,145.0,28,78,2.53,10,135
8.0,10.0,40.37127,-3.65988,3,39.0,1,249,7.38,3,115
13.0,59.0,40.41336,-3.72103,4,115.0,2,181,5.42,292,251
17.0,80.0,40.41657,-3.70488,4,127.0,1,194,5.76,1,156
6.0,39.0,40.39242,-3.72579,4,88.0,2,136,4.03,1,245
10.0,62.0,40.482284099187375,-3.6689159274101257,3,59.0,4,139,4.13,1,215
6.0,32.0,40.38423901973082,-3.698946484777772,4,129.0,2,22,1.59,6,61
6.0,8.0,40.36846,-3.70576,3,39.0,3,47,1.47,5,252
18.0,63.0,40.43096,-3.66711,3,75.0,7,17,0.54,2,221
3.0,29.0,40.4048,-3.73894,3,25.0,2,19,0.61,1,117
10.0,45.0,40.43023,-3.65535,3,42.0,1,0,0.0,1,358
15.0,66.0,40.43397,-3.70851,3,80.0,1,0,0.0,2,348
10.0,45.0,40.42469,-3.65655,4,108.0,3,95,2.89,4,241
17.0,66.0,40.42185,-3.70139,4,143.0,30,0,0.0,20,333
16.0,51.0,40.40378,-3.67868,3,43.0,2,295,8.79,1,46
6.0,22.0,40.36203,-3.7545,3,29.0,2,37,1.25,3,313
6.0,28.0,40.38883,-3.7028,4,101.0,4,20,0.64,2,268
8.0,48.0,40.3944181128724,-3.6664386599151992,4,90.0,3,108,3.44,1,216
6.0,8.0,40.36795,-3.70565,3,34.0,3,70,2.13,5,219
17.0,76.0,40.41484,-3.71242,4,164.0,3,125,3.85,66,65
8.0,37.0,40.38789,-3.65532,3,24.0,1,26,0.81,1,326
6.0,32.0,40.3855,-3.70485,4,93.0,3,61,1.95,2,243
8.0,41.0,40.39339469999999,-3.6592741,4,65.0,28,0,0.0,2,364
12.0,54.0,40.50771,-3.65741,4,116.0,9,28,0.92,3,69
17.0,77.0,40.42197,-3.69851,4,163.0,2,0,0.0,1,85
9.0,45.0,40.4441,-3.58212,4,79.0,30,10,0.31,9,333
8.0,41.0,40.392821784074,-3.65831366008,4,138.0,1,8,0.43,36,349
8.0,41.0,40.392821784074,-3.65831366008,4,143.0,1,49,1.56,36,335
8.0,41.0,40.392821784074,-3.65831366008,4,130.0,1,66,2.22,36,355
8.0,41.0,40.392821784074,-3.65831366008,4,151.0,1,30,0.98,36,351
17.0,80.0,40.4174,-3.7071,3,148.0,1,48,1.45,21,365
17.0,79.0,40.41578087254954,-3.69540268095093,4,97.0,3,175,5.3,18,296
3.0,26.0,40.40679,-3.74199,3,27.0,3,49,1.59,1,182
17.0,80.0,40.41693,-3.70167,3,110.0,2,18,0.63,8,283
18.0,73.0,40.42530349203277,-3.6787133663892746,4,116.0,2,151,4.52,1,11
17.0,79.0,40.41590348294597,-3.695595860481263,4,97.0,3,139,4.21,18,299
17.0,79.0,40.41590348294597,-3.695595860481263,4,94.0,3,150,4.56,18,304
17.0,79.0,40.41464,-3.69682,4,97.0,3,167,5.06,18,315
4.0,40.0,40.4741469,-3.5754267,4,129.0,1,433,12.96,5,107
15.0,64.0,40.43097,-3.70466,3,120.0,1,30,1.3,5,364
13.0,55.0,40.40328,-3.70157,4,151.0,1,102,3.05,92,332
13.0,55.0,40.40334,-3.70217,4,78.0,1,80,2.42,92,319
17.0,61.0,40.40525,-3.70348,4,81.0,1,35,1.06,92,339
17.0,61.0,40.40845119999999,-3.7083152,4,96.0,2,197,5.89,27,18
14.0,71.0,40.47107,-3.69202,3,50.0,1,0,0.0,1,362
6.0,20.0,40.37868,-3.70668,3,25.0,2,116,3.47,1,266
12.0,54.0,40.483132180087296,-3.652994890617133,3,32.0,2,91,2.78,1,140
10.0,41.0,40.43525160255394,-3.640048652887344,3,24.0,1,194,5.8,1,112
17.0,79.0,40.41214,-3.69363,3,42.0,3,111,3.32,5,73
12.0,61.0,40.4787498,-3.6467048,4,100.0,1,16,0.5,7,319
17.0,79.0,40.41591973697653,-3.6963682761962913,4,97.0,3,160,4.79,18,296
18.0,73.0,40.42827,-3.67161,4,159.0,2,56,1.76,72,1
5.0,35.0,40.353220986180766,-3.685634471476078,4,139.0,1,89,2.66,1,328
10.0,41.0,40.43404,-3.63948,4,104.0,1,5,0.15,334,334
4.0,57.0,40.47106960181888,-3.5829442125360838,4,93.0,1,279,8.66,1,232
9.0,45.0,40.44299,-3.5839,4,78.0,30,9,0.3,9,317
6.0,25.0,40.3877205,-3.7392443,4,129.0,4,10,0.31,1,26
16.0,66.0,40.4401072,-3.6775212,4,95.0,1,29,0.88,12,332
3.0,29.0,40.41072,-3.72635,4,128.0,2,27,0.82,3,59
6.0,42.0,40.39747173780764,-3.713973353737994,4,66.0,28,18,0.62,2,212
8.0,48.0,40.3930671,-3.6702662,4,164.0,1,30,0.91,1,54
6.0,42.0,40.39691,-3.71388,4,74.0,3,46,1.56,2,26
17.0,66.0,40.42337,-3.70445,4,133.0,3,7,0.23,2,223
17.0,80.0,40.41677107907584,-3.707019232266101,4,110.0,2,113,3.9,1,333
14.0,65.0,40.46330106089697,-3.6926325344104503,4,79.0,1,11,0.38,1,226
14.0,63.0,40.4518175,-3.6998479,4,116.0,30,0,0.0,249,107
8.0,41.0,40.3975342,-3.6648392,4,62.0,2,153,4.65,4,69
14.0,63.0,40.44836,-3.70374,4,121.0,7,3,0.11,7,295
4.0,15.0,40.47051870260756,-3.577658589792952,3,46.0,1,361,12.46,1,129
16.0,30.0,40.4096960567065,-3.6652540504928894,4,121.0,1,70,2.34,292,309
17.0,77.0,40.42179,-3.69973,4,132.0,1,114,3.47,292,325
8.0,10.0,40.38272,-3.67291,4,119.0,1,12,0.43,19,286
2.0,1.0,40.40542787323578,-3.6478418111801143,3,32.0,1,0,0.0,1,364
17.0,76.0,40.42189,-3.70897,3,113.0,1,0,0.0,1,365
10.0,45.0,40.42783328624344,-3.6515311896801,4,60.0,1,158,4.77,2,192
10.0,41.0,40.43587,-3.64096,4,120.0,1,21,0.65,334,335
10.0,41.0,40.43369,-3.64115,4,129.0,1,21,0.65,334,330
10.0,41.0,40.43382,-3.64088,4,156.0,1,21,0.64,334,81
10.0,41.0,40.43368,-3.64153,4,97.0,1,12,0.4,334,345
10.0,41.0,40.43542,-3.64147,4,97.0,1,7,0.21,334,319
10.0,41.0,40.43362,-3.64079,4,97.0,1,19,0.58,334,350
10.0,41.0,40.43513,-3.63921,4,91.0,1,22,0.67,334,317
10.0,41.0,40.43386,-3.63922,4,122.0,1,32,0.98,334,290
10.0,41.0,40.43402,-3.6393,4,122.0,1,12,0.38,334,339
10.0,41.0,40.43378,-3.64008,4,105.0,1,12,0.37,334,333
17.0,76.0,40.41589,-3.71162,3,58.0,2,52,1.58,33,86
16.0,64.0,40.4524643,-3.6726432,3,65.0,1,98,2.99,7,257
9.0,24.0,40.42624,-3.62885,4,94.0,1,81,2.65,292,280
17.0,66.0,40.4272,-3.7126,4,90.0,1,34,1.03,1,33
17.0,76.0,40.413180039086896,-3.710796734657543,4,123.0,3,16,0.5,75,110
17.0,79.0,40.4106,-3.69534,4,105.0,2,142,4.98,24,122
13.0,60.0,40.40395918884431,-3.692624191005583,4,143.0,2,133,4.22,4,123
16.0,66.0,40.4437145395601,-3.671203876057425,4,75.0,30,21,0.86,1,174
13.0,60.0,40.40527575214507,-3.6956967458183954,4,80.0,1,40,1.23,181,268
17.0,80.0,40.418043924072,-3.700700593894504,4,123.0,3,84,2.55,62,248
9.0,32.0,40.44587,-3.60815,3,45.0,1,38,1.31,2,348
17.0,77.0,40.42218,-3.69947,4,143.0,2,71,2.15,72,2
14.0,63.0,40.44938,-3.70167,4,116.0,1,0,0.0,95,332
16.0,78.0,40.41463,-3.67389,4,105.0,2,119,3.59,51,319
17.0,61.0,40.40911571036532,-3.703792921347981,4,143.0,2,124,3.75,1,2
10.0,36.0,40.4967467,-3.6912173,4,64.0,28,12,0.38,3,253
17.0,61.0,40.41017,-3.70264,3,75.0,1,10,0.41,1,24
16.0,70.0,40.42104939636103,-3.676983309119396,4,124.0,1,102,4.38,2,162
17.0,61.0,40.41038,-3.69693,3,70.0,1,185,5.65,5,133
17.0,80.0,40.4178974580056,-3.707421418783202,3,65.0,2,143,4.4,1,37
6.0,28.0,40.3894901,-3.7006432,4,84.0,1,6,0.19,20,345
17.0,79.0,40.4159034,-3.6955958,4,94.0,3,165,5.09,18,316
17.0,79.0,40.4159034,-3.6955958,4,97.0,3,176,5.33,18,301
17.0,79.0,40.4159034,-3.6955958,4,97.0,3,138,4.2,18,329
15.0,69.0,40.42927146352117,-3.6950780445952174,4,106.0,2,138,5.4,3,289
8.0,37.0,40.38915,-3.65565,4,83.0,2,201,6.67,6,286
10.0,45.0,40.4266,-3.65311,4,82.0,2,151,4.97,4,200
13.0,49.0,40.3957,-3.69701,3,66.0,2,32,0.97,4,11
8.0,12.0,40.3852608,-3.6402883,3,30.0,4,60,1.82,1,89
14.0,63.0,40.45127,-3.70195,4,100.0,2,74,2.29,16,292
8.0,41.0,40.3938931,-3.6554522,3,58.0,1,0,0.0,3,317
17.0,61.0,40.41213,-3.70711,4,143.0,1,6,0.18,334,4
13.0,49.0,40.39533,-3.69726,4,151.0,1,84,2.57,22,321
8.0,41.0,40.39306531089069,-3.6547663345395303,3,32.0,1,7,0.21,3,347
17.0,79.0,40.41197,-3.69611,4,132.0,3,23,0.74,15,265
16.0,51.0,40.40379,-3.67514,3,48.0,3,130,4.03,5,61
9.0,24.0,40.43803563969007,-3.632434478607901,4,83.0,15,33,1.06,2,90
15.0,69.0,40.42588,-3.69087,4,127.0,1,41,1.28,29,273
17.0,61.0,40.40862,-3.70407,4,103.0,1,8,0.26,95,314
6.0,42.0,40.39379805566319,-3.708585991528422,3,29.0,3,32,0.99,6,282
6.0,42.0,40.39428,-3.70932,3,36.0,7,20,0.61,6,290
12.0,61.0,40.47275,-3.64004,4,91.0,30,0,0.0,100,288
9.0,45.0,40.4437708,-3.5823827,4,69.0,30,15,0.49,9,329
14.0,50.0,40.45968,-3.70939,4,116.0,3,75,2.34,1,26
17.0,61.0,40.40988424579936,-3.7071385188945536,4,114.0,1,111,3.38,1,356
8.0,41.0,40.39469,-3.65627,3,48.0,1,0,0.0,3,341
13.0,55.0,40.39948984086492,-3.7116969153151103,3,42.0,1,0,0.0,1,364
17.0,80.0,40.4194282,-3.7071099,4,153.0,3,82,2.64,1,237
11.0,34.0,40.47048,-3.82281,3,117.0,1,19,0.75,13,257
17.0,80.0,40.41689,-3.70771,4,111.0,1,33,7.86,1,204
6.0,25.0,40.3875726,-3.7364279,3,39.0,2,50,1.57,2,255
17.0,76.0,40.42084,-3.70838,4,97.0,30,47,1.48,1,175
16.0,70.0,40.41968971350708,-3.674070037924092,3,28.0,30,11,0.39,9,77
5.0,3.0,40.35249,-3.69703,3,28.0,1,63,2.03,2,349
14.0,65.0,40.460827284640665,-3.696862319524076,3,72.0,1,47,1.66,1,338
10.0,45.0,40.4316898687224,-3.6567614872262393,3,23.0,1,306,9.43,1,196
16.0,64.0,40.4559248,-3.6806664,4,127.0,1,62,2.71,7,54
16.0,64.0,40.45788,-3.68218,4,136.0,5,47,1.5,4,336
18.0,60.0,40.42451600768473,-3.667523173647578,4,81.0,30,0,0.0,100,319
13.0,59.0,40.41365669999999,-3.717642577246103,4,97.0,1,156,4.88,3,334
16.0,70.0,40.4187879,-3.6780315,3,58.0,3,143,4.43,3,65
18.0,60.0,40.42663279446076,-3.666086735544748,4,102.0,1,31,1.07,292,341
6.0,25.0,40.390308607606464,-3.738549179412033,3,41.0,1,36,1.27,1,346
8.0,41.0,40.397834,-3.6644296,4,109.0,1,82,2.9,1,279
17.0,80.0,40.419067256403125,-3.705383806853563,3,29.0,2,210,8.46,16,74
17.0,61.0,40.4107551,-3.701810099999999,4,161.0,3,19,1.14,2,13
5.0,35.0,40.35065421379564,-3.6845461962951664,4,100.0,1,8,0.27,6,73
16.0,70.0,40.4208171,-3.6732293,3,28.0,30,8,0.28,9,76
6.0,56.0,40.3807289,-3.694279,4,78.0,1,8,0.25,95,321
5.0,35.0,40.34979,-3.68551,4,84.0,1,6,0.23,6,82
3.0,29.0,40.40669520000001,-3.7355679,3,20.0,2,29,0.94,2,138
6.0,28.0,40.38537,-3.71719,4,122.0,1,16,0.51,181,229
13.0,60.0,40.40217111126226,-3.698519133031368,3,61.0,1,58,2.02,2,333
18.0,63.0,40.43825828922537,-3.672185520343014,4,80.0,2,108,3.36,3,53
18.0,63.0,40.437,-3.67398,4,84.0,2,113,3.49,3,71
18.0,63.0,40.43691190909584,-3.6719093172171697,4,81.0,2,113,3.48,3,59
6.0,25.0,40.38768,-3.73531,4,51.0,1,224,6.9,3,64
6.0,25.0,40.38634,-3.73683,4,60.0,1,205,6.31,3,87
6.0,25.0,40.3873,-3.73501,4,63.0,1,211,6.5,3,96
6.0,8.0,40.36886285914984,-3.7059292440464273,3,37.0,3,51,1.59,5,223
18.0,82.0,40.42422,-3.68749,4,159.0,30,1,0.25,63,24
15.0,39.0,40.43373585739812,-3.714089870658128,4,48.0,30,0,0.0,100,310
17.0,66.0,40.42329305924228,-3.701926053166281,4,102.0,2,163,5.2,24,10
17.0,80.0,40.41419052199753,-3.706901531302495,3,28.0,22,5,0.36,5,46
17.0,61.0,40.41043272057704,-3.696410381221016,4,125.0,2,49,1.51,1,235
16.0,70.0,40.41897815722569,-3.676658527204438,3,114.0,5,38,1.18,1,350
14.0,63.0,40.45462081795605,-3.69578656458818,4,121.0,2,23,0.97,1,73
3.0,29.0,40.41387218623851,-3.726382174443352,4,105.0,3,88,3.0,28,4
17.0,61.0,40.40677178548328,-3.711273372173309,3,85.0,3,91,2.8,2,59
10.0,41.0,40.43316944825149,-3.6359505727887154,4,61.0,2,43,1.34,3,224
17.0,61.0,40.41367808729304,-3.706480044158463,4,104.0,30,0,0.0,100,364
15.0,69.0,40.42607186058333,-3.6914779243377542,4,63.0,3,123,3.82,22,278
17.0,77.0,40.42586376268902,-3.6929120367269697,4,77.0,3,130,4.02,22,293
17.0,61.0,40.4084654,-3.7039436,4,140.0,14,0,0.0,1,255
15.0,69.0,40.43419,-3.69822,3,39.0,3,43,1.33,1,270
8.0,41.0,40.39683,-3.65985,3,28.0,1,135,4.19,2,73
17.0,61.0,40.41181677647506,-3.700193780442144,4,103.0,25,38,1.21,93,262
3.0,26.0,40.40300365504061,-3.746819381699452,4,85.0,4,9,3.65,1,43
18.0,63.0,40.43821718022174,-3.6750586268090766,4,106.0,2,121,3.85,18,156
18.0,63.0,40.43833,-3.67469,4,111.0,1,107,3.32,18,154
6.0,17.0,40.3759569,-3.7383375,3,54.0,1,0,0.0,2,364
16.0,66.0,40.4423247,-3.671175,4,101.0,1,31,0.96,120,356
9.0,45.0,40.4437708,-3.5823827,4,76.0,1,151,4.68,21,71
16.0,66.0,40.441416947126015,-3.6714715933055135,4,104.0,1,37,1.16,120,350
13.0,60.0,40.40461,-3.69208,4,88.0,1,46,1.43,2,344
3.0,29.0,40.40746786722404,-3.737305126045797,4,115.0,1,92,2.94,1,313
17.0,61.0,40.41007796882267,-3.700212384374266,4,103.0,25,31,0.97,93,216
14.0,57.0,40.46338,-3.70093,4,93.0,2,91,2.95,1,46
17.0,80.0,40.41976674667912,-3.705284398349494,4,61.0,2,111,3.6,16,64
17.0,80.0,40.41961,-3.70365,3,29.0,1,231,9.33,16,39
17.0,61.0,40.40998,-3.69843,4,103.0,25,34,1.06,93,222
17.0,61.0,40.41343150000001,-3.701753,4,77.0,4,57,1.99,1,325
13.0,60.0,40.40480459787439,-3.690733094638764,3,66.0,1,0,0.0,1,354
17.0,77.0,40.42379,-3.69932,4,126.0,2,80,2.7,1,223
15.0,64.0,40.43066,-3.69885,4,66.0,1,0,0.0,1,59
17.0,77.0,40.423765,-3.6977992,4,130.0,21,18,0.69,21,219
17.0,76.0,40.41574695196572,-3.711592461376949,4,135.0,2,166,5.14,3,37
13.0,60.0,40.40222265762648,-3.6904456932157137,4,83.0,6,51,1.65,1,293
2.0,2.0,40.39943831085698,-3.640606354381892,3,27.0,1,111,3.47,3,295
12.0,54.0,40.47424322245234,-3.628901930516044,4,130.0,2,99,3.14,2,129
8.0,48.0,40.3915608,-3.6694933,4,61.0,2,7,0.23,3,169
17.0,79.0,40.4137796,-3.6992335,4,119.0,2,174,5.47,141,271
14.0,65.0,40.45871616456101,-3.700133910237109,4,111.0,2,115,3.69,1,58
8.0,41.0,40.39562,-3.66315,4,78.0,2,184,5.71,1,127
3.0,26.0,40.40207,-3.74665,4,73.0,1,81,2.73,4,51
8.0,41.0,40.3957382,-3.6606045,3,30.0,1,16,1.59,3,251
8.0,41.0,40.3957382,-3.6606045,3,30.0,1,65,2.21,3,252
17.0,80.0,40.418858898274905,-3.7034881820904375,3,29.0,2,195,7.86,16,49
17.0,80.0,40.41805389729144,-3.705670195979738,3,29.0,2,214,8.65,16,72
6.0,42.0,40.3940703,-3.7117159,4,53.0,1,174,5.7,5,164
10.0,36.0,40.49253,-3.68977,4,63.0,30,0,0.0,100,288
17.0,77.0,40.423825030921485,-3.694253386552756,4,140.0,1,63,1.98,43,345
10.0,75.0,40.45463153690291,-3.658803406286484,4,136.0,6,27,0.86,120,73
10.0,81.0,40.45494,-3.65847,4,152.0,5,12,0.38,120,68
10.0,75.0,40.45449429459403,-3.6587838809405935,4,122.0,5,33,1.03,120,72
17.0,79.0,40.41924625732879,-3.698507122747112,4,144.0,2,188,5.87,141,239
17.0,66.0,40.42212012963306,-3.701756406788326,4,164.0,1,135,4.29,292,310
17.0,61.0,40.41071,-3.69952,4,86.0,15,0,0.0,1,364
12.0,54.0,40.4895530762337,-3.648408266633562,3,58.0,1,134,4.3,1,38
17.0,66.0,40.42455,-3.70847,4,139.0,2,55,1.72,1,132
17.0,61.0,40.41343,-3.70429,4,116.0,3,154,4.82,3,236
12.0,10.0,40.47805779999999,-3.6618865,3,34.0,1,50,1.58,2,302
3.0,29.0,40.4053416,-3.735035,3,60.0,1,141,4.41,1,331
16.0,70.0,40.416478991878805,-3.6741931459315103,4,132.0,1,107,3.34,292,319
17.0,61.0,40.40923050000001,-3.7077152,4,143.0,3,24,0.86,23,13
10.0,45.0,40.42706,-3.65594,3,41.0,2,2,0.06,1,364
11.0,70.0,40.42499410000001,-3.712850100000001,4,159.0,30,2,0.08,249,256
15.0,64.0,40.43414237680646,-3.703760487448291,4,95.0,1,20,0.65,55,264
15.0,64.0,40.43425559755501,-3.7024521573589215,4,111.0,1,16,0.54,55,203
15.0,64.0,40.43396441642594,-3.7026067947446193,4,105.0,1,16,0.51,55,231
15.0,64.0,40.43533315982052,-3.7040589613895927,4,103.0,1,8,0.26,55,231
15.0,64.0,40.434625246798255,-3.7041774000107,4,163.0,1,17,0.54,55,241
13.0,59.0,40.4136275,-3.7188979,4,70.0,30,20,0.65,13,284
15.0,66.0,40.43535030038783,-3.704312326555265,4,163.0,1,14,0.45,55,208
6.0,28.0,40.38746182732295,-3.7138329153437,3,50.0,1,61,2.16,1,230
13.0,59.0,40.4047744,-3.7203592,4,98.0,1,24,0.8,1,338
14.0,50.0,40.4594161020766,-3.709651770228813,4,98.0,1,93,2.9,15,348
17.0,61.0,40.4097251,-3.7044956,4,58.0,1,18,0.56,95,290
17.0,80.0,40.41737973072681,-3.7011183811922206,4,100.0,4,50,3.05,1,293
6.0,11.0,40.3830104,-3.7272319,3,39.0,1,15,0.48,2,198
6.0,56.0,40.38168,-3.69394,4,110.0,4,22,0.7,46,80
13.0,49.0,40.39612,-3.69747,4,72.0,1,40,6.22,1,86
6.0,56.0,40.3806727,-3.6934337,4,110.0,4,22,0.74,43,364
17.0,79.0,40.41513,-3.70039,4,98.0,1,35,1.17,3,254
17.0,80.0,40.41744667556158,-3.703695807011644,3,24.0,2,224,9.03,16,35
17.0,80.0,40.41953,-3.70489,3,29.0,2,193,6.3,16,79
17.0,79.0,40.419018037366,-3.698101318776861,4,147.0,1,146,4.66,141,247
17.0,80.0,40.4174342653758,-3.704228019290232,1,18.0,2,178,7.18,16,69
17.0,80.0,40.41933,-3.70393,1,18.0,2,163,6.57,16,71
6.0,25.0,40.387216420029006,-3.7361875157298257,4,83.0,3,84,2.66,2,75
13.0,46.0,40.40053405944503,-3.6935468892915537,3,40.0,30,2,0.13,1,364
17.0,80.0,40.415044408507015,-3.705387344250208,4,133.0,2,152,4.81,2,46
14.0,52.0,40.45349616867678,-3.705593087690392,3,49.0,1,282,9.22,1,134
17.0,61.0,40.41015299999999,-3.7023392,4,126.0,30,2,0.13,249,246
10.0,45.0,40.42201660735056,-3.653727591139546,3,35.0,1,7,0.22,1,364
14.0,50.0,40.45797,-3.70968,4,109.0,1,58,1.87,15,346
18.0,63.0,40.43696,-3.67022,4,89.0,5,16,0.6,1,337
6.0,25.0,40.387000557534016,-3.735430278304399,4,84.0,3,93,2.95,2,66
4.0,57.0,40.47453180297262,-3.584479249574393,4,91.0,1,218,11.87,3,36
4.0,57.0,40.47333099999999,-3.5899772,3,50.0,1,0,0.0,1,166
13.0,46.0,40.3927535,-3.6945366,4,73.0,7,43,1.41,6,30
6.0,39.0,40.39677,-3.73255,4,101.0,3,76,2.42,1,104
2.0,49.0,40.41119,-3.65127,4,98.0,3,29,0.97,1,267
17.0,61.0,40.40966707971158,-3.699069991707802,3,79.0,15,0,0.0,1,362
10.0,53.0,40.47762,-3.70604,4,82.0,30,0,0.0,100,45
12.0,54.0,40.46143,-3.62918,4,87.0,30,1,0.13,18,75
13.0,55.0,40.40327,-3.70292,4,88.0,1,89,2.88,92,280
17.0,76.0,40.41245953334343,-3.712537338251126,3,57.0,1,55,1.81,1,129
17.0,76.0,40.41206,-3.70979,4,152.0,1,69,2.2,1,322
17.0,76.0,40.42191,-3.71039,4,143.0,30,83,2.82,4,24
15.0,64.0,40.42907,-3.70246,4,152.0,1,67,2.16,292,302
17.0,61.0,40.409182042326336,-3.699616355819695,3,39.0,2,182,5.77,1,272
13.0,55.0,40.40482606360142,-3.7037154567045976,3,121.0,10,8,0.27,20,358
15.0,70.0,40.44535181952734,-3.704642795107637,4,94.0,1,60,1.97,292,328
14.0,63.0,40.45439676955558,-3.693811919703747,4,126.0,2,21,0.67,1,44
16.0,66.0,40.4438124,-3.6700782,4,72.0,3,58,1.84,3,178
17.0,66.0,40.42425015688536,-3.70736338198185,4,100.0,1,131,4.15,2,21
3.0,11.0,40.4028059,-3.7423878,3,45.0,1,62,2.02,1,352
17.0,61.0,40.41282,-3.70304,4,98.0,2,124,3.93,2,332
17.0,61.0,40.4101203,-3.70167,4,97.0,1,8,0.26,95,7
12.0,27.0,40.4625434,-3.6471187,3,29.0,1,35,1.14,5,168
3.0,29.0,40.40625,-3.73362,3,49.0,2,23,0.74,1,340
17.0,61.0,40.40975327873878,-3.6998051804434056,3,31.0,2,27,0.86,6,145
10.0,35.0,40.44423,-3.65595,3,33.0,2,97,3.16,3,42
17.0,79.0,40.41345,-3.70044,4,121.0,1,5,0.35,2,302
6.0,28.0,40.38579,-3.70939,4,80.0,2,76,2.49,1,40
17.0,77.0,40.42151,-3.70079,4,115.0,1,43,1.39,181,234
17.0,66.0,40.422287322448,-3.701004396078033,4,67.0,2,57,1.81,1,42
6.0,7.0,40.36754,-3.68804,3,52.0,1,78,2.6,2,315
8.0,10.0,40.3789571457818,-3.6703623401582193,4,102.0,1,143,4.82,1,201
10.0,35.0,40.44011964230973,-3.655226559524545,4,73.0,1,94,3.08,181,326
10.0,36.0,40.49383,-3.69698,3,39.0,2,105,3.73,3,333
12.0,61.0,40.46861,-3.65192,3,42.0,1,11,3.84,2,308
11.0,15.0,40.4688082738948,-3.720452653323265,3,100.0,1,0,0.0,1,363
17.0,79.0,40.41445028873903,-3.69518241473686,4,143.0,1,55,1.76,1,264
17.0,79.0,40.41394,-3.69701,3,70.0,1,0,0.0,4,257
14.0,50.0,40.45615,-3.70335,4,75.0,2,18,0.6,4,269
3.0,29.0,40.4114,-3.73535,3,37.0,1,46,1.57,1,65
6.0,45.0,40.38706503423288,-3.7215565485682296,4,77.0,3,66,2.12,66,232
17.0,66.0,40.42971,-3.71012,4,140.0,1,105,3.46,292,329
17.0,61.0,40.408153384438414,-3.7045554091937904,4,159.0,1,41,1.32,77,352
3.0,12.0,40.38918262801957,-3.753890481031982,4,84.0,2,178,5.91,4,293
3.0,12.0,40.38943,-3.753,4,81.0,2,155,5.14,4,324
17.0,61.0,40.40875,-3.70359,4,118.0,2,141,4.53,3,163
12.0,54.0,40.47289,-3.632,4,76.0,3,35,1.15,3,196
6.0,22.0,40.37678586680549,-3.7545085304639314,4,95.0,2,65,2.7,1,296
18.0,73.0,40.42458629252099,-3.671385236084461,4,145.0,2,54,1.73,13,148
14.0,63.0,40.45602,-3.69602,4,153.0,30,0,0.0,100,46
10.0,47.0,40.4366826,-3.6472044,3,30.0,3,60,1.95,3,47
15.0,67.0,40.44342,-3.69823,3,133.0,1,19,0.61,9,347
17.0,61.0,40.40533018164714,-3.702550775046711,4,99.0,1,0,0.0,1,43
3.0,26.0,40.40727012910141,-3.749476410448551,3,34.0,1,111,3.54,1,313
15.0,67.0,40.44129,-3.69919,3,57.0,1,21,0.69,1,336
18.0,82.0,40.42502,-3.68034,4,119.0,1,23,0.75,13,145
12.0,10.0,40.47330716132419,-3.6623605343933097,4,110.5,28,9,0.29,3,13
17.0,61.0,40.410264220937,-3.701285515515065,4,65.0,1,119,3.85,1,203
7.0,33.0,40.37161905251307,-3.6201199533695783,4,80.0,2,35,1.16,120,77
17.0,76.0,40.42278405074745,-3.710948944684491,4,126.0,2,108,3.48,4,204
10.0,45.0,40.42989499999999,-3.646237499999999,4,96.0,2,83,3.46,1,97
17.0,76.0,40.41331,-3.70747,4,146.0,1,5,0.19,9,55
17.0,66.0,40.42321999999999,-3.709123599999999,4,157.0,30,3,0.2,249,116
17.0,66.0,40.42512,-3.71057,4,106.0,2,0,0.0,2,161
17.0,76.0,40.41,-3.70999,4,149.0,3,51,1.63,2,20
6.0,39.0,40.39237056211718,-3.737949477239285,3,35.0,2,74,2.39,1,352
17.0,66.0,40.4218907,-3.703881299999999,1,38.0,1,4,0.13,17,111
17.0,66.0,40.42144388536104,-3.704855904940681,3,151.0,1,12,0.39,17,153
17.0,77.0,40.42079,-3.6996,4,102.0,4,41,1.34,1,197
8.0,41.0,40.39284758554296,-3.657098078814648,3,20.0,8,15,0.84,3,1
10.0,47.0,40.43443995838346,-3.6458099327910274,3,20.0,1,94,3.11,3,18
18.0,73.0,40.42419399926269,-3.672189563512802,4,130.0,1,33,1.06,13,117
17.0,66.0,40.42232507240429,-3.707335368240964,4,157.0,25,33,1.08,93,265
18.0,83.0,40.4348261,-3.6849673,4,111.0,2,141,4.63,5,18
9.0,32.0,40.4426,-3.61568,4,77.0,1,172,5.52,1,14
17.0,79.0,40.41475,-3.7003,4,127.0,28,13,0.46,3,324
1.0,13.0,40.40069127990649,-3.5459040932605648,4,91.0,30,2,0.17,9,348
1.0,13.0,40.40162274138063,-3.547164299071744,4,79.0,30,3,0.11,9,317
14.0,50.0,40.460679107193855,-3.707460055530872,4,125.0,1,85,2.86,18,165
6.0,39.0,40.40087,-3.72349,3,55.0,2,14,0.8,5,256
6.0,39.0,40.4012006,-3.7226201,3,39.0,2,10,0.57,5,254
14.0,50.0,40.46251595924966,-3.707280266390899,4,123.0,1,106,3.53,18,163
14.0,50.0,40.46262026547257,-3.706864243510237,4,120.0,1,161,5.35,18,142
17.0,66.0,40.4251,-3.7043,4,161.0,1,107,3.52,292,298
3.0,10.0,40.38089215267279,-3.7759830057621,3,35.0,1,161,5.26,1,326
10.0,81.0,40.45383343300328,-3.6628853765484126,4,118.0,2,21,0.71,2,67
16.0,64.0,40.45512086080951,-3.6805593583362928,4,138.0,3,116,3.76,1,202
14.0,57.0,40.46356809890423,-3.700411295344463,4,104.0,1,103,3.41,18,159
18.0,63.0,40.4342924,-3.6667009,4,159.0,1,56,1.88,12,343
6.0,42.0,40.393962380740646,-3.710886582048575,4,108.0,2,47,1.53,120,79
6.0,42.0,40.39585421240534,-3.7105211733503074,4,104.0,2,73,2.35,120,76
17.0,66.0,40.4218907,-3.703881299999999,1,18.0,1,12,0.39,17,124
17.0,66.0,40.4218907,-3.703881299999999,1,19.0,1,23,0.74,17,153
11.0,15.0,40.46307640304482,-3.7129934232698623,4,81.0,2,47,1.53,5,327
17.0,66.0,40.4252141,-3.7096594,4,110.0,2,113,3.7,51,149
6.0,39.0,40.39589080041149,-3.7318954921314726,4,54.0,1,13,0.46,181,242
12.0,61.0,40.47063,-3.63176,4,76.0,3,35,1.15,3,180
14.0,57.0,40.46179,-3.69931,4,99.0,1,203,6.66,18,150
17.0,61.0,40.41026,-3.70388,4,115.0,3,3,0.12,75,142
17.0,61.0,40.41168215089522,-3.705481165960551,4,109.0,3,70,3.38,2,239
17.0,66.0,40.4233184,-3.701810099999999,4,155.0,2,144,4.84,30,316
3.0,11.0,40.4038052,-3.7381326,4,86.0,2,121,4.87,1,118
6.0,7.0,40.3686223,-3.689044,3,32.0,2,97,3.17,2,39
15.0,66.0,40.43039,-3.70729,4,140.0,28,10,0.36,4,149
3.0,29.0,40.41114344125604,-3.727686319184271,3,39.0,1,0,0.0,1,365
16.0,66.0,40.4485946106788,-3.6642879232788017,3,40.0,3,42,1.37,1,182
13.0,59.0,40.411282,-3.720474,3,135.0,2,105,3.65,1,327
10.0,41.0,40.434127270459165,-3.642678896884505,3,30.0,1,0,0.0,1,364
10.0,47.0,40.437094005036585,-3.6461926351089855,3,23.0,3,33,1.07,3,39
14.0,52.0,40.44957549837555,-3.707891341747944,4,137.0,3,65,2.23,1,179
16.0,51.0,40.4057843,-3.6811993,4,116.0,1,105,3.43,292,305
17.0,76.0,40.4178,-3.70978,4,123.0,3,29,0.97,3,56
17.0,61.0,40.40835776684436,-3.708695989899577,4,120.0,1,31,1.01,22,308
15.0,64.0,40.4342003,-3.7039705,3,74.0,1,63,2.05,1,167
17.0,61.0,40.40713305648255,-3.707490786805912,4,151.0,1,19,0.77,55,279
17.0,61.0,40.40764,-3.70637,4,143.0,1,8,0.26,55,291
9.0,45.0,40.44407,-3.5893,4,126.0,1,143,4.68,1,36
17.0,61.0,40.40901,-3.7067,4,157.0,1,37,1.26,55,304
17.0,61.0,40.40894711161505,-3.706017196503503,4,141.0,1,10,0.34,55,272
17.0,61.0,40.40903,-3.70835,4,143.0,1,9,0.31,55,291
3.0,29.0,40.41362286743859,-3.730867335779327,3,43.0,1,20,0.87,1,79
16.0,64.0,40.45348,-3.67285,3,66.0,1,102,3.34,7,257
12.0,27.0,40.4624782,-3.6474126,3,29.0,1,64,2.08,5,201
17.0,76.0,40.40996344926458,-3.712144239534286,4,137.0,1,29,0.94,22,293
18.0,63.0,40.43741,-3.67099,4,92.0,1,41,1.33,334,274
10.0,45.0,40.42531,-3.6581,3,56.0,3,36,1.19,1,293
16.0,66.0,40.44224401675592,-3.672486953437328,3,34.0,1,9,0.29,1,348
16.0,66.0,40.44614990432158,-3.66390016403199,4,88.0,2,122,3.96,1,346
17.0,66.0,40.4213408,-3.706483899999999,4,92.0,2,152,4.91,4,207
10.0,47.0,40.43675105892948,-3.6487523027032576,3,44.0,3,67,2.2,3,41
17.0,76.0,40.41142,-3.71203,4,145.0,1,82,2.67,22,309
11.0,46.0,40.448794298049165,-3.712838804431837,3,27.0,7,0,0.0,1,168
5.0,44.0,40.3466628,-3.7105713,3,53.0,1,121,3.98,1,287
16.0,80.0,40.40140124315429,-3.671313914743935,4,140.0,3,98,3.3,1,237
18.0,63.0,40.43303254928456,-3.665246647609464,4,99.0,1,56,1.88,292,302
17.0,76.0,40.41129,-3.71253,4,102.0,3,24,0.78,75,121
17.0,61.0,40.40883,-3.70142,4,140.0,20,70,2.44,33,193
16.0,66.0,40.4423247,-3.671175,4,104.0,1,25,0.87,120,349
1.0,13.0,40.40315102449396,-3.5937178507447243,4,94.0,4,58,1.95,1,50
17.0,66.0,40.4240708,-3.7007468,3,92.0,1,30,0.99,6,184
6.0,28.0,40.38722254134464,-3.703669548346408,3,27.0,1,14,0.52,11,331
17.0,66.0,40.421045837733445,-3.703336141866183,1,53.0,1,5,0.16,17,194
14.0,50.0,40.4604049,-3.7032392,4,160.0,3,16,0.56,1,54
6.0,28.0,40.38608969735457,-3.703911639906664,3,48.0,1,21,0.69,11,94
6.0,28.0,40.38713,-3.70575,3,44.0,1,11,0.37,11,345
14.0,57.0,40.46690264001627,-3.707162538264149,4,124.0,20,5,1.18,2,257
17.0,80.0,40.41804462468295,-3.708233423531056,3,77.0,1,25,0.84,21,323
6.0,32.0,40.3854648340906,-3.703701719983116,3,40.0,1,28,0.92,11,341
17.0,66.0,40.4203891,-3.7023351,4,135.0,29,4,0.39,1,229
17.0,79.0,40.41618,-3.70019,4,109.0,1,300,9.75,1,142
6.0,28.0,40.38736986590283,-3.705654421496656,3,42.0,1,18,0.62,11,342
6.0,28.0,40.38604,-3.70396,3,36.0,1,12,0.4,11,318
8.0,10.0,40.37859793262095,-3.664911389191402,3,50.0,1,0,0.0,1,364
10.0,35.0,40.44153,-3.65077,4,104.0,3,81,2.77,1,23
16.0,65.0,40.47235,-3.68678,3,55.0,1,27,1.51,2,352
10.0,35.0,40.43713476704345,-3.658093781922808,3,44.0,3,75,2.55,1,3
6.0,42.0,40.39186,-3.7113,3,47.0,2,52,1.89,2,17
17.0,66.0,40.42307,-3.70076,4,140.0,1,73,2.45,1,164
6.0,17.0,40.3766499,-3.7460779,4,80.0,20,33,1.09,3,109
3.0,29.0,40.40909121605534,-3.732347194458744,4,60.0,1,31,1.04,3,130
18.0,60.0,40.42569594872408,-3.667196598807357,3,50.0,1,0,0.0,1,285
9.0,45.0,40.44424,-3.58481,4,115.0,1,71,2.36,8,336
9.0,45.0,40.44274,-3.58237,4,110.0,1,37,1.25,8,347
9.0,45.0,40.44405323032379,-3.583700266408403,4,126.0,1,52,1.71,8,343
17.0,77.0,40.42536,-3.69088,4,126.0,3,77,2.84,22,313
18.0,63.0,40.43393,-3.6655918,4,83.0,1,77,2.58,292,290
17.0,77.0,40.4212785,-3.7011001,4,143.0,1,155,5.25,141,143
17.0,80.0,40.41558462174464,-3.706542476526415,4,77.0,1,19,0.65,28,365
17.0,61.0,40.41256,-3.6997,4,86.0,1,29,0.97,28,358
17.0,61.0,40.40798369039115,-3.6987529670257406,4,89.0,1,16,0.58,28,364
17.0,61.0,40.40672,-3.6987,4,158.0,1,5,0.19,28,364
7.0,33.0,40.37234170541156,-3.6218874187877743,4,72.0,2,73,2.39,120,81
14.0,57.0,40.46894,-3.70732,4,116.0,30,4,0.14,10,24
17.0,61.0,40.40883607739857,-3.705267625150793,4,157.0,1,10,0.63,95,333
17.0,77.0,40.42267,-3.70063,3,52.0,1,109,3.61,1,2
10.0,61.0,40.442982194357896,-3.641477599740029,3,60.0,1,53,1.74,1,1
16.0,70.0,40.4161044011471,-3.674886888523108,3,73.0,1,182,6.13,2,325
15.0,64.0,40.43607581926332,-3.7021505866683992,4,113.0,2,140,4.58,3,117
9.0,24.0,40.43811543406536,-3.636558614960007,3,49.0,2,45,1.53,1,61
16.0,78.0,40.4154141,-3.6747204,4,104.0,2,99,3.46,51,322
14.0,50.0,40.45945,-3.70986,3,39.0,2,71,2.37,2,240
17.0,77.0,40.42073159200764,-3.699836576721818,4,132.0,2,107,3.62,3,8
8.0,48.0,40.39269,-3.66935,4,108.0,5,16,0.64,2,204
6.0,20.0,40.38562,-3.70582,3,47.0,1,21,0.7,11,351
6.0,28.0,40.38704754935179,-3.7058039040911903,3,33.0,1,15,0.64,11,352
15.0,39.0,40.435442160695686,-3.7145455367386,4,115.0,1,107,3.51,292,312
16.0,59.0,40.44411,-3.68067,4,71.0,3,28,0.93,23,136
6.0,39.0,40.39714577607652,-3.7331260831382274,3,39.0,1,0,0.0,1,364
16.0,66.0,40.444189369088384,-3.6704414337873454,4,90.0,1,163,5.36,7,257
8.0,48.0,40.39286921446504,-3.668763919667386,3,20.0,3,56,1.84,2,44
17.0,61.0,40.40898590371623,-3.703611241139222,4,143.0,3,80,2.69,1,2
17.0,66.0,40.42123,-3.7064,4,133.0,1,14,0.97,1,307
13.0,46.0,40.3982567713554,-3.6965499494192215,3,52.0,3,154,5.07,3,169
6.0,17.0,40.3766499,-3.7460779,4,63.0,25,37,1.24,3,278
17.0,66.0,40.42387447874237,-3.7014176670073855,4,133.0,1,39,1.28,54,59
15.0,64.0,40.43820281472943,-3.70224428440736,4,157.0,1,67,2.24,77,333
15.0,64.0,40.43791319777199,-3.702318221685635,4,135.0,1,36,1.19,77,334
15.0,64.0,40.436839387773006,-3.70166427513244,4,147.0,1,60,2.01,77,332
15.0,64.0,40.43702075507215,-3.702112702980701,4,150.0,1,71,2.35,77,324
17.0,66.0,40.42398041179077,-3.708223041637967,3,33.0,2,198,6.73,1,83
17.0,66.0,40.42827575548105,-3.709357128389185,4,124.0,1,48,1.6,292,320
17.0,61.0,40.4129266,-3.7059896,4,148.0,1,66,3.01,3,64
17.0,66.0,40.42776735961758,-3.7073139758925735,4,130.0,1,111,3.68,292,334
17.0,77.0,40.42136,-3.69707,4,105.0,3,171,5.63,3,25
17.0,66.0,40.42783648061937,-3.7076260202715545,4,118.0,1,53,1.79,292,314
17.0,66.0,40.42666252060002,-3.70767968393468,4,131.0,1,73,2.46,292,341
3.0,26.0,40.40566543594785,-3.748629871022709,4,142.0,1,7,0.24,54,327
3.0,29.0,40.41328,-3.72501,4,88.0,1,25,0.91,54,359
3.0,29.0,40.41328,-3.72501,4,88.0,1,55,1.93,54,361
17.0,66.0,40.42314776943195,-3.7041083392462255,4,97.0,1,47,1.64,2,322
4.0,19.0,40.453899650336425,-3.592443783858152,3,50.0,1,63,2.17,1,257
13.0,59.0,40.41293,-3.72012,4,133.0,3,99,3.34,3,303
15.0,64.0,40.4291,-3.70253,4,102.0,1,17,0.57,1,248
17.0,76.0,40.4083,-3.71414,4,107.0,1,36,1.2,2,331
9.0,24.0,40.4389921,-3.6243768,4,84.0,2,110,3.62,1,298
13.0,55.0,40.40516510915386,-3.7065773469054784,3,37.0,7,0,0.0,1,88
17.0,66.0,40.4251675,-3.7049021,3,43.0,1,29,0.98,5,360
17.0,66.0,40.42201799389412,-3.7074581916198266,3,117.0,1,168,5.69,2,64
3.0,29.0,40.40829,-3.73341,4,82.0,1,115,3.82,141,304
13.0,60.0,40.40492,-3.70169,4,111.0,1,25,0.83,92,347
17.0,61.0,40.4083453,-3.7057668,4,143.0,3,119,4.01,6,6
13.0,55.0,40.4044291,-3.7025434,4,111.0,1,37,1.24,92,337
18.0,60.0,40.42901096929221,-3.664901411866644,4,129.0,1,12,0.4,95,247
10.0,62.0,40.47026339995646,-3.665681745300082,4,110.0,1,13,0.46,181,343
17.0,80.0,40.4140132,-3.7050517,4,145.0,30,60,2.18,25,270
17.0,66.0,40.42666,-3.70936,4,115.0,30,24,0.81,6,330
17.0,61.0,40.4114879,-3.7000263,3,63.0,3,47,1.6,2,350
9.0,32.0,40.438291095217366,-3.610591491964708,3,35.0,4,20,0.75,17,342
17.0,61.0,40.41087202699936,-3.703983798623085,4,120.0,4,96,3.28,2,305
3.0,10.0,40.38013558453071,-3.7694260641909407,3,53.0,1,53,1.79,2,291
18.0,68.0,40.43015636061359,-3.67515365190974,4,107.0,1,14,0.49,292,264
14.0,57.0,40.46439435123566,-3.702786642029228,4,98.0,2,49,1.63,9,96
14.0,71.0,40.470670566161736,-3.693923750237105,4,116.0,3,80,2.69,7,325
6.0,25.0,40.38731384263938,-3.7366376817226414,3,47.0,2,71,2.36,2,250
17.0,76.0,40.4207587,-3.7085097,3,70.0,1,13,0.27,4,356
16.0,64.0,40.45269,-3.67163,3,69.0,1,74,2.46,7,250
17.0,76.0,40.41967,-3.70994,4,120.0,30,89,3.01,28,234
3.0,12.0,40.39521,-3.7574,3,42.0,1,10,0.36,1,2
17.0,79.0,40.41357042853781,-3.699823440804855,4,142.0,1,204,6.86,1,236
17.0,66.0,40.42599609475602,-3.70398441191014,3,38.0,4,122,4.05,2,193
10.0,41.0,40.42843,-3.64053,4,119.0,2,44,1.48,120,76
13.0,60.0,40.40584,-3.69657,4,111.0,30,62,2.07,7,17
15.0,67.0,40.44435368741913,-3.696985814404815,4,100.0,1,205,6.9,2,290
17.0,66.0,40.42038,-3.7027,4,110.0,1,263,8.86,6,240
17.0,66.0,40.4236758701903,-3.7100451148193447,3,146.0,2,10,0.42,4,77
17.0,61.0,40.4085913,-3.7085492,4,78.0,4,127,4.28,1,105
17.0,66.0,40.42768,-3.7106,4,153.0,1,0,0.0,2,88
8.0,37.0,40.39197,-3.65868,4,84.0,1,1,0.43,95,295
18.0,60.0,40.42476447874393,-3.668181572894881,4,115.0,1,57,1.91,181,306
17.0,61.0,40.41185029166995,-3.7020632963894418,4,96.0,1,149,5.05,3,267
17.0,76.0,40.41323,-3.71251,4,114.0,3,19,0.63,75,133
17.0,79.0,40.41297032218876,-3.693232102674344,4,128.0,1,10,0.35,1,232
6.0,22.0,40.36158,-3.75584,3,57.0,1,5,0.17,3,305
17.0,61.0,40.40784206065527,-3.7011057189798433,4,116.0,3,18,0.61,2,142
9.0,45.0,40.44463,-3.58286,4,74.0,1,9,0.34,8,345
17.0,66.0,40.422928824962966,-3.707652957672116,3,85.0,1,263,8.85,2,9
13.0,55.0,40.4025944,-3.7025139,4,75.0,4,0,0.0,1,109
13.0,55.0,40.39721466432314,-3.705596680034792,4,101.0,3,8,0.27,4,108
17.0,79.0,40.41555,-3.70155,4,105.0,4,58,2.03,7,348
17.0,77.0,40.4250276,-3.7007807,3,63.0,1,49,1.67,6,211
17.0,66.0,40.4240708,-3.7007468,3,70.0,1,32,1.07,6,259
17.0,66.0,40.4240708,-3.7007468,3,81.0,1,34,1.16,6,233
17.0,61.0,40.40882995893756,-3.698652228947009,4,77.0,30,161,5.45,12,233
18.0,63.0,40.43424437863642,-3.670799394398924,4,159.0,2,183,6.2,5,13
10.0,41.0,40.43311791039857,-3.646840751807283,3,18.0,1,151,5.07,3,20
18.0,68.0,40.43279272786354,-3.6760224043779113,4,98.0,2,162,5.44,4,71
10.0,36.0,40.49286,-3.69204,4,59.0,30,0,0.0,100,198
17.0,76.0,40.4076334238336,-3.711257019296269,4,89.0,2,123,4.2,16,45
6.0,11.0,40.38542,-3.72632,4,68.0,1,98,3.28,1,322
17.0,66.0,40.42274666634076,-3.7017242693115295,4,155.0,2,165,5.53,30,311
17.0,66.0,40.42373,-3.7049,4,112.0,3,74,2.52,62,312
17.0,61.0,40.408686352869374,-3.703622313521652,4,95.0,1,17,0.57,95,263
18.0,63.0,40.43341,-3.67178,4,159.0,1,82,2.77,292,3
6.0,28.0,40.39181,-3.70214,4,115.0,2,101,3.42,2,318
17.0,66.0,40.42256697761569,-3.701895930688484,4,161.0,2,176,5.89,30,299
6.0,25.0,40.387493104615416,-3.736104592680931,4,87.0,30,76,2.56,4,39
16.0,70.0,40.4192357,-3.6776106,3,48.0,1,21,1.48,3,18
2.0,1.0,40.4054119127126,-3.644758579487114,4,97.0,3,73,2.52,1,229
17.0,79.0,40.41073,-3.69344,4,125.0,28,76,2.56,2,339
16.0,70.0,40.42035,-3.67732,3,41.0,14,18,0.61,2,32
17.0,66.0,40.42276300165561,-3.701810100000007,4,162.0,2,90,3.62,30,229
17.0,61.0,40.41234182496696,-3.7044455241053726,4,151.0,3,27,0.91,15,208
16.0,51.0,40.40393,-3.67708,4,116.0,1,23,1.89,3,295
17.0,76.0,40.42226,-3.71079,4,108.0,3,54,1.82,24,14
17.0,61.0,40.4096672,-3.69852,4,117.0,3,11,0.37,2,290
5.0,44.0,40.34558225731338,-3.710972057801626,3,34.0,1,57,2.07,1,324
14.0,52.0,40.4505,-3.70904,4,102.0,3,4,0.13,15,311
3.0,29.0,40.40943,-3.72546,3,31.0,1,161,5.46,1,301
15.0,69.0,40.43646,-3.69603,4,140.0,2,0,0.0,1,323
5.0,3.0,40.3529258,-3.7013342,3,37.0,2,30,1.02,2,93
3.0,11.0,40.39908268364317,-3.737447443242397,3,42.0,1,80,2.7,4,317
14.0,50.0,40.46234,-3.70187,4,121.0,2,167,6.49,24,111
6.0,45.0,40.39260624386943,-3.722344525158405,3,46.0,2,23,0.78,1,112
15.0,64.0,40.43583599697836,-3.702096474378188,4,149.0,1,18,0.75,52,300
15.0,64.0,40.43659,-3.70247,4,122.0,1,23,0.79,52,291
15.0,64.0,40.437169327816896,-3.703623590682138,4,136.0,1,37,1.27,52,296
8.0,41.0,40.39842,-3.66512,3,25.0,1,173,5.82,4,119
8.0,41.0,40.40012569269912,-3.664742750077692,3,30.0,1,135,4.61,4,126
5.0,3.0,40.35198,-3.70207,3,33.0,2,62,2.08,2,51
17.0,76.0,40.4108624,-3.7108885,4,136.0,4,107,3.67,2,98
17.0,61.0,40.40915,-3.70416,4,90.0,3,58,1.96,1,10
17.0,80.0,40.4196019,-3.7067856,4,111.0,3,164,5.6,1,11
17.0,79.0,40.413848968283695,-3.698901120316832,4,80.0,14,26,0.9,13,173
17.0,76.0,40.4160485,-3.7088958,4,144.0,2,104,3.59,5,218
6.0,22.0,40.3675216,-3.7606407,4,72.0,30,7,0.32,1,165
11.0,70.0,40.426005,-3.7150271,4,130.0,20,18,0.66,1,144
17.0,80.0,40.41634,-3.70078,4,163.0,5,120,4.12,25,229
17.0,79.0,40.41378781734501,-3.702250756323338,4,88.0,1,183,6.15,1,96
17.0,76.0,40.40869,-3.71445,4,114.0,1,18,0.65,2,339
17.0,61.0,40.408537241343325,-3.707154262356605,4,143.0,2,77,2.59,1,35
14.0,57.0,40.4665,-3.69651,4,134.0,2,20,0.68,120,72
14.0,71.0,40.46657727407755,-3.695497993837104,4,140.0,2,42,1.44,120,83
17.0,61.0,40.40963,-3.70473,3,49.0,2,58,1.99,1,348
17.0,66.0,40.42789,-3.70659,4,110.0,4,93,3.2,1,135
17.0,66.0,40.4233184,-3.701810099999999,4,158.0,2,153,5.16,30,317
11.0,70.0,40.42126801412676,-3.7157983386230464,4,128.5,1,12,0.41,292,288
6.0,28.0,40.38755121087586,-3.705266052010401,3,40.0,1,19,0.68,11,356
17.0,79.0,40.4152145,-3.701263,4,151.0,3,107,3.65,1,226
6.0,22.0,40.36218795330745,-3.747093458270204,3,84.0,1,9,0.31,3,315
18.0,60.0,40.42372129257969,-3.6665310716796897,4,79.0,3,119,4.09,1,177
6.0,11.0,40.38491,-3.72517,3,52.0,1,18,0.61,1,317
6.0,39.0,40.39738067614654,-3.718827143311501,3,50.0,2,40,1.4,2,340
14.0,71.0,40.46914,-3.69891,4,119.0,1,36,1.24,2,275
12.0,54.0,40.49839102619243,-3.650697948294869,3,43.0,1,34,1.15,2,341
17.0,76.0,40.4153081,-3.711401,3,70.0,2,67,2.47,33,125
5.0,44.0,40.3314,-3.7012,3,36.0,1,21,0.72,1,352
17.0,77.0,40.41945,-3.6975,4,95.0,1,2,0.12,12,303
15.0,64.0,40.43272,-3.70337,3,58.0,1,0,0.0,1,365
14.0,71.0,40.4666565749467,-3.696277640568268,4,117.0,2,124,4.31,24,225
17.0,66.0,40.42292,-3.70417,4,115.0,1,242,8.2,6,247
18.0,82.0,40.42817,-3.68426,4,95.0,3,48,1.65,9,32
17.0,61.0,40.4099,-3.69831,4,116.0,1,22,0.76,10,313
2.0,16.0,40.398585777903,-3.636278670070212,3,74.0,1,0,0.0,1,364
17.0,66.0,40.427700098934665,-3.703778249420224,4,81.0,3,78,2.69,1,15
11.0,15.0,40.4699102355086,-3.7178843468427663,3,31.0,7,33,1.13,2,330
17.0,66.0,40.42452,-3.7029,3,160.0,3,0,0.0,1,365
3.0,29.0,40.4089182,-3.7380994,3,38.0,1,0,0.0,1,339
18.0,82.0,40.42773,-3.68659,4,142.0,1,29,1.14,19,316
18.0,83.0,40.42974,-3.68622,4,134.0,1,58,2.25,19,297
18.0,82.0,40.42795,-3.68565,4,153.0,1,31,1.13,19,328
18.0,83.0,40.42956,-3.68427,4,134.0,2,51,1.92,19,287
18.0,82.0,40.42851,-3.68448,4,132.0,1,25,0.91,19,311
18.0,83.0,40.42996,-3.68472,4,134.0,2,64,2.48,19,276
18.0,82.0,40.42768,-3.68491,4,119.0,2,11,0.41,19,291
18.0,83.0,40.42921,-3.68428,4,132.0,2,31,1.15,19,306
18.0,82.0,40.42913,-3.6842,4,164.0,2,57,2.11,19,337
17.0,61.0,40.40811,-3.70303,4,71.0,2,128,4.42,141,9
16.0,59.0,40.45203401959871,-3.671540661763349,3,55.0,1,15,0.52,7,124
6.0,20.0,40.379386663544295,-3.700856283782242,4,82.0,10,41,1.49,1,51
10.0,47.0,40.43454607446931,-3.654134954454408,4,132.0,3,147,5.1,141,301
13.0,55.0,40.40347,-3.70161,4,104.0,1,42,1.51,92,328
13.0,55.0,40.40386861009961,-3.703511027686154,4,76.0,1,62,2.22,92,325
13.0,60.0,40.40507,-3.70148,4,104.0,1,53,1.92,92,326
13.0,55.0,40.40346333200764,-3.70145359215738,4,104.0,1,70,2.49,92,312
13.0,55.0,40.4044291,-3.7025434,3,65.0,1,48,1.75,92,345
16.0,80.0,40.40098028712616,-3.670306652784348,4,137.0,2,115,4.0,4,132
6.0,32.0,40.38178,-3.69542,4,65.0,3,28,0.97,1,195
17.0,66.0,40.42241,-3.70301,3,48.0,1,144,4.93,4,291
3.0,29.0,40.40957798381,-3.731242753565311,4,85.0,30,20,0.76,2,207
6.0,32.0,40.38565,-3.70403,3,40.0,1,15,0.54,6,165
6.0,20.0,40.3858,-3.70583,3,36.0,1,13,0.48,6,353
6.0,42.0,40.39436415762915,-3.7102309837068255,3,39.0,2,86,2.96,1,4
2.0,49.0,40.4111624,-3.6512269,4,98.0,3,34,1.24,1,267
6.0,22.0,40.36888537316611,-3.760686556066573,3,47.0,3,96,3.29,1,330
9.0,45.0,40.4437708,-3.5823827,4,72.0,1,95,3.31,21,66
17.0,61.0,40.41132580277039,-3.7016196657069687,4,143.0,2,6,0.21,1,1
17.0,76.0,40.41069,-3.71047,4,81.0,5,8,0.28,1,290
12.0,27.0,40.460032299674765,-3.6483842879533768,4,130.0,1,39,1.34,3,56
6.0,17.0,40.38783071706796,-3.7315673008561134,3,35.0,11,12,1.03,1,255
16.0,51.0,40.40443501930616,-3.674334596295159,4,150.0,1,18,0.64,26,346
13.0,55.0,40.40000965259989,-3.701565550346468,4,144.0,1,120,4.15,292,307
3.0,29.0,40.409445222927744,-3.729029242327888,3,43.0,2,37,1.28,1,174
17.0,61.0,40.407969286213664,-3.701828947425438,4,55.0,2,209,7.27,1,6
17.0,77.0,40.42232940600262,-3.695080331512608,4,155.0,1,14,0.52,5,241
17.0,77.0,40.42282,-3.6994882,4,154.0,1,11,0.41,5,233
17.0,61.0,40.408659,-3.6995732,4,91.0,3,143,4.88,3,21
15.0,64.0,40.43055,-3.70229,4,140.0,1,11,0.64,72,2
10.0,36.0,40.49943,-3.673,4,164.0,1,0,0.0,72,296
15.0,64.0,40.43053,-3.704,4,140.0,1,9,0.45,72,3
6.0,25.0,40.3850762,-3.742299,3,44.0,1,35,1.23,3,295
8.0,41.0,40.40243,-3.66587,3,27.0,1,0,0.0,1,363
17.0,66.0,40.42878,-3.70243,4,147.0,1,8,0.41,72,38
14.0,65.0,40.45741916709277,-3.695033580600037,4,156.0,1,1,1.0,72,33
12.0,61.0,40.4724530883148,-3.641274284807,4,123.0,1,15,0.58,7,329
9.0,31.0,40.4450718764168,-3.640946029903784,4,132.0,1,3,0.19,72,138
10.0,61.0,40.44487,-3.64234,4,132.0,1,5,0.35,72,147
4.0,57.0,40.46919126939187,-3.593552303809059,3,56.0,1,118,4.07,2,11
10.0,61.0,40.44321,-3.64234,4,145.0,1,2,0.14,72,328
10.0,61.0,40.44326716033842,-3.640899202196788,4,145.0,1,6,0.35,72,106
10.0,45.0,40.42668099755559,-3.65447027761448,4,131.0,3,88,3.12,4,244
17.0,66.0,40.42432913219129,-3.702178595081948,4,128.0,30,2,0.08,20,268
14.0,57.0,40.46689,-3.7029,4,112.0,1,2,0.08,407,349
17.0,66.0,40.4233184,-3.701810099999999,4,150.0,2,121,4.24,30,323
14.0,57.0,40.4684167,-3.7018637,4,137.0,1,0,0.0,407,289
13.0,59.0,40.41228,-3.72212,4,66.0,29,12,0.51,1,300
10.0,45.0,40.42462,-3.65488,4,139.0,3,82,2.86,4,242
14.0,57.0,40.4684167,-3.7018637,4,137.0,1,3,0.29,407,243
17.0,77.0,40.42457292596073,-3.699670384470769,3,90.0,1,29,1.08,6,176
10.0,45.0,40.42459,-3.656,4,113.0,3,68,2.35,4,238
10.0,45.0,40.427059929941976,-3.657688317182027,4,75.0,2,59,2.04,51,7
11.0,70.0,40.42546138143061,-3.715166320903157,4,110.0,2,28,0.97,1,5
11.0,15.0,40.46991,-3.71788,3,37.0,7,18,0.65,2,332
16.0,51.0,40.40546,-3.67529,4,160.0,1,61,2.18,26,337
16.0,51.0,40.403761496660366,-3.673322465509643,4,159.0,1,3,0.1,26,342
17.0,76.0,40.42277284739648,-3.710924349725247,3,76.0,2,41,1.42,4,159
4.0,40.0,40.47397767871357,-3.5748390328606763,3,53.0,3,58,2.03,1,253
6.0,28.0,40.38619412272823,-3.7042915092440754,3,43.0,1,18,0.72,6,174
13.0,46.0,40.396977457597295,-3.692780278285817,3,95.0,1,37,1.34,1,301
3.0,11.0,40.39771857878624,-3.737308453456639,3,46.0,1,100,3.69,4,317
17.0,76.0,40.42293537680735,-3.710785712413727,4,155.0,30,76,2.62,4,237
17.0,61.0,40.40629526415615,-3.7084294419002815,4,77.0,3,72,2.55,3,230
17.0,61.0,40.40626121357229,-3.708688494014032,4,55.0,3,75,2.65,3,244
6.0,25.0,40.38151,-3.74836,3,39.0,1,5,0.19,2,328
13.0,60.0,40.40485005198645,-3.699743748320218,3,64.0,1,127,4.38,1,256
11.0,70.0,40.42669429270702,-3.7162484736058143,4,100.0,3,65,2.42,1,181
3.0,29.0,40.41059794851312,-3.737555502098267,3,38.0,1,0,0.0,1,364
14.0,50.0,40.4611834341882,-3.704099937345706,4,130.0,1,72,2.57,2,326
10.0,62.0,40.4687756448956,-3.6693301050719023,4,121.0,1,51,1.89,1,305
4.0,40.0,40.46948657738057,-3.5803909256107667,3,53.0,1,279,9.71,1,225
14.0,65.0,40.4605048,-3.694754,4,119.0,1,3,0.38,407,337
14.0,65.0,40.4605048,-3.694754,4,90.0,1,0,0.0,407,259
17.0,61.0,40.41357,-3.70548,4,118.0,1,38,1.42,3,243
17.0,61.0,40.410403,-3.6966187,3,53.0,1,16,0.93,1,357
17.0,76.0,40.41216170283666,-3.712969790233212,4,103.0,1,27,0.97,2,264
6.0,20.0,40.38571,-3.70592,3,38.0,1,16,0.58,6,353
16.0,51.0,40.40476696336593,-3.675406945153553,4,160.0,1,3,0.11,26,335
17.0,66.0,40.42084,-3.70532,4,98.0,2,128,4.42,4,213
16.0,51.0,40.40549,-3.67398,4,160.0,1,17,0.61,26,336
15.0,64.0,40.430682484766464,-3.703953696174705,4,140.0,20,9,0.33,33,131
16.0,59.0,40.443716810761096,-3.678323731832694,4,48.0,5,4,0.38,1,94
13.0,59.0,40.40688,-3.71326,4,143.0,1,7,0.25,2,363
13.0,49.0,40.39305228699021,-3.698095795876097,3,47.0,1,8,0.28,1,356
16.0,70.0,40.419646592017365,-3.6722866984694935,3,31.0,30,8,0.34,9,75
14.0,65.0,40.4605048,-3.694754,4,105.0,1,1,0.14,407,304
3.0,26.0,40.40433,-3.74797,4,71.0,1,45,1.65,4,45
17.0,66.0,40.42683213839144,-3.7021365495958856,4,131.0,4,26,0.9,2,345
8.0,41.0,40.39956336641144,-3.665268671216696,3,31.0,1,144,5.05,4,131
12.0,54.0,40.488470790921546,-3.672491123717444,4,122.0,1,237,8.24,1,286
17.0,76.0,40.4106,-3.71042,3,33.0,1,14,0.49,1,353
17.0,66.0,40.42242,-3.70202,3,163.0,1,32,1.12,5,23
3.0,11.0,40.40361560435549,-3.741436040194938,3,38.0,1,0,0.0,2,364
18.0,82.0,40.428315449852605,-3.681939529476936,4,131.0,21,0,0.0,2,362
8.0,41.0,40.39961,-3.66531,4,113.0,1,45,1.73,4,226
6.0,7.0,40.36800403718355,-3.6895341070725416,3,42.0,1,74,2.75,2,297
18.0,83.0,40.43536,-3.68125,4,70.0,1,37,1.33,5,237
17.0,61.0,40.40985,-3.69848,3,30.0,1,144,4.99,6,50
10.0,47.0,40.43522579074944,-3.6453672305501943,3,40.0,1,125,5.12,1,29
17.0,66.0,40.4243,-3.70157,3,52.0,1,164,5.7,4,294
13.0,60.0,40.40701712826869,-3.694786839187145,3,45.0,1,258,9.12,2,319
14.0,50.0,40.46195714671544,-3.704252034938983,4,60.0,21,6,0.22,1,51
18.0,63.0,40.434516458565774,-3.671955654037194,4,120.0,1,8,0.28,1,261
6.0,7.0,40.36729,-3.68877,3,48.0,3,30,1.05,1,154
17.0,61.0,40.40801116098051,-3.707318490490573,4,123.0,1,31,1.09,181,174
6.0,11.0,40.3758594300036,-3.732557086366952,3,40.0,1,145,5.04,1,75
17.0,66.0,40.42240188777911,-3.7017690064205904,4,143.0,3,101,3.55,1,246
14.0,50.0,40.45994,-3.70065,4,130.0,1,0,0.0,12,62
14.0,52.0,40.450616942784166,-3.705052511639408,4,81.0,2,145,5.07,1,183
16.0,51.0,40.40254877076549,-3.676081653773556,3,24.0,1,69,2.4,4,76
3.0,26.0,40.40466809999999,-3.7440049,3,38.0,6,0,0.0,1,89
14.0,50.0,40.46030783507385,-3.704608593428701,4,46.0,1,1,0.45,12,347
14.0,50.0,40.46041745976894,-3.7044276394668207,4,65.0,1,0,0.0,12,318
14.0,63.0,40.44939385900682,-3.6960225050922255,4,111.0,1,106,3.77,1,164
10.0,36.0,40.4981909,-3.675523,3,58.0,1,0,0.0,1,356
17.0,66.0,40.42295292589584,-3.704484086405819,4,143.0,30,1,0.39,14,10
17.0,77.0,40.422178477332814,-3.699250469858488,3,146.0,1,110,4.02,6,329
17.0,66.0,40.423189871506914,-3.704760556176301,4,143.0,30,4,0.27,14,11
16.0,66.0,40.44228248173957,-3.6736016805439657,4,91.0,1,74,2.66,292,263
11.0,18.0,40.42127,-3.7192,4,128.5,4,66,2.56,5,306
13.0,60.0,40.40557,-3.69413,3,87.0,3,111,3.92,1,60
17.0,77.0,40.42219,-3.69899,3,70.0,1,67,2.38,6,320
17.0,77.0,40.4224360765163,-3.697386104324253,3,70.0,1,78,2.76,6,329
17.0,77.0,40.42061868658261,-3.698497656010868,3,150.0,1,79,2.81,6,323
17.0,77.0,40.42104,-3.69699,3,141.0,1,51,1.81,6,340
17.0,77.0,40.42095039524917,-3.697319612793014,3,140.0,1,47,1.68,6,342
17.0,61.0,40.4087482,-3.706131,4,83.0,2,130,4.56,31,248
18.0,68.0,40.42951974369984,-3.6737792387106,3,43.0,1,97,3.44,1,23
17.0,61.0,40.410573655772325,-3.701297502151808,3,103.0,2,62,2.17,1,349
17.0,66.0,40.42839,-3.70455,4,113.0,1,17,0.69,107,34
6.0,58.0,40.38145903763302,-3.716787178897316,4,87.0,2,4,0.16,1,267
16.0,66.0,40.43911931714149,-3.674132484934981,4,93.0,2,44,1.61,1,15
6.0,28.0,40.38538549760469,-3.7125287517833567,4,63.0,8,25,0.98,1,53
1.0,13.0,40.40183290596524,-3.602183473966887,3,35.0,7,5,0.19,3,75
17.0,79.0,40.414260466884016,-3.698333900111688,4,125.0,29,34,1.19,1,70
1.0,13.0,40.402006848310045,-3.60194129776232,3,80.0,10,1,0.39,3,225
14.0,71.0,40.47097,-3.69883,4,74.0,30,0,0.0,100,77
6.0,25.0,40.38393,-3.74179,3,44.0,1,8,0.28,3,307
9.0,4.0,40.42796,-3.62247,4,107.0,2,101,3.56,1,286
7.0,33.0,40.35981,-3.58823,4,69.0,15,19,0.69,1,35
14.0,65.0,40.4605048,-3.694754,4,123.0,1,2,0.14,407,284
14.0,65.0,40.4605048,-3.694754,4,108.0,1,0,0.0,407,254
17.0,77.0,40.42140864376642,-3.6985580234100897,4,130.0,1,82,2.88,292,270
17.0,61.0,40.40752085551855,-3.706862153568335,4,113.0,1,80,2.96,7,129
13.0,60.0,40.40365169613938,-3.693932851865737,4,121.0,1,112,4.04,2,62
11.0,70.0,40.4297551,-3.7205237,3,50.0,1,34,1.26,1,365
17.0,76.0,40.41620517093332,-3.70880179931067,4,126.0,2,107,3.76,51,329
14.0,57.0,40.4649,-3.70156,4,88.0,2,64,2.26,5,60
8.0,12.0,40.39146,-3.6435,3,24.0,1,172,6.05,1,26
6.0,45.0,40.392448384639735,-3.720831548961754,3,53.0,3,21,0.74,2,342
17.0,80.0,40.4195460325616,-3.700965307652951,4,150.0,4,9,0.75,1,138
12.0,27.0,40.4641324,-3.6484735,4,138.0,1,62,2.7,2,241
12.0,27.0,40.4641324,-3.6484735,4,95.0,1,32,1.16,2,281
10.0,41.0,40.43464549999999,-3.641210399999999,4,84.0,2,120,4.28,1,121
2.0,2.0,40.40013851117526,-3.646333403885365,3,25.0,1,70,2.46,1,225
6.0,28.0,40.38726,-3.70616,3,45.0,1,19,0.7,6,172
14.0,65.0,40.464011477584464,-3.693130836683612,4,138.0,7,4,0.14,7,326
14.0,65.0,40.46372889692601,-3.693904229858606,4,138.0,7,3,0.11,7,318
17.0,61.0,40.40713909999999,-3.7079547,4,129.0,3,96,3.42,1,18
17.0,61.0,40.41103516612716,-3.7030079757799856,4,161.0,1,83,2.93,292,315
14.0,50.0,40.45734636131816,-3.707634222016772,4,56.0,30,0,0.0,6,296
17.0,77.0,40.4217,-3.69976,4,156.0,1,12,0.42,5,302
17.0,66.0,40.42319,-3.70131,4,154.0,1,8,0.28,5,312
14.0,71.0,40.46890569044186,-3.698208115333341,3,30.0,1,33,1.17,1,27
17.0,79.0,40.41177,-3.69634,4,118.0,2,71,2.52,16,348
18.0,83.0,40.43562724550719,-3.686903156340122,3,30.0,1,0,0.0,1,232
17.0,77.0,40.42312005460445,-3.699953496775652,3,81.0,1,20,0.72,6,279
17.0,61.0,40.41362,-3.70599,3,23.0,30,3,0.12,33,267
12.0,61.0,40.47202567218181,-3.637592755258083,4,60.0,1,219,7.81,7,229
12.0,27.0,40.46260926121431,-3.647372044427497,3,29.0,1,20,0.72,5,198
17.0,80.0,40.41507060580191,-3.704480196459814,3,28.0,20,4,0.26,33,297
17.0,61.0,40.40941,-3.7054,4,101.0,1,59,2.08,1,207
13.0,60.0,40.4045,-3.69399,4,92.0,28,66,2.4,1,185
17.0,61.0,40.40941,-3.7025,4,133.0,1,43,1.53,77,337
17.0,76.0,40.40945882750478,-3.7170600570152583,4,113.0,1,40,1.42,1,343
17.0,76.0,40.4227063,-3.7110074,3,52.0,2,65,2.34,4,329
17.0,61.0,40.41209359323772,-3.699835523771776,4,52.0,30,14,0.52,8,92
6.0,25.0,40.37938,-3.74914,1,15.0,3,60,2.12,5,119
17.0,61.0,40.41075,-3.70059,3,53.0,1,3,0.78,2,151
12.0,27.0,40.462208513235126,-3.650382197121972,3,91.0,2,6,0.28,5,39
17.0,61.0,40.41342,-3.70261,4,75.0,30,6,0.27,2,326
17.0,76.0,40.41208356317498,-3.7151753713596887,4,134.0,1,89,3.22,292,344
17.0,76.0,40.4135543317281,-3.711858788360596,4,99.0,3,104,4.32,2,89
17.0,76.0,40.41977,-3.71011,4,142.0,2,161,5.69,28,73
6.0,58.0,40.37835983261976,-3.712355308234692,4,93.0,1,5,0.63,1,360
15.0,67.0,40.44371277301852,-3.6994676631160446,3,154.0,1,50,1.79,12,356
16.0,70.0,40.41704319999999,-3.6751397,3,69.0,1,144,5.09,2,325
17.0,76.0,40.4135,-3.71253,4,70.0,3,62,2.33,6,53
13.0,59.0,40.41206454875891,-3.720510556185299,4,103.0,2,21,0.75,1,69
9.0,45.0,40.44321,-3.56681,3,40.0,1,2,0.58,4,354
6.0,25.0,40.378988681846586,-3.7493939169646775,1,15.0,3,41,1.47,5,66
9.0,45.0,40.44338,-3.56708,3,70.0,1,0,0.0,4,345
6.0,25.0,40.37732,-3.74954,3,25.0,5,89,3.14,5,23
10.0,45.0,40.476701076823815,-3.716402328527984,4,90.0,7,5,0.18,36,350
17.0,80.0,40.41991340298172,-3.702040155395648,4,115.0,2,117,4.19,51,325
15.0,66.0,40.4323196,-3.7057126,4,112.0,6,18,0.69,1,80
17.0,66.0,40.428179,-3.705167299999999,3,43.0,2,209,7.41,1,269
10.0,45.0,40.42748687367012,-3.655520993227721,3,22.0,3,0,0.0,1,82
17.0,80.0,40.4155665,-3.7030389,4,124.0,2,147,5.37,3,215
18.0,63.0,40.4344743,-3.6647203,4,95.0,30,0,0.0,407,15
8.0,48.0,40.39769832507842,-3.668572269380092,3,110.0,3,15,0.6,12,61
14.0,52.0,40.45159904213212,-3.70749149815568,4,127.0,3,18,0.68,15,310
17.0,77.0,40.42459,-3.69959,4,144.0,1,54,1.93,2,290
9.0,5.0,40.42385,-3.62065,3,37.0,5,41,1.53,1,20
17.0,79.0,40.4159034,-3.6955958,4,93.0,3,154,5.46,18,317
17.0,79.0,40.4159034,-3.6955958,4,97.0,3,138,4.88,18,286
17.0,79.0,40.4159034,-3.6955958,4,90.0,3,123,4.39,18,309
10.0,41.0,40.42646578658602,-3.63856361489644,4,62.0,30,0,0.0,100,226
10.0,41.0,40.42695093099513,-3.6404356767724018,4,62.0,30,0,0.0,100,364
6.0,22.0,40.36413318498483,-3.7619110459090166,3,58.0,3,50,1.79,1,96
10.0,53.0,40.47722,-3.71491,4,90.0,7,19,0.71,36,364
10.0,41.0,40.42719,-3.6386,4,62.0,30,0,0.0,100,198
14.0,57.0,40.46893662483988,-3.701444012725445,4,98.0,30,0,0.0,100,258
5.0,10.0,40.34335,-3.69097,3,19.0,1,143,5.17,2,322
13.0,72.0,40.38659729209191,-3.691016303762367,4,158.0,2,63,2.23,120,85
14.0,57.0,40.46283,-3.70119,4,85.0,30,0,0.0,100,199
13.0,59.0,40.41379357170329,-3.719044069759416,3,54.0,4,65,2.65,1,29
11.0,18.0,40.42262788638344,-3.7159253596817945,3,95.0,6,14,0.59,1,154
13.0,55.0,40.4032733,-3.703762199999999,3,53.0,3,54,1.93,1,61
17.0,61.0,40.40751114714885,-3.701682320290376,3,60.0,2,63,2.24,1,346
8.0,12.0,40.39344049027996,-3.640520386397839,4,80.0,2,76,2.74,5,52
4.0,40.0,40.47003419584396,-3.5806785514413613,3,38.0,1,158,5.86,1,12
17.0,77.0,40.41929291089821,-3.697405121072306,4,135.0,5,20,1.07,1,312
5.0,10.0,40.34335,-3.69097,3,17.0,1,147,5.34,2,264
14.0,65.0,40.4586489130331,-3.694567713442916,4,112.0,2,74,5.38,24,149
17.0,77.0,40.42369,-3.70057,4,101.0,1,0,0.0,95,271
16.0,51.0,40.40594,-3.6766,4,60.0,30,0,0.0,100,288
17.0,79.0,40.41588,-3.70105,4,127.0,1,107,3.93,26,73
17.0,79.0,40.4149013,-3.702394699999999,4,150.0,2,85,3.03,2,161
11.0,46.0,40.46839611180292,-3.729740514623064,4,67.0,1,2,0.12,54,45
5.0,35.0,40.353898322904165,-3.685068190097809,3,26.0,1,45,1.61,1,12
17.0,76.0,40.41222,-3.71215,4,103.0,1,29,1.04,2,269
17.0,61.0,40.41064640295384,-3.6976198469116497,4,105.0,28,11,0.44,1,334
6.0,22.0,40.3594956038955,-3.758907057344913,3,29.0,1,74,2.66,1,46
17.0,77.0,40.42700863067611,-3.701401544273031,4,154.0,1,70,2.61,1,186
18.0,60.0,40.42206653863964,-3.665613359672129,3,36.0,1,0,0.0,1,321
4.0,57.0,40.4670419,-3.587774899999999,4,93.0,1,298,13.28,3,190
10.0,45.0,40.42735244999945,-3.648948222398758,3,51.0,2,36,1.29,1,251
14.0,52.0,40.4523184907497,-3.707971288605962,4,60.0,30,6,0.22,1,327
17.0,77.0,40.42559042968615,-3.698669385076472,4,154.0,5,82,2.97,3,21
17.0,80.0,40.4172319029457,-3.7086713774147135,4,141.0,2,31,1.13,2,308
17.0,61.0,40.41107828699391,-3.703208649317671,4,79.0,2,124,4.5,1,216
16.0,59.0,40.44697,-3.67403,4,158.0,1,75,2.72,292,334
17.0,80.0,40.4181484273028,-3.70748544232788,4,141.0,2,61,2.23,2,314
5.0,15.0,40.35175229642344,-3.678629562808136,3,51.0,2,11,0.4,2,351
2.0,2.0,40.39833694390144,-3.639386470437836,3,22.0,7,0,0.0,17,13
2.0,2.0,40.40017,-3.6413,3,19.0,7,0,0.0,17,13
2.0,2.0,40.40037,-3.64003,3,18.0,7,0,0.0,17,13
2.0,2.0,40.39941,-3.64305,3,19.0,7,0,0.0,17,13
2.0,2.0,40.39959,-3.64363,3,19.0,7,0,0.0,17,13
2.0,2.0,40.40112287770332,-3.6436431046578073,3,22.0,7,0,0.0,17,13
2.0,2.0,40.40089,-3.64198,3,27.0,7,0,0.0,17,13
2.0,1.0,40.40658,-3.64743,3,18.0,7,0,0.0,17,13
2.0,1.0,40.40522279652786,-3.649667985529172,3,22.0,7,0,0.0,17,13
2.0,1.0,40.40409138383522,-3.640074081276156,3,21.0,7,0,0.0,17,13
2.0,2.0,40.40231781658682,-3.6404774759591434,3,20.0,7,0,0.0,17,13
2.0,2.0,40.40208,-3.64009,3,27.0,7,0,0.0,17,13
1.0,13.0,40.3970652024498,-3.5538411988116008,4,110.0,3,18,0.68,1,238
5.0,15.0,40.35172,-3.68016,3,44.0,2,9,0.33,2,350
17.0,66.0,40.42860139466043,-3.704193718418084,4,85.0,14,0,0.0,1,74
10.0,44.0,40.5103344483462,-3.691373444347799,4,98.0,7,2,0.14,1,69
10.0,45.0,40.42712984134466,-3.652438223814018,4,69.0,1,36,1.3,181,315
13.0,60.0,40.4048174,-3.6932941,3,46.0,1,106,7.33,2,91
17.0,80.0,40.41748765886428,-3.7056621743553455,4,115.0,1,77,2.84,1,110
18.0,68.0,40.42888,-3.67714,4,159.0,3,99,3.73,1,156
16.0,51.0,40.40566233256547,-3.679957098481484,4,91.0,2,124,5.76,1,126
17.0,66.0,40.42481910050217,-3.7037541581715097,4,129.0,1,98,4.32,1,1
8.0,48.0,40.3976954,-3.6685723,3,111.0,3,12,0.45,12,47
17.0,61.0,40.40776,-3.70406,4,90.0,1,55,1.99,1,254
6.0,28.0,40.38829,-3.70076,4,108.0,3,46,1.69,12,341
15.0,64.0,40.43060824058098,-3.701520044529705,4,140.0,2,53,1.9,72,42
6.0,28.0,40.387861949631045,-3.701423463928717,4,108.0,3,28,1.05,12,334
13.0,46.0,40.39769,-3.69713,4,134.0,1,13,0.6,1,296
13.0,60.0,40.40634,-3.6962,3,45.0,1,148,5.32,2,323
17.0,79.0,40.4157606,-3.7010582,4,154.0,5,121,4.43,25,269
16.0,84.0,40.4626987766416,-3.670937649123529,3,45.0,1,13,0.47,1,141
17.0,77.0,40.422653,-3.6961137,3,157.0,1,0,0.0,10,257
17.0,66.0,40.4281649,-3.7045083,4,91.0,7,65,2.34,8,289
14.0,63.0,40.44812731778098,-3.69823005408504,4,164.0,27,15,0.54,93,114
16.0,70.0,40.415779147821176,-3.6758699849155954,4,65.0,3,68,2.49,1,216
17.0,79.0,40.4129,-3.69906,4,90.0,3,93,3.4,1,235
17.0,79.0,40.41605,-3.70059,3,83.0,8,0,0.0,27,266
10.0,86.0,40.53324,-3.78089,4,160.0,6,0,0.0,1,364
17.0,79.0,40.4159034,-3.6955958,4,66.0,3,140,5.05,18,280
17.0,79.0,40.4159034,-3.6955958,4,68.0,3,135,4.94,18,297
18.0,73.0,40.42794766255082,-3.676360372581077,4,153.0,1,28,1.18,1,78
3.0,26.0,40.3966016002256,-3.745108102538036,3,38.0,15,9,0.33,1,25
17.0,61.0,40.41108424008716,-3.6997315346781527,3,150.0,1,0,0.0,1,365
3.0,5.0,40.3987252,-3.7661407,3,23.0,1,0,0.0,1,13
6.0,28.0,40.3897067,-3.7071221,4,149.0,1,181,6.52,8,44
17.0,61.0,40.41167568309953,-3.7075866927443935,4,123.0,2,61,2.21,3,168
17.0,79.0,40.4151170509272,-3.696670938943834,4,128.0,1,66,2.45,292,250
12.0,10.0,40.474499,-3.6610323,3,30.0,1,51,1.85,5,256
17.0,76.0,40.42163,-3.7126,4,133.0,1,94,3.41,292,245
17.0,66.0,40.42345873641572,-3.7069990815969898,4,88.0,2,1,0.42,1,287
1.0,13.0,40.40471712985721,-3.607816629283184,4,139.0,2,156,5.66,2,278
17.0,66.0,40.4219305,-3.7017915,3,70.0,1,29,1.05,13,144
6.0,11.0,40.37995,-3.72691,4,90.0,1,43,1.67,7,353
14.0,57.0,40.46625,-3.70324,3,35.0,4,9,0.39,1,63
17.0,61.0,40.41046707134795,-3.697736203575556,4,94.0,1,41,1.51,181,280
17.0,66.0,40.42763,-3.70841,3,70.0,1,75,3.19,1,38
17.0,77.0,40.4205958,-3.6986786,3,63.0,1,272,10.19,53,8
17.0,77.0,40.42114,-3.69989,4,156.0,1,28,1.01,5,93
17.0,61.0,40.409177254109935,-3.705321402699546,4,143.0,1,4,0.15,3,352
17.0,61.0,40.40892676790076,-3.7054790552104144,4,143.0,1,7,0.26,3,348
17.0,61.0,40.4079533,-3.699808,3,52.0,5,34,1.24,3,145
17.0,61.0,40.40883,-3.69879,4,109.0,1,51,1.86,292,288
17.0,77.0,40.4205958,-3.6986786,3,54.0,1,203,7.58,53,7
16.0,84.0,40.4630150116367,-3.689083582510261,3,19.0,14,1,0.39,78,92
17.0,77.0,40.4205958,-3.6986786,3,52.0,1,206,7.73,53,18
11.0,18.0,40.4231307,-3.7239982,4,139.0,1,4,0.15,2,196
6.0,42.0,40.3940109,-3.7093423,4,66.0,2,72,2.61,1,247
12.0,27.0,40.46308459999999,-3.6525007,4,105.0,1,58,2.14,292,329
17.0,80.0,40.41584835001577,-3.708383516428901,4,109.0,1,18,0.67,22,315
11.0,70.0,40.42301802437213,-3.7127485697525873,4,110.0,1,58,2.36,292,225
17.0,80.0,40.418578521574055,-3.70112909167126,4,131.0,2,42,1.52,22,296
3.0,26.0,40.4062011,-3.7437389,3,27.0,2,9,0.33,1,42
17.0,77.0,40.4205958,-3.6986786,3,49.0,1,204,7.64,53,25
17.0,77.0,40.4205958,-3.6986786,3,72.0,1,257,9.67,53,13
8.0,48.0,40.38839,-3.67004,4,124.0,1,50,1.83,19,341
3.0,29.0,40.41084131076286,-3.736616677770257,4,63.0,1,28,1.09,6,302
13.0,60.0,40.40296,-3.6954,4,95.0,1,64,2.36,292,315
11.0,70.0,40.425588677340784,-3.717739138071921,4,115.0,30,0,0.0,272,106
3.0,12.0,40.39442,-3.7625,3,30.0,2,23,0.86,2,33
15.0,39.0,40.43063955182372,-3.712637598363088,3,58.0,2,39,1.63,2,60
6.0,42.0,40.3938218692839,-3.713678642134572,4,60.0,30,2,0.16,272,106
17.0,76.0,40.40938569073169,-3.710222967554172,4,80.0,30,3,0.12,272,76
16.0,78.0,40.410456227801,-3.674405818105444,4,87.0,30,0,0.0,272,341
17.0,61.0,40.40942768481484,-3.70818954494724,4,121.0,1,86,3.2,292,282
14.0,63.0,40.44946648440507,-3.7026098385548334,3,150.0,1,0,0.0,3,326
17.0,66.0,40.42626,-3.7044,3,39.0,1,9,0.39,5,361
4.0,15.0,40.47587477590898,-3.5750318818382087,1,32.0,1,591,21.89,3,237
4.0,15.0,40.47572,-3.57438,1,40.0,1,271,10.33,3,254
13.0,72.0,40.388950873692025,-3.692240710095167,4,83.0,30,0,0.0,272,364
17.0,61.0,40.40569,-3.70294,4,83.0,30,3,0.12,272,319
10.0,36.0,40.49251009411939,-3.68968750820408,4,49.0,2,130,4.89,1,243
13.0,60.0,40.40681963590024,-3.693413657350417,4,115.0,30,0,0.0,272,315
17.0,66.0,40.4252145,-3.7108885,3,55.0,30,0,0.0,1,362
12.0,27.0,40.46597269999999,-3.6491279,4,90.0,2,82,3.0,1,268
17.0,66.0,40.4205576,-3.7054769,3,102.0,1,5,0.46,5,30
17.0,80.0,40.41938150290845,-3.704377274759687,3,91.0,1,1,0.23,5,44
17.0,66.0,40.42169,-3.70492,3,86.0,1,14,0.8,5,57
16.0,84.0,40.466,-3.67228,4,149.0,1,13,0.48,26,354
17.0,61.0,40.40665580969932,-3.704793443175474,3,50.0,4,56,2.08,1,195
6.0,28.0,40.3859425,-3.7075743,3,69.0,2,34,1.24,1,72
17.0,76.0,40.41217825440841,-3.709766900746872,3,120.0,2,0,0.0,1,359
17.0,80.0,40.41981105598919,-3.70172199346956,4,140.0,3,79,2.96,2,43
4.0,40.0,40.47579442587685,-3.576310721617813,1,32.0,1,76,2.81,3,252
17.0,77.0,40.42309656464098,-3.699515376188618,4,143.0,2,86,3.15,1,4
6.0,25.0,40.3890038,-3.7414505,3,50.0,1,88,3.24,1,343
16.0,73.0,40.42055948498982,-3.682682345888753,4,155.0,5,44,1.61,21,122
17.0,61.0,40.40965,-3.70656,4,100.0,1,36,1.34,1,341
14.0,71.0,40.47041624084052,-3.6987971435506894,4,107.0,2,112,4.13,51,328
17.0,61.0,40.4070921924376,-3.70772646406214,4,143.0,1,0,0.0,1,269
16.0,51.0,40.40457532165699,-3.675205851197113,3,28.0,1,23,0.85,4,76
13.0,46.0,40.39466,-3.68922,3,72.0,1,6,0.22,3,364
12.0,27.0,40.46079,-3.64323,4,102.0,4,29,1.09,1,12
17.0,61.0,40.41167,-3.70701,3,19.0,10,12,0.44,6,260
16.0,84.0,40.46585877945456,-3.672920686796295,4,130.0,1,106,4.32,26,307
17.0,77.0,40.42027908850897,-3.6988136687866136,3,48.0,4,67,2.47,9,30
17.0,76.0,40.421236304190586,-3.7116510314031057,4,129.0,12,13,0.54,1,334
16.0,84.0,40.4664963,-3.6731219,4,113.0,1,44,1.81,26,352
16.0,84.0,40.4664963,-3.6731219,4,120.0,1,118,4.94,26,345
16.0,84.0,40.4664963,-3.6731219,4,130.0,1,44,1.8,26,356
16.0,84.0,40.4664963,-3.6731219,4,152.0,1,126,5.41,26,358
16.0,84.0,40.4664963,-3.6731219,4,118.0,1,62,2.54,26,352
16.0,84.0,40.4664963,-3.6731219,4,128.0,1,106,4.31,26,352
16.0,84.0,40.4664963,-3.6731219,4,141.0,1,34,1.39,26,341
16.0,84.0,40.4664963,-3.6731219,4,136.0,1,62,2.54,26,348
17.0,79.0,40.41610343527739,-3.7003727099046535,4,66.0,30,0,0.0,100,289
17.0,77.0,40.42623392908679,-3.701175163510429,4,119.0,1,14,0.52,95,329
17.0,66.0,40.4266,-3.70376,4,155.0,1,87,3.27,292,297
10.0,45.0,40.4219,-3.65422,4,93.0,3,57,2.13,1,246
6.0,42.0,40.3940703,-3.7117159,4,70.0,2,159,5.82,5,198
17.0,76.0,40.41627,-3.71085,4,124.0,2,172,6.48,8,328
17.0,61.0,40.40935,-3.70186,4,91.0,27,21,0.77,93,278
16.0,73.0,40.41834105644115,-3.679086822438225,4,115.0,5,35,1.29,21,121
17.0,76.0,40.409657824170345,-3.7128316725327353,4,143.0,30,0,0.0,272,21
15.0,64.0,40.43577358006107,-3.70120336854925,4,78.0,30,1,0.61,272,334
17.0,76.0,40.41109,-3.71655,4,77.0,30,0,0.0,272,364
16.0,59.0,40.44873,-3.66857,4,65.0,30,0,0.0,272,365
17.0,79.0,40.41383418132352,-3.697563998220552,4,115.0,3,142,5.2,25,55
17.0,61.0,40.41119229832513,-3.701577086284704,4,115.0,4,22,0.83,75,153
17.0,66.0,40.4225675,-3.706646399999999,3,59.0,4,154,5.76,2,179
15.0,64.0,40.4365147,-3.7011956,4,120.0,7,7,0.31,3,202
17.0,66.0,40.422699785156254,-3.7050664194720433,4,106.0,30,0,0.0,272,46
10.0,41.0,40.43133,-3.64156,4,74.0,2,72,2.79,1,269
3.0,29.0,40.41358,-3.72764,4,77.0,5,66,2.57,7,337
13.0,49.0,40.3941533446318,-3.6952661632280392,4,90.0,30,1,1.0,272,269
17.0,76.0,40.41149734693132,-3.711388049967898,4,66.0,30,2,0.51,272,291
18.0,63.0,40.43562288454526,-3.675237665616368,4,98.0,30,0,0.0,272,365
17.0,66.0,40.42687,-3.70461,4,80.0,30,0,0.0,272,365
8.0,48.0,40.39361770328686,-3.670464232563972,4,75.0,3,6,0.35,1,52
12.0,27.0,40.4596115,-3.6514127,4,110.0,1,22,0.82,3,48
17.0,61.0,40.40900985953109,-3.697538159531387,4,99.0,28,58,2.2,2,81
18.0,63.0,40.43285,-3.6651,4,76.0,5,57,2.1,10,330
6.0,45.0,40.39138794458023,-3.719829954206944,3,63.0,2,23,1.46,1,167
6.0,28.0,40.3874694,-3.7137286,3,30.0,1,40,6.09,2,138
6.0,28.0,40.3874694,-3.7137286,3,30.0,1,68,3.86,2,151
14.0,50.0,40.4598863,-3.6993482,4,62.0,28,0,0.0,1,316
16.0,78.0,40.40972,-3.67082,3,52.0,3,105,3.9,2,24
17.0,79.0,40.41184,-3.69451,3,70.0,1,148,5.49,5,69
10.0,45.0,40.432081139818166,-3.6537037704079447,3,43.0,1,85,3.2,3,333
13.0,60.0,40.40587909928478,-3.692756702075706,4,155.0,5,63,2.37,13,231
5.0,35.0,40.36083,-3.68678,3,36.0,1,11,0.48,2,227
13.0,55.0,40.40393321795719,-3.703178401157344,4,131.0,3,97,3.59,93,133
17.0,79.0,40.4145,-3.70172,4,88.0,30,0,0.0,272,167
17.0,66.0,40.425422,-3.707496099999999,4,143.0,2,65,2.45,72,25
17.0,79.0,40.4145,-3.70125,4,143.0,30,4,0.26,272,15
10.0,53.0,40.4744247,-3.7140576,4,89.0,2,86,3.19,51,3
18.0,83.0,40.43658663897323,-3.6834074943308415,4,121.0,27,16,0.59,93,257
15.0,39.0,40.434,-3.71542,4,54.0,30,0,0.0,100,364
18.0,63.0,40.44126982447644,-3.66194617301636,4,99.0,2,0,0.0,1,339
6.0,42.0,40.394520650716274,-3.7101229676035175,4,107.0,6,56,2.09,11,76
17.0,61.0,40.41073697848044,-3.708617314696312,4,119.0,1,131,4.87,1,18
17.0,76.0,40.42301,-3.71044,4,105.0,4,156,5.85,28,305
15.0,67.0,40.44057758773267,-3.700277637824176,4,108.0,30,0,0.0,1,365
8.0,48.0,40.39358568050083,-3.6695904760449336,4,108.0,1,2,0.12,95,356
17.0,61.0,40.41092,-3.70375,4,103.0,3,15,0.6,75,108
17.0,76.0,40.41299,-3.71693,4,135.0,1,84,3.14,292,283
17.0,61.0,40.4074,-3.70969,3,40.0,2,29,1.07,1,262
11.0,18.0,40.421125807425305,-3.7190519523925714,4,67.0,2,210,7.82,2,40
17.0,66.0,40.42531,-3.71092,4,143.0,30,0,0.0,272,15
3.0,10.0,40.37705061245071,-3.779567778110504,3,51.0,1,14,0.58,1,246
16.0,59.0,40.4501619495292,-3.6710202371477942,3,65.0,1,45,1.85,1,344
18.0,83.0,40.4369773648269,-3.6807608372423295,4,130.0,1,53,2.01,292,319
17.0,77.0,40.42367293197434,-3.6995592955855576,4,107.0,3,26,0.97,292,58
17.0,61.0,40.40914,-3.70297,4,79.0,1,52,1.94,9,51
15.0,39.0,40.43267,-3.71314,3,58.0,2,34,1.38,2,72
3.0,29.0,40.41183044773175,-3.7343036196895287,4,100.0,2,59,2.32,1,1
8.0,48.0,40.39054,-3.671,3,31.0,1,101,3.73,1,153
9.0,32.0,40.4359682,-3.6114473,3,50.0,1,10,0.37,1,298
17.0,61.0,40.40688,-3.70365,3,79.0,1,9,0.38,4,197
14.0,71.0,40.46830146738685,-3.6913725875219394,4,81.0,2,95,3.62,2,71
14.0,71.0,40.47022525572702,-3.6924193838013615,4,116.0,2,87,3.25,2,76
10.0,61.0,40.43779,-3.64859,4,66.0,30,0,0.0,272,317
14.0,50.0,40.45698,-3.70891,4,65.0,30,0,0.0,272,225
16.0,64.0,40.45568272956324,-3.6739163102623777,4,73.0,30,0,0.0,272,364
10.0,45.0,40.4251922,-3.6551892,4,67.0,2,104,4.22,1,204
11.0,46.0,40.45333262351908,-3.717976307574753,4,78.0,30,0,0.0,100,227
17.0,76.0,40.41126700418633,-3.708489400679537,4,138.0,1,143,5.36,1,319
3.0,29.0,40.407095749232994,-3.73105701059103,4,68.0,2,142,5.25,1,125
18.0,83.0,40.4301418,-3.6802139,3,56.0,2,3,0.11,4,359
9.0,32.0,40.44539613410191,-3.610932435721112,3,41.0,1,100,4.2,1,341
17.0,61.0,40.4107628,-3.707389,4,95.0,28,44,1.65,2,289
17.0,66.0,40.42842386278597,-3.7039318308234215,3,53.0,1,128,8.14,2,48
17.0,66.0,40.429,-3.70507,3,49.0,1,161,5.99,2,55
8.0,41.0,40.40168925277886,-3.664659148351827,3,24.0,2,91,3.38,2,37
14.0,63.0,40.4473419,-3.700640699999999,4,117.0,3,18,0.69,2,266
17.0,61.0,40.4124483,-3.7054149,4,163.0,4,100,3.7,2,68
6.0,32.0,40.38629332085663,-3.69853474323492,4,95.0,1,77,2.87,292,329
6.0,7.0,40.37377648328768,-3.6902581888855046,4,115.0,1,69,2.57,10,262
13.0,49.0,40.39833793457024,-3.698077239096165,4,111.0,2,6,0.32,4,162
3.0,26.0,40.40515,-3.7433,3,50.0,1,36,1.52,2,335
10.0,41.0,40.43097,-3.64337,3,39.0,1,10,0.38,2,234
16.0,73.0,40.4071491787298,-3.686169000433901,3,24.0,2,61,2.46,7,107
17.0,61.0,40.41174,-3.6994,4,79.0,30,5,0.27,272,365
17.0,66.0,40.42493,-3.70283,4,129.0,1,60,2.35,292,309
16.0,80.0,40.3979,-3.67126,4,95.0,30,0,0.0,272,364
17.0,79.0,40.41555065683767,-3.699294247163287,4,82.0,30,2,0.14,272,342
3.0,10.0,40.3792893,-3.7698991,3,33.0,2,40,1.49,2,160
14.0,50.0,40.45962,-3.70272,4,101.0,1,87,3.52,141,298
14.0,50.0,40.46158,-3.70308,4,107.0,1,77,3.15,141,292
13.0,60.0,40.40429779999999,-3.6930272,3,62.0,1,0,0.0,1,256
4.0,15.0,40.45072721668045,-3.5805830731987958,3,50.0,1,6,0.25,4,212
17.0,77.0,40.4209521,-3.6981038,4,79.0,1,156,5.81,3,318
10.0,53.0,40.47689681654192,-3.711458735192284,4,100.0,5,5,0.59,1,331
17.0,77.0,40.42323,-3.69794,4,143.0,30,4,0.15,272,14
18.0,68.0,40.43169361,-3.6722945,4,160.0,1,12,0.47,24,298
14.0,52.0,40.45026366530743,-3.7097838918790393,3,49.0,1,19,0.71,1,162
3.0,29.0,40.4121723,-3.7279781,4,104.0,5,88,3.3,1,64
13.0,59.0,40.41334,-3.71874,4,152.0,1,36,1.36,1,306
10.0,41.0,40.4339716,-3.6415202,4,136.0,2,42,1.83,1,27
17.0,79.0,40.41453,-3.69951,3,65.0,3,130,4.84,10,60
13.0,60.0,40.4057916,-3.694369,3,67.0,5,64,2.39,31,216
13.0,60.0,40.4057916,-3.694369,3,44.0,5,48,1.83,31,247
17.0,61.0,40.40962602825515,-3.70002930073719,3,69.0,3,15,0.56,10,329
17.0,61.0,40.41084690172296,-3.6987452715570273,3,69.0,3,21,0.79,10,316
17.0,61.0,40.4110320175461,-3.6971677762650224,3,69.0,3,22,0.83,10,313
17.0,61.0,40.4113918848499,-3.6984163870507416,3,69.0,3,18,0.67,10,321
17.0,76.0,40.40926134239194,-3.7129940284744616,4,88.0,3,90,3.38,66,123
17.0,61.0,40.4076798912558,-3.70735369302983,3,62.0,5,75,2.84,1,224
13.0,60.0,40.4057916,-3.694369,3,42.0,6,47,1.76,31,251
17.0,79.0,40.41717764073516,-3.694651366374759,4,112.0,30,0,0.0,272,365
15.0,69.0,40.43487760006203,-3.6897680877498136,3,63.0,2,52,2.23,1,153
17.0,61.0,40.41041,-3.69873,3,31.0,30,0,0.0,272,46
13.0,60.0,40.40598,-3.69174,3,56.0,1,2,0.09,11,350
13.0,84.0,40.40814,-3.69189,1,92.0,1,16,0.62,11,357
13.0,84.0,40.407838877372,-3.691908118567384,1,59.0,1,8,0.35,11,348
17.0,66.0,40.42276,-3.70187,4,143.0,2,33,1.34,72,2
17.0,61.0,40.40746,-3.69399,3,70.0,1,0,0.0,11,352
10.0,41.0,40.4265730070005,-3.634432636617271,4,134.0,2,30,1.13,120,83
13.0,84.0,40.407836288310605,-3.692409838312028,3,56.0,1,0,0.0,11,313
10.0,41.0,40.4264,-3.6355,4,112.0,2,59,2.23,120,72
12.0,61.0,40.47318772521944,-3.649616477236645,3,48.0,1,404,15.04,2,28
17.0,61.0,40.4104862,-3.7013569,4,79.0,2,23,0.86,1,66
16.0,78.0,40.41004,-3.67115,3,49.0,2,111,4.16,2,4
18.0,82.0,40.42845577025923,-3.685022571899643,3,148.0,2,19,0.81,1,139
16.0,84.0,40.4592748,-3.6802701,4,160.0,3,21,0.79,3,264
17.0,61.0,40.41056561019913,-3.703930968373857,4,113.0,3,22,0.82,75,119
17.0,79.0,40.4111214,-3.6949892,4,108.0,1,75,2.82,292,272
17.0,79.0,40.418276493698784,-3.6945996229944194,4,79.0,30,0,0.0,272,77
17.0,61.0,40.41064,-3.70627,3,46.0,1,67,2.76,1,160
12.0,27.0,40.4652305,-3.6475179,4,162.0,3,1,0.13,2,363
10.0,41.0,40.42747583417033,-3.642643557672112,3,62.0,2,12,0.49,3,234
6.0,58.0,40.37976,-3.71506,4,93.0,2,10,0.4,1,339
17.0,66.0,40.42475779999999,-3.7092191,4,156.0,2,129,5.03,1,67
9.0,32.0,40.43719415452371,-3.60680995366238,4,83.0,2,54,2.04,3,225
18.0,68.0,40.43061,-3.67145,3,49.0,2,2,0.61,4,288
18.0,68.0,40.4294441,-3.6716924,3,46.0,1,9,0.38,4,299
6.0,28.0,40.39039860310552,-3.700760119274895,4,61.0,6,23,0.95,3,134
8.0,37.0,40.39156358149971,-3.658268802551503,4,112.0,1,3,0.12,95,220
10.0,36.0,40.48578428515084,-3.689385583429524,3,63.0,1,49,1.84,2,338
10.0,45.0,40.42989,-3.65409,4,88.0,3,64,2.59,1,238
17.0,79.0,40.4123989,-3.6951509,4,140.0,30,4,0.27,13,131
13.0,46.0,40.39730651113659,-3.696376240251711,4,60.0,30,3,0.21,272,364
10.0,41.0,40.42747428348383,-3.642532005908585,3,44.0,1,9,0.37,3,239
9.0,24.0,40.42947342776643,-3.627529374101154,3,28.0,4,36,1.42,1,97
10.0,41.0,40.4274595,-3.6426221,3,62.0,1,10,0.41,3,256
12.0,61.0,40.47528208868434,-3.647839756539701,3,41.0,1,60,2.33,2,38
2.0,49.0,40.410303554726895,-3.6511913750050513,3,46.0,1,0,0.0,1,267
15.0,70.0,40.44441,-3.70437,4,153.0,2,37,1.98,4,115
6.0,45.0,40.3942673,-3.7211979,3,30.0,1,21,0.79,2,162
17.0,61.0,40.41091,-3.69876,3,32.0,30,0,0.0,272,349
17.0,61.0,40.41106,-3.69851,3,32.0,30,0,0.0,272,243
15.0,69.0,40.43328140209845,-3.689733145038945,3,82.0,2,31,1.22,2,64
18.0,82.0,40.42532572795814,-3.685879425919778,4,97.0,2,96,3.63,63,53
6.0,42.0,40.39143,-3.71057,3,58.0,2,100,3.75,2,53
17.0,76.0,40.41229195768028,-3.7162914219455865,4,128.0,1,38,1.47,292,320
5.0,44.0,40.33144,-3.69986,3,35.0,1,0,0.0,2,364
11.0,70.0,40.42391,-3.7118,4,114.0,1,133,5.04,141,265
16.0,73.0,40.420482794591166,-3.683129259134561,4,148.0,5,54,2.06,21,118
10.0,45.0,40.42999395678999,-3.658135534113774,4,81.0,5,73,2.86,1,321
15.0,67.0,40.446478,-3.7021427,3,93.0,2,34,1.41,2,331
17.0,61.0,40.41259,-3.7072,4,122.0,1,129,4.9,141,245
18.0,60.0,40.42502833544816,-3.666802900000001,4,159.0,1,11,0.46,65,17
13.0,60.0,40.402092070382125,-3.6936169844856246,4,135.0,1,30,1.13,43,282
16.0,78.0,40.41351,-3.67013,4,149.0,3,70,2.88,1,192
6.0,25.0,40.37739384337706,-3.749060045535744,3,20.0,30,28,1.07,5,64
14.0,63.0,40.45234,-3.69981,4,96.0,1,38,1.5,12,3
16.0,70.0,40.4203445,-3.6779431,3,38.0,1,38,1.55,2,339
6.0,45.0,40.38913227552902,-3.728952423095163,4,60.0,15,0,0.0,1,297
13.0,55.0,40.4027181,-3.7031975,4,137.0,1,297,11.91,4,236
17.0,66.0,40.42308,-3.70228,4,63.0,30,0,0.0,272,365
17.0,77.0,40.4214,-3.69964,4,70.0,15,2,0.12,272,332
17.0,66.0,40.42826,-3.70239,4,74.0,30,2,0.71,272,46
14.0,52.0,40.44842959614383,-3.7072267997446633,4,70.0,30,2,0.15,272,288
15.0,64.0,40.43163,-3.70445,4,74.0,30,0,0.0,272,335
18.0,68.0,40.429759675419525,-3.670687373705354,4,80.0,30,0,0.0,272,365
18.0,60.0,40.42542072221282,-3.665499908745543,4,159.0,29,2,0.45,272,15
3.0,26.0,40.40147486298332,-3.747530467808247,3,38.0,1,0,0.0,2,269
17.0,66.0,40.42064,-3.70343,4,65.0,30,1,1.0,272,335
17.0,61.0,40.40996058654572,-3.700912070901573,4,56.0,30,2,0.14,272,365
18.0,68.0,40.43637,-3.67678,4,55.0,30,2,0.08,272,335
18.0,63.0,40.436410994936566,-3.674268690877412,4,73.0,30,3,0.19,272,365
13.0,60.0,40.40447004463795,-3.697629470083171,4,105.0,30,3,0.97,272,365
11.0,70.0,40.42577980004867,-3.7162848044855488,4,78.0,30,0,0.0,272,227
17.0,66.0,40.42473,-3.70206,4,65.0,30,5,0.32,272,340
13.0,60.0,40.40193,-3.69143,4,132.0,1,20,0.85,43,1
8.0,48.0,40.39386556356576,-3.6679637212420833,4,112.0,1,0,0.0,95,336
10.0,45.0,40.42747,-3.64971,4,158.0,2,37,1.52,1,352
9.0,24.0,40.43832097811555,-3.633437342941761,3,36.0,1,262,10.62,2,14
6.0,25.0,40.38836417837887,-3.73531736433506,3,39.0,7,0,0.0,2,263
17.0,76.0,40.41098,-3.71226,4,125.0,2,132,5.67,2,237
17.0,76.0,40.41034,-3.71206,4,141.0,2,149,6.45,2,228
17.0,66.0,40.42322,-3.7052,4,120.0,4,98,3.95,1,46
17.0,77.0,40.420411,-3.6982425,4,128.0,1,46,1.81,292,242
6.0,7.0,40.36645,-3.6878325,3,38.0,2,75,3.09,2,187
6.0,25.0,40.3849181,-3.7422913,4,125.0,1,19,0.75,1,112
6.0,32.0,40.38457,-3.69527,3,48.0,2,28,1.15,1,50
8.0,12.0,40.3873232,-3.6493535,3,26.0,2,0,0.0,1,259
17.0,61.0,40.4091,-3.69493,4,85.0,1,104,3.94,1,166
14.0,52.0,40.44905,-3.70621,3,32.0,5,58,2.22,1,79
3.0,26.0,40.40147894810352,-3.747536838054657,3,38.0,1,0,0.0,2,269
6.0,8.0,40.36920183071056,-3.7097455369900554,4,89.0,1,0,0.0,3,102
6.0,8.0,40.36959031130512,-3.7095459425802906,4,93.0,1,1,0.09,3,181
9.0,45.0,40.4437708,-3.5823827,4,93.0,1,187,7.15,2,266
17.0,79.0,40.41439,-3.70248,4,135.0,30,36,1.4,62,365
17.0,77.0,40.4209521,-3.6981038,4,120.0,1,36,1.38,3,10
17.0,61.0,40.41081155316906,-3.707063359446284,4,126.0,1,39,1.56,292,33
12.0,27.0,40.46187631556776,-3.6505616397539686,3,30.0,1,0,0.0,1,269
10.0,41.0,40.43498,-3.63804,3,23.0,2,21,0.8,1,12
18.0,83.0,40.43707939999999,-3.6840939,3,53.0,2,53,2.07,1,297
16.0,80.0,40.39896,-3.67212,4,116.0,2,112,4.4,51,329
1.0,13.0,40.40275,-3.59279,4,140.0,1,43,1.66,292,321
17.0,66.0,40.4223,-3.70328,3,41.0,1,144,5.46,4,171
13.0,72.0,40.386366,-3.6875486,4,138.0,1,0,0.0,2,250
11.0,70.0,40.42620375086461,-3.713786813775495,4,136.0,1,104,4.24,1,40
16.0,70.0,40.4208171,-3.6732293,3,28.0,30,6,0.27,9,243
16.0,70.0,40.4208171,-3.6732293,3,28.0,30,0,0.0,9,250
12.0,61.0,40.47920797075415,-3.648632963005052,4,150.0,1,11,0.5,5,353
17.0,79.0,40.4124108,-3.698611,4,135.0,2,130,4.92,3,73
16.0,70.0,40.42023349999999,-3.6763278,4,141.0,30,147,5.59,9,247
18.0,60.0,40.42636,-3.66245,4,111.0,3,76,3.06,1,243
17.0,79.0,40.41338072226335,-3.697451712178704,4,126.0,2,139,5.26,3,79
18.0,63.0,40.4344743,-3.6647203,4,115.0,30,0,0.0,407,67
18.0,63.0,40.43469299726554,-3.6658285103296686,4,105.0,30,0,0.0,407,302
18.0,63.0,40.43421672772876,-3.665597135175919,4,105.0,30,0,0.0,407,60
6.0,39.0,40.394913254002105,-3.730414959486661,4,129.0,4,12,0.46,46,81
13.0,55.0,40.40349224853646,-3.703774781151422,4,137.0,1,253,10.13,4,247
13.0,55.0,40.40197413341631,-3.70435146204896,4,137.0,1,279,11.06,4,237
13.0,55.0,40.40215915528297,-3.702299915487032,4,162.0,1,275,11.1,4,253
1.0,13.0,40.40124307943865,-3.600786712440936,3,35.0,2,92,3.55,1,60
3.0,29.0,40.41132,-3.73337,3,38.0,1,0,0.0,1,347
14.0,65.0,40.46188,-3.69722,4,69.0,15,11,0.5,14,271
17.0,61.0,40.40883595130055,-3.7019944771990407,4,84.0,30,0,0.0,1,64
9.0,32.0,40.42848271001567,-3.622057605887334,3,43.0,1,14,0.54,2,257
17.0,77.0,40.41956547900702,-3.697469301049801,4,122.0,1,28,1.1,3,202
17.0,79.0,40.41358398292902,-3.699449780555197,4,114.0,28,25,0.96,93,347
3.0,29.0,40.4091204,-3.7376067,4,94.0,30,8,0.33,1,177
9.0,24.0,40.43812,-3.63439,3,59.0,1,150,5.85,2,34
15.0,69.0,40.43570438411442,-3.6988291946724687,3,50.0,1,108,4.19,1,132
14.0,52.0,40.45287632713123,-3.704782384161637,4,137.0,1,8,0.51,1,34
14.0,63.0,40.4502,-3.70049,4,139.0,21,94,3.63,1,348
16.0,51.0,40.4046783,-3.6766051,3,90.0,1,5,0.21,1,268
17.0,77.0,40.4237672137827,-3.69676046321573,4,125.0,4,54,2.09,2,26
17.0,66.0,40.42495,-3.70492,4,100.0,1,40,1.64,5,116
8.0,12.0,40.384126329131696,-3.647150663864672,3,38.0,1,7,0.29,2,259
14.0,63.0,40.4554702,-3.6962144,4,124.0,1,42,1.63,120,328
14.0,63.0,40.4554702,-3.6962144,4,124.0,1,34,1.31,120,351
14.0,63.0,40.4554702,-3.6962144,4,131.0,1,61,2.36,120,355
14.0,63.0,40.4554702,-3.6962144,4,146.0,1,92,3.57,120,350
14.0,63.0,40.4554702,-3.6962144,4,134.0,1,29,1.12,120,353
14.0,63.0,40.45544724,-3.696257986,4,133.0,1,51,2.02,120,346
9.0,32.0,40.42849558490487,-3.621617668092548,3,50.0,1,29,1.2,2,265
18.0,83.0,40.4371,-3.68264,4,71.0,1,31,1.44,5,235
17.0,61.0,40.40815029917819,-3.7062309679550713,4,80.0,2,181,7.61,1,2
18.0,63.0,40.43555,-3.6669,4,159.0,10,37,1.63,1,67
17.0,66.0,40.42741,-3.70246,4,161.0,1,13,0.55,1,285
6.0,20.0,40.3798,-3.70818,3,34.0,1,0,0.0,1,364
18.0,63.0,40.43339,-3.66356,4,93.0,1,1,0.56,407,330
18.0,63.0,40.4355,-3.66515,4,105.0,1,0,0.0,407,322
18.0,63.0,40.43487831889468,-3.665795344395157,4,97.0,30,1,1.0,407,199
18.0,63.0,40.43363,-3.66522,4,103.0,30,0,0.0,407,72
18.0,63.0,40.43372782456274,-3.6640944455874287,4,105.0,30,1,1.0,407,322
18.0,63.0,40.4349461709946,-3.66353070238841,4,105.0,30,0,0.0,407,334
17.0,77.0,40.4201233,-3.6981742,4,123.0,1,249,9.5,2,22
18.0,63.0,40.433643146824565,-3.665160268666453,4,105.0,1,1,0.49,407,269
18.0,63.0,40.43418302198915,-3.6635805924669937,4,105.0,30,0,0.0,407,223
14.0,52.0,40.45046295346768,-3.7048364636846634,4,163.0,1,51,2.01,334,319
18.0,63.0,40.43406420305298,-3.665816013592365,4,99.0,1,0,0.0,407,314
18.0,63.0,40.43567184889821,-3.665573863151906,4,95.0,1,0,0.0,407,311
10.0,45.0,40.4758283,-3.7295972,3,51.0,1,3,0.14,28,343
10.0,45.0,40.4758283,-3.7295972,3,53.0,1,10,0.42,28,341
10.0,45.0,40.43136486616866,-3.653565411639399,4,159.0,1,67,2.76,22,115
16.0,70.0,40.41775,-3.67584,4,93.0,30,2,0.1,272,364
17.0,61.0,40.40925,-3.70322,4,68.0,30,4,0.17,2,223
17.0,66.0,40.42058,-3.7025,4,112.0,2,131,5.03,141,244
17.0,66.0,40.4229706,-3.7077168,3,128.0,1,150,5.95,2,85
18.0,63.0,40.43329257299642,-3.665092689905514,4,112.0,1,0,0.0,407,329
18.0,63.0,40.43555,-3.66398,4,124.0,30,0,0.0,407,164
18.0,63.0,40.433578187901965,-3.6651055630508074,4,105.0,30,0,0.0,407,301
17.0,66.0,40.42068273513241,-3.7047320101305408,4,109.0,2,141,5.4,141,252
17.0,80.0,40.4157572,-3.7021229,4,148.0,3,96,3.7,5,243
17.0,66.0,40.4250197,-3.7051589,4,81.0,3,107,4.09,1,264
14.0,65.0,40.45992360288599,-3.6967877019146647,4,87.0,1,55,2.12,292,285
18.0,63.0,40.429305729139024,-3.667516303229853,4,72.0,30,0,0.0,272,365
17.0,79.0,40.41323228668785,-3.6971234860759794,4,137.0,1,20,0.8,2,312
6.0,28.0,40.38965255706856,-3.704635629066264,4,100.0,1,19,0.79,1,326
17.0,61.0,40.40986528606149,-3.704499793238299,4,120.0,1,8,0.33,1,276
17.0,77.0,40.42025072527473,-3.7002892897115007,4,121.0,1,25,1.43,1,268
15.0,39.0,40.4376,-3.71653,4,83.0,30,0,0.0,272,76
17.0,61.0,40.40973013507428,-3.702550523381406,4,143.0,1,4,0.32,407,22
17.0,61.0,40.40774431121491,-3.701111043504985,4,121.0,30,0,0.0,407,318
17.0,61.0,40.40750062610665,-3.701424079448676,4,148.0,30,3,0.21,407,72
17.0,61.0,40.40794638546336,-3.702670667448794,4,104.0,1,1,0.18,407,86
17.0,61.0,40.4086739,-3.7017783,4,98.0,1,1,0.38,407,274
17.0,61.0,40.40846136312921,-3.702777228151745,4,102.0,30,0,0.0,407,332
17.0,61.0,40.40974,-3.70242,4,91.0,30,3,0.18,407,222
17.0,61.0,40.40896,-3.70089,4,122.0,30,2,0.22,407,317
17.0,61.0,40.4086739,-3.7017783,4,122.0,30,0,0.0,407,347
13.0,55.0,40.40050887192307,-3.700093690905221,4,161.0,2,198,7.72,4,141
17.0,61.0,40.41188,-3.69876,3,34.0,30,0,0.0,272,365
17.0,76.0,40.41259,-3.70832,4,88.0,1,115,4.54,141,277
17.0,61.0,40.41093,-3.69878,3,70.0,30,0,0.0,272,14
10.0,36.0,40.493595857605904,-3.688493238930615,4,69.0,30,0,0.0,100,349
17.0,77.0,40.42041015625,-3.6982429027557,4,104.0,1,4,0.16,292,219
9.0,45.0,40.444578999151055,-3.5832414495550786,4,69.0,30,0,0.0,100,227
17.0,77.0,40.42692751092998,-3.69963112892967,4,143.0,1,0,0.0,407,316
17.0,77.0,40.42709,-3.7015,4,143.0,30,0,0.0,407,13
17.0,77.0,40.42717619065089,-3.701415243733595,4,146.0,30,0,0.0,407,252
17.0,66.0,40.42566538576661,-3.7017555506104474,4,153.0,1,0,0.0,407,334
17.0,66.0,40.42570896896741,-3.701254143862365,4,143.0,1,0,0.0,407,102
17.0,66.0,40.425498829756975,-3.701091145816495,4,157.0,30,0,0.0,407,66
18.0,73.0,40.42737,-3.67786,4,116.0,1,50,1.94,1,293
18.0,63.0,40.43139,-3.66534,4,143.0,1,122,4.88,25,92
18.0,63.0,40.43668029432545,-3.6756363269968464,4,110.0,1,0,0.0,407,331
18.0,63.0,40.43701957543337,-3.675242869210949,4,112.0,1,0,0.0,407,86
16.0,73.0,40.40929489985557,-3.681716263883677,4,110.0,2,45,1.83,1,64
9.0,43.0,40.42690173726282,-3.610528430688476,4,133.0,1,11,0.46,1,282
2.0,49.0,40.406340039248775,-3.637576273716352,4,80.0,2,69,2.83,2,67
2.0,49.0,40.40588,-3.63756,4,85.0,2,71,2.87,2,74
18.0,63.0,40.43731666794532,-3.665793130450703,4,103.0,30,12,0.48,1,306
10.0,41.0,40.42622,-3.63512,4,97.0,1,89,3.64,6,80
13.0,46.0,40.39508879787725,-3.6929761526621263,4,112.0,1,55,2.17,3,252
13.0,46.0,40.39516417126844,-3.694022893530184,4,120.0,1,26,1.02,3,239
17.0,66.0,40.42208377673919,-3.702435538679315,4,115.0,10,18,0.72,15,138
15.0,69.0,40.43788,-3.69877,4,106.0,1,13,0.52,181,309
10.0,41.0,40.42411,-3.63489,4,102.0,1,108,4.27,6,57
10.0,41.0,40.4287228,-3.6367253,4,50.0,2,148,5.81,1,263
16.0,84.0,40.466615648339896,-3.683441125519261,4,85.0,2,46,1.87,1,331
18.0,60.0,40.42369,-3.66718,4,129.0,1,27,1.1,181,310
5.0,3.0,40.35451408848951,-3.697198833869599,3,28.0,1,0,0.0,1,362
18.0,63.0,40.43277,-3.67177,3,64.0,3,38,1.55,1,75
17.0,79.0,40.41319249842003,-3.6972360033724394,4,83.0,30,0,0.0,272,106
17.0,66.0,40.42868,-3.70747,4,97.0,1,48,1.92,292,289
3.0,29.0,40.4099324,-3.7359367,3,27.0,7,22,1.01,4,62
17.0,77.0,40.42063599999999,-3.7007618,4,150.0,2,159,6.69,9,224
18.0,73.0,40.42619,-3.67791,4,112.0,1,0,0.0,407,261
16.0,59.0,40.44444316198344,-3.676886593103079,4,105.0,15,8,0.35,1,347
9.0,24.0,40.43993210139988,-3.623285166281902,4,111.0,2,24,1.09,2,52
6.0,39.0,40.39416749999999,-3.7391165,4,149.0,2,67,2.61,4,339
17.0,79.0,40.4159034,-3.6955958,4,68.0,3,111,4.36,18,290
8.0,37.0,40.3917983693174,-3.658832004680045,4,74.0,1,0,0.0,95,272
17.0,61.0,40.40784966258128,-3.700637973025551,3,33.0,1,0,0.0,2,344
17.0,66.0,40.42431073916344,-3.70289293625856,4,80.0,3,39,5.15,1,23
16.0,66.0,40.43986,-3.67681,4,125.0,1,42,1.81,3,311
17.0,79.0,40.41511253999882,-3.701460013176909,4,164.0,2,102,3.95,5,240
17.0,61.0,40.40943306126438,-3.708868110518943,3,41.0,3,41,2.62,1,43
6.0,42.0,40.395277072151465,-3.710080960413119,3,24.0,1,0,0.0,1,220
12.0,61.0,40.47137,-3.64995,3,33.0,1,106,4.27,1,289
13.0,60.0,40.40126967080729,-3.692449869311529,4,111.0,2,220,8.78,3,290
15.0,64.0,40.42821553454377,-3.696295870602532,4,102.0,4,39,1.62,30,20
17.0,61.0,40.40694,-3.69653,4,56.0,30,0,0.0,100,288
12.0,27.0,40.4642787,-3.649709699999999,3,36.0,25,0,0.0,14,130
17.0,66.0,40.42359,-3.70534,4,80.0,30,12,0.48,12,87
18.0,83.0,40.4331525,-3.6820209,4,96.0,14,6,0.24,61,285
14.0,57.0,40.46849,-3.70295,4,134.0,30,3,0.21,407,338
14.0,57.0,40.46842,-3.70186,4,124.0,1,1,0.11,407,285
14.0,57.0,40.4674266357984,-3.70110407768405,4,134.0,30,1,0.3,407,357
14.0,57.0,40.46871000278127,-3.700799966464431,4,110.0,30,2,0.08,407,352
14.0,57.0,40.46678,-3.70285,4,134.0,30,0,0.0,407,353
14.0,57.0,40.46915946070443,-3.702639330632032,4,122.0,1,1,0.46,407,271
14.0,57.0,40.46810763623026,-3.7027413982898256,4,134.0,30,0,0.0,407,331
17.0,61.0,40.41155,-3.70044,3,84.0,1,164,6.32,5,191
17.0,61.0,40.4072396,-3.7039703,3,61.0,4,84,3.41,1,37
6.0,25.0,40.38441250696248,-3.744861797045608,3,80.0,1,0,0.0,1,269
14.0,57.0,40.46788246410535,-3.7011284058199454,4,128.0,30,1,0.36,407,246
14.0,57.0,40.4674,-3.70213,4,132.0,30,0,0.0,407,97
14.0,57.0,40.46782981117914,-3.702930799605439,4,134.0,1,4,0.2,407,322
14.0,57.0,40.4682,-3.70306,4,117.0,30,1,0.19,407,349
14.0,57.0,40.46748598043425,-3.701160573371069,4,116.0,30,0,0.0,407,16
14.0,57.0,40.4692780499651,-3.7010763309204906,4,124.0,30,0,0.0,407,347
14.0,57.0,40.46942385103625,-3.701064427005397,4,159.0,30,0,0.0,407,364
17.0,76.0,40.416725107614845,-3.7114618012104974,4,146.0,30,0,0.0,407,255
17.0,76.0,40.41482526583561,-3.7109827140717258,4,143.0,1,0,0.0,407,338
13.0,60.0,40.40285,-3.69681,4,97.0,1,94,3.67,292,220
17.0,80.0,40.4164197,-3.7052392,4,92.0,3,33,1.33,2,60
17.0,66.0,40.42388,-3.70666,4,114.0,2,5,0.22,20,320
17.0,66.0,40.4244661,-3.7033837,4,79.0,2,170,6.56,3,216
5.0,35.0,40.35152009999999,-3.6893249,3,36.0,1,0,0.0,1,354
18.0,60.0,40.42359,-3.66502,3,75.0,3,8,0.83,2,365
8.0,48.0,40.39457488674828,-3.666097716018803,4,92.0,4,5,0.26,46,43
17.0,79.0,40.4121117,-3.693976799999999,4,149.0,1,100,3.91,292,345
16.0,84.0,40.46722,-3.67806,4,129.0,1,86,3.51,3,2
18.0,73.0,40.42349831920421,-3.674926538199606,4,160.0,7,18,0.75,5,101
11.0,34.0,40.47047999999999,-3.8228075,3,81.0,1,92,3.75,13,246
6.0,42.0,40.393300238007946,-3.708374157042063,4,82.0,1,38,1.5,292,309
6.0,8.0,40.36825081258087,-3.706904053688049,3,43.0,3,69,2.76,5,40
17.0,61.0,40.409288,-3.709144,4,132.0,14,14,0.61,61,355
17.0,61.0,40.409288,-3.709144,4,145.0,14,12,0.5,61,355
17.0,61.0,40.409288,-3.709144,4,112.0,1,11,0.44,61,325
17.0,61.0,40.409288,-3.709144,4,143.0,14,22,0.9,61,355
17.0,61.0,40.409288,-3.709144,4,143.0,14,2,0.14,61,355
17.0,61.0,40.409288,-3.709144,4,164.0,14,1,0.54,61,336
10.0,61.0,40.44020554485444,-3.6444513385587856,4,105.0,1,26,1.03,1,228
17.0,77.0,40.4250963,-3.691769,4,147.0,3,55,2.22,9,158
14.0,65.0,40.457060758100894,-3.696583973137112,4,113.0,4,51,2.02,6,226
17.0,61.0,40.4110836320046,-3.698838322919308,4,96.0,1,22,0.9,181,299
12.0,54.0,40.48616025148698,-3.66628355804486,4,90.0,2,65,2.67,1,16
16.0,64.0,40.45829,-3.68878,3,75.0,1,110,4.41,2,2
17.0,76.0,40.412788609323606,-3.709771435758348,4,113.0,1,183,7.44,1,108
8.0,48.0,40.3951034,-3.6660663,4,75.0,4,29,1.18,43,240
17.0,61.0,40.40903439290175,-3.698912265662704,3,50.0,5,74,2.98,3,173
11.0,70.0,40.4212305,-3.7160133,4,55.0,30,4,0.32,1,309
5.0,3.0,40.3541168,-3.7030889,3,36.0,1,0,0.0,1,360
10.0,41.0,40.43427,-3.64138,4,111.0,1,16,0.64,334,330
17.0,61.0,40.40711,-3.70842,4,136.0,28,27,1.06,93,192
11.0,34.0,40.47047999999999,-3.8228075,3,75.0,1,25,1.01,13,257
11.0,34.0,40.47047999999999,-3.8228075,3,69.0,1,65,2.95,13,252
11.0,34.0,40.47047999999999,-3.8228075,3,62.0,1,73,3.26,13,252
11.0,34.0,40.47047999999999,-3.8228075,3,87.0,1,139,5.65,13,251
17.0,80.0,40.41874935989917,-3.7076797686916314,4,94.0,1,68,2.77,1,259
17.0,61.0,40.41038699069256,-3.70232317596674,4,143.0,2,73,2.97,2,2
17.0,77.0,40.4205958,-3.6986786,3,61.0,1,227,9.27,53,19
17.0,79.0,40.41222223222172,-3.698682568515858,3,53.0,2,62,2.44,1,7
15.0,69.0,40.43701183941464,-3.697780281721527,4,120.0,1,43,1.72,22,308
17.0,61.0,40.4075198,-3.6974071,4,72.0,10,34,1.35,22,208
17.0,61.0,40.40686939949597,-3.6964470824532873,4,81.0,10,28,1.15,22,319
6.0,45.0,40.3900207,-3.7221496,4,78.0,2,72,3.02,1,9
17.0,61.0,40.41286,-3.70549,4,101.0,1,22,0.92,95,287
9.0,5.0,40.4224,-3.61748,4,95.0,1,248,9.85,3,310
6.0,20.0,40.38453860516056,-3.708238018952273,4,93.0,1,2,2.0,77,227
17.0,79.0,40.4164,-3.69922,4,125.0,1,99,3.88,26,148
15.0,39.0,40.43635707438913,-3.712279461311969,3,62.0,2,67,2.64,1,250
17.0,66.0,40.4264069,-3.7117032,3,75.0,1,50,2.06,3,342
14.0,50.0,40.45860987377254,-3.703135622375246,4,72.0,1,6,0.25,77,340
14.0,63.0,40.44862,-3.70364,4,162.0,7,23,0.93,7,254
8.0,41.0,40.3961616,-3.6625931,3,32.0,1,37,1.45,1,130
17.0,66.0,40.42679447535126,-3.711767584644055,4,152.0,2,16,0.63,1,205
9.0,45.0,40.4429556,-3.5843227,4,148.0,1,17,0.7,1,333
10.0,35.0,40.44383731135361,-3.6475313339471938,4,88.0,2,190,7.49,1,313
6.0,25.0,40.38762,-3.73398,4,108.0,2,211,8.27,2,114
17.0,80.0,40.41679524495579,-3.707181824429021,4,115.0,1,0,0.0,95,176
6.0,42.0,40.39298,-3.71275,4,50.0,1,139,5.44,5,176
10.0,36.0,40.4918,-3.69616,3,32.0,1,0,0.0,1,264
18.0,63.0,40.434864471946845,-3.669470146186014,3,64.0,1,0,0.0,2,356
17.0,66.0,40.42161,-3.70322,4,162.0,1,10,0.41,1,332
17.0,76.0,40.40885988963762,-3.713348117770165,4,94.0,1,101,4.08,141,298
17.0,66.0,40.421896688325695,-3.705650328468771,3,33.0,1,165,7.25,19,283
10.0,41.0,40.42777626412023,-3.633962230401597,3,42.0,2,92,3.61,1,231
10.0,41.0,40.4342745,-3.6404874,4,76.0,3,58,2.3,1,23
16.0,84.0,40.46269764344264,-3.6870788906893694,4,137.0,1,12,0.49,55,292
16.0,84.0,40.46142,-3.68857,4,153.0,1,12,0.49,55,335
17.0,61.0,40.40920825655409,-3.704093865416547,4,90.0,30,17,0.67,1,268
9.0,45.0,40.44850479999999,-3.5762684,3,45.0,1,50,2.09,1,14
14.0,63.0,40.45675,-3.70104,4,89.0,1,51,2.06,181,316
17.0,61.0,40.4088684112671,-3.705663456547478,4,129.0,1,40,1.64,2,342
8.0,37.0,40.38814164918436,-3.6572073689891154,4,92.0,3,83,3.35,2,248
14.0,65.0,40.45987281511234,-3.693787881640357,4,94.0,30,1,0.12,407,255
14.0,57.0,40.47021375242716,-3.702618812606058,3,64.0,1,0,0.0,1,269
15.0,64.0,40.43243,-3.70089,3,34.0,26,24,0.97,25,11
17.0,61.0,40.41179,-3.70216,4,155.0,1,21,0.88,1,285
17.0,61.0,40.41283022135681,-3.701678859014875,3,160.0,2,103,4.13,1,136
6.0,25.0,40.3791157,-3.7530909,3,39.0,1,27,1.14,1,256
16.0,59.0,40.4464,-3.67416,4,86.0,1,30,1.2,1,316
17.0,61.0,40.40878,-3.7002,4,66.0,4,71,2.89,2,175
17.0,77.0,40.422554987891175,-3.696285361376961,3,70.0,1,1,0.09,10,260
6.0,58.0,40.38242926027253,-3.7113253870830167,3,61.0,1,30,1.26,1,342
17.0,66.0,40.42549,-3.70382,3,35.0,1,0,0.0,1,226
17.0,76.0,40.41228,-3.71597,4,127.0,14,42,1.76,1,1
7.0,33.0,40.35746,-3.59406,4,158.0,4,59,2.52,2,225
13.0,60.0,40.4041749,-3.691144684655756,4,103.0,1,62,2.55,2,259
17.0,77.0,40.42312,-3.69716,3,160.0,1,1,0.13,10,251
17.0,77.0,40.42177416048563,-3.6973656159857287,4,104.0,2,55,2.22,3,72
9.0,43.0,40.42500541136163,-3.599705277190083,3,78.0,1,16,0.66,4,101
13.0,60.0,40.40218934430491,-3.6936738908379554,4,111.0,2,44,1.79,1,1
17.0,61.0,40.40956,-3.70111,4,62.0,30,0,0.0,272,270
5.0,44.0,40.3334364,-3.7027812,4,76.0,3,6,0.25,19,55
17.0,66.0,40.42466351404855,-3.705416515649091,4,137.0,3,17,0.71,1,22
17.0,66.0,40.427838107544176,-3.704050581152076,4,137.0,7,14,0.58,75,144
18.0,63.0,40.4379194,-3.673911,4,135.0,3,91,3.64,1,77
17.0,76.0,40.41161,-3.71083,4,115.0,3,9,0.37,75,117
17.0,77.0,40.42310209461753,-3.700384944677353,4,152.0,3,108,4.43,1,290
3.0,29.0,40.41323894864692,-3.723627109311553,4,91.0,1,2,0.18,77,257
18.0,73.0,40.421739401722746,-3.673186613732675,4,159.0,2,101,4.08,1,125
17.0,80.0,40.41977,-3.70346,3,72.0,2,48,1.88,4,346
15.0,39.0,40.43263,-3.71474,4,98.0,1,33,1.3,15,353
6.0,39.0,40.39345708873588,-3.7259367459112345,4,99.0,25,19,0.85,1,350
9.0,24.0,40.42989259348496,-3.625777319280525,3,31.0,2,12,1.48,2,47
11.0,15.0,40.4640989,-3.718877,4,137.0,10,9,0.38,2,329
8.0,48.0,40.39321,-3.6653,4,132.0,1,69,2.76,28,171
18.0,73.0,40.42569522984785,-3.678556013967519,4,77.0,1,11,0.46,292,262
17.0,77.0,40.4218068502708,-3.698791143698155,4,114.0,1,49,2.0,292,306
3.0,29.0,40.40897,-3.72912,4,92.0,3,74,2.97,4,137
17.0,80.0,40.41814,-3.7069,4,143.0,2,0,0.0,1,3
9.0,4.0,40.4244,-3.62702,4,160.0,4,50,2.14,6,304
12.0,27.0,40.46439,-3.64557,3,40.0,1,0,0.0,1,269
8.0,37.0,40.38378870373398,-3.663340468853139,3,28.0,1,39,1.64,1,40
17.0,61.0,40.4077316,-3.704347099999999,4,85.0,1,95,3.78,1,127
17.0,61.0,40.4074713606776,-3.7012628089509225,4,89.0,1,5,0.2,2,40
3.0,12.0,40.3906523,-3.757436099999999,4,84.0,1,80,3.35,1,218
17.0,80.0,40.41664,-3.7068,3,70.0,30,5,0.21,19,138
17.0,80.0,40.41703,-3.70646,3,55.0,30,2,0.18,19,34
17.0,80.0,40.41819,-3.70827,3,56.0,30,0,0.0,19,150
17.0,80.0,40.41835,-3.70678,3,46.0,30,4,0.25,19,157
17.0,80.0,40.4171535685439,-3.708606941545175,3,42.0,30,0,0.0,19,315
17.0,80.0,40.41665438070539,-3.7079844099268935,3,70.0,30,3,0.13,19,158
18.0,63.0,40.431842054180485,-3.668179820943436,4,92.0,1,25,1.04,1,225
17.0,66.0,40.42759762553577,-3.705221907225007,4,71.0,28,32,1.34,1,319
3.0,12.0,40.38869269901782,-3.755720409239129,4,89.0,2,36,1.97,2,53
16.0,80.0,40.399273119029225,-3.670810520989192,4,104.0,2,219,8.73,4,124
9.0,24.0,40.43711498982735,-3.634506538510323,4,61.0,13,28,1.13,1,170
17.0,80.0,40.41621,-3.7074,3,85.0,2,74,2.98,1,17
1.0,13.0,40.40180741555088,-3.6021717631550096,3,40.0,7,7,0.35,3,227
17.0,61.0,40.41121,-3.70104,4,147.0,3,6,0.27,29,297
17.0,61.0,40.407958877885406,-3.706593421833007,3,72.0,3,0,0.0,1,263
10.0,44.0,40.50350985973489,-3.7021627002505975,4,77.0,2,46,1.93,2,163
6.0,42.0,40.39417,-3.7099,4,41.0,2,97,4.32,3,159
8.0,48.0,40.39608299300669,-3.667850400520965,4,73.0,3,41,1.69,2,341
17.0,79.0,40.41499846078152,-3.7006591658864014,4,155.0,1,37,1.63,334,315
6.0,45.0,40.38830435608822,-3.721868293115967,4,126.0,1,18,0.74,1,51
16.0,66.0,40.4389264587436,-3.674564576196282,4,67.0,2,37,1.56,7,246
14.0,63.0,40.45099048543574,-3.694066594871912,3,78.0,1,42,1.73,1,41
15.0,66.0,40.4301113,-3.7105092,3,46.0,1,40,1.66,2,334
17.0,61.0,40.40901,-3.70388,4,143.0,1,16,0.64,1,90
8.0,41.0,40.39658414780135,-3.664018358696336,4,61.0,2,107,4.32,4,58
14.0,57.0,40.46389234759603,-3.701864230271445,4,126.0,30,2,0.16,272,269
17.0,66.0,40.422867993187246,-3.706458683213912,4,143.0,3,26,1.05,24,46
6.0,8.0,40.36759,-3.71452,4,88.0,3,64,2.61,2,244
6.0,8.0,40.36749,-3.71512,4,86.0,3,57,2.33,2,243
8.0,48.0,40.39671296445713,-3.667690355664219,4,162.0,3,6,0.33,29,288
16.0,51.0,40.40505364317068,-3.674106653909389,3,35.0,1,11,0.75,18,243
16.0,70.0,40.41794,-3.67194,3,36.0,30,213,8.58,4,90
17.0,66.0,40.42630217338598,-3.707817627379805,4,155.0,18,19,0.85,13,230
18.0,63.0,40.4351,-3.66831,4,132.0,1,9,0.45,6,316
17.0,61.0,40.4104806,-3.7054112,3,76.0,2,109,4.58,2,305
17.0,76.0,40.41636507910656,-3.711174702827973,4,144.0,1,4,0.17,21,342
8.0,10.0,40.3844174,-3.6720886,3,37.0,1,3,0.12,1,251
17.0,79.0,40.41170162147834,-3.694781113052255,3,46.0,7,10,0.41,2,56
18.0,60.0,40.42720575778027,-3.664988197502712,4,140.0,30,12,0.69,1,351
17.0,80.0,40.4179519457968,-3.70471357796365,3,148.0,3,13,0.53,4,269
3.0,12.0,40.39582084454074,-3.76760284313562,4,83.0,3,47,2.05,1,243
15.0,64.0,40.43350326678695,-3.702726976766177,4,160.0,1,22,0.9,1,15
17.0,79.0,40.418715404994536,-3.699138800195033,4,135.0,1,15,0.62,7,333
16.0,51.0,40.40430477705073,-3.673179969191551,3,36.0,1,0,0.0,18,256
17.0,77.0,40.42404024700262,-3.699805210599445,4,104.0,1,69,2.8,292,282
9.0,32.0,40.43114,-3.61848,3,35.0,3,63,2.6,1,265
14.0,63.0,40.451440810295416,-3.70049611590668,3,69.0,28,0,0.0,1,363
17.0,76.0,40.41079,-3.71285,4,75.0,1,38,1.56,1,68
8.0,48.0,40.39488,-3.66665,3,58.0,1,16,0.66,1,251
18.0,83.0,40.4361018,-3.684705,4,151.0,1,129,5.24,1,323
17.0,66.0,40.42286026428852,-3.7025183156435513,4,121.0,1,9,0.36,1,306
16.0,73.0,40.40919588915571,-3.687879120210592,4,130.0,1,4,0.17,77,342
14.0,63.0,40.45631428764924,-3.6971760756848697,4,60.0,30,18,1.01,1,133
16.0,51.0,40.40567,-3.67396,3,35.0,1,7,0.29,18,256
7.0,33.0,40.37630430000001,-3.6314311,4,102.0,2,37,3.1,1,62
2.0,2.0,40.4019871482588,-3.644111348109914,3,36.0,1,21,0.86,1,59
14.0,50.0,40.45849,-3.71068,3,42.0,1,0,0.0,2,269
3.0,29.0,40.4092,-3.73184,3,38.0,2,44,1.81,4,322
17.0,66.0,40.42344,-3.70823,4,140.0,3,90,5.36,9,201
18.0,63.0,40.4379629,-3.6737921,4,70.0,1,35,1.5,7,105
18.0,63.0,40.4379629,-3.6737921,4,62.0,1,40,1.68,7,246
6.0,25.0,40.38715,-3.74158,4,114.0,2,41,1.68,120,76
11.0,15.0,40.46968,-3.72395,4,83.0,3,17,0.73,1,349
16.0,66.0,40.44419342795959,-3.670094758272171,3,40.0,1,0,0.0,1,269
10.0,45.0,40.47317,-3.72159,4,67.0,15,18,0.77,1,287
17.0,61.0,40.40707226095645,-3.704446144402027,4,120.0,28,85,3.5,2,237
18.0,83.0,40.43669,-3.68417,4,108.0,30,14,0.59,1,174
17.0,61.0,40.41063,-3.70482,4,91.0,1,201,8.17,1,84
13.0,49.0,40.3970833,-3.698523,4,115.0,1,93,3.78,5,95
9.0,43.0,40.42572,-3.60043,3,97.0,1,22,0.92,4,97
17.0,61.0,40.408997856699735,-3.696111244987317,4,132.0,3,8,0.46,29,321
6.0,39.0,40.39416749999999,-3.7391165,4,144.0,2,62,2.61,4,343
3.0,11.0,40.4038052,-3.7381326,4,85.0,2,125,5.13,1,107
9.0,43.0,40.42536012185927,-3.600089913721185,3,62.0,1,23,0.97,4,90
14.0,52.0,40.45150287512757,-3.704201244713927,4,117.0,3,27,2.51,1,230
6.0,32.0,40.38258,-3.70197,4,93.0,1,52,2.5,7,345
8.0,41.0,40.39969267507277,-3.6631349718579234,3,35.0,2,81,3.34,2,66
18.0,63.0,40.42982392669342,-3.667203766488175,4,153.0,1,5,0.87,25,80
18.0,63.0,40.430185491002,-3.6657292579911145,4,136.0,1,21,0.93,25,73
6.0,25.0,40.3874806,-3.7398989,4,78.0,1,34,1.87,2,66
17.0,66.0,40.42427,-3.70887,4,116.0,1,29,1.22,2,304
17.0,66.0,40.42626110125191,-3.707994371652603,4,120.0,1,134,5.48,8,40
14.0,65.0,40.4634899,-3.6949501,4,96.0,2,19,0.88,1,38
18.0,63.0,40.43358984661419,-3.6703871065344895,4,161.0,1,50,2.11,65,339
17.0,66.0,40.4213408,-3.706483899999999,4,105.0,2,128,5.23,4,178
15.0,39.0,40.43655870055434,-3.714761977542603,3,61.0,1,6,0.35,1,232
13.0,55.0,40.4016824,-3.7069266,3,42.0,4,24,0.98,1,220
17.0,61.0,40.4109127688154,-3.700130797909891,4,79.0,1,67,2.78,292,226
14.0,50.0,40.46317,-3.70535,4,80.0,30,3,0.56,7,236
17.0,66.0,40.4256123,-3.7049533,3,65.0,2,50,2.1,1,48
17.0,66.0,40.42304306951075,-3.705061351687096,4,105.0,1,63,2.65,292,311
16.0,66.0,40.44613395766767,-3.668287344487578,4,127.0,1,23,0.95,334,334
8.0,48.0,40.3922835,-3.6673744,4,147.0,1,18,0.77,36,361
8.0,48.0,40.3922835,-3.6673744,4,148.0,1,4,0.17,36,337
8.0,48.0,40.3922835,-3.6673744,4,148.0,1,7,0.31,36,343
15.0,66.0,40.43039112277573,-3.706948855656005,3,40.0,20,0,0.0,1,89
10.0,41.0,40.4247793,-3.6348742,3,80.0,20,0,0.0,1,83
3.0,10.0,40.3764925,-3.780872,3,40.0,1,0,0.0,4,266
6.0,28.0,40.38889269727081,-3.698559704654592,4,108.0,1,21,0.89,12,218
6.0,28.0,40.38885,-3.69854,4,112.0,1,47,1.94,12,232
13.0,49.0,40.39759800573847,-3.6973559411528223,4,123.0,1,161,6.56,5,201
17.0,76.0,40.41803,-3.71169,3,84.0,2,57,2.38,33,150
17.0,77.0,40.4242285942184,-3.6912585339981137,4,113.0,1,20,0.82,29,270
12.0,27.0,40.46567015861427,-3.64757404808684,4,109.0,2,12,0.5,1,132
9.0,31.0,40.445175851300064,-3.636574004172031,3,55.0,2,69,2.86,1,202
3.0,29.0,40.4082464913314,-3.7326872528406247,3,48.0,1,64,2.81,1,291
17.0,61.0,40.41227264334628,-3.700745254961205,4,124.0,4,85,3.49,3,292
17.0,61.0,40.40798,-3.71019,4,92.0,12,16,0.7,1,257
10.0,14.0,40.47535558945883,-3.6871958934782216,3,57.0,1,107,4.39,1,316
14.0,52.0,40.45397015214437,-3.705614425908621,4,84.0,30,2,0.09,272,270
17.0,76.0,40.417995399049154,-3.711927139827095,3,64.0,2,23,0.96,33,126
17.0,76.0,40.4095,-3.71113,4,125.0,1,126,5.32,141,267
17.0,79.0,40.41372215168323,-3.7021414434159983,4,135.0,3,118,5.09,3,273
5.0,35.0,40.357462612210185,-3.685889866270451,4,119.0,1,21,0.86,6,50
17.0,66.0,40.4278,-3.70335,4,141.0,3,40,2.14,25,42
17.0,66.0,40.423274264632944,-3.704582240081741,4,119.0,1,85,3.5,1,166
17.0,76.0,40.41722813367123,-3.7123361086382087,3,66.0,2,39,1.6,33,153
17.0,61.0,40.41164,-3.70111,4,122.0,3,106,4.63,3,224
11.0,46.0,40.4621433,-3.7201111,4,120.0,1,0,0.0,4,192
13.0,59.0,40.41251380439289,-3.718806695111557,3,68.0,3,13,0.56,1,117
5.0,35.0,40.3574667,-3.6858094,4,98.0,1,51,2.1,6,57
16.0,64.0,40.45268175696839,-3.6844738298941833,3,40.0,7,0,0.0,1,363
17.0,76.0,40.41378,-3.71024,4,142.0,1,26,1.08,1,326
17.0,61.0,40.41048,-3.70525,4,145.0,1,18,0.78,95,350
6.0,11.0,40.374496996637326,-3.72585821051912,3,54.0,3,0,0.0,2,269
6.0,17.0,40.373689679778174,-3.743435871631232,4,86.0,2,99,4.18,4,8
17.0,77.0,40.427176413828825,-3.701543970595273,4,64.0,13,22,0.97,3,250
2.0,1.0,40.40664847139627,-3.6471168788296886,3,33.0,12,6,0.4,3,194
17.0,76.0,40.4135462,-3.7090251,4,107.0,2,142,5.8,27,19
17.0,76.0,40.41805994787503,-3.711603539304702,3,60.0,2,42,1.74,33,153
17.0,76.0,40.41805,-3.71243,3,53.0,2,19,0.78,33,134
17.0,76.0,40.41667,-3.71261,3,66.0,2,32,1.32,33,85
3.0,18.0,40.375368439291655,-3.781303389172949,3,64.0,1,0,0.0,4,269
17.0,61.0,40.4108507,-3.6975687,4,67.0,3,77,3.22,1,160
8.0,41.0,40.3997,-3.66212,3,32.0,1,0,0.0,1,316
8.0,41.0,40.39896,-3.6687,4,140.0,30,20,0.86,3,93
17.0,76.0,40.41749,-3.71234,3,64.0,2,37,1.52,33,120
16.0,80.0,40.400958350824354,-3.670352585613728,4,137.0,2,75,3.18,4,230
6.0,45.0,40.39062840667422,-3.7229403100664578,4,84.0,1,2,0.26,95,345
6.0,32.0,40.38608699480374,-3.698831708366368,4,69.0,3,55,2.28,1,39
17.0,66.0,40.42175,-3.70507,4,157.0,2,54,2.22,1,25
15.0,69.0,40.4360844,-3.6909453,4,132.0,3,14,0.62,6,327
6.0,45.0,40.39245,-3.72521,4,84.0,1,2,0.15,95,358
5.0,35.0,40.3574667,-3.6858094,4,99.0,1,23,0.95,6,58
5.0,35.0,40.3574667,-3.6858094,4,134.0,1,6,0.25,6,40
5.0,35.0,40.3574667,-3.6858094,4,154.0,1,32,1.32,6,36
18.0,82.0,40.422,-3.69067,4,120.0,1,29,1.29,1,271
17.0,66.0,40.4236432,-3.7094443,3,116.0,2,23,0.96,4,42
16.0,70.0,40.41808675195586,-3.669247727905463,4,95.0,30,1,0.11,272,348
2.0,1.0,40.4052128013002,-3.647316345769797,3,24.0,28,14,0.58,3,130
6.0,45.0,40.391067799083245,-3.7231002488513134,4,84.0,1,5,0.39,95,352
6.0,45.0,40.39208279252259,-3.723207248115928,4,84.0,1,3,0.12,95,356
6.0,45.0,40.39215,-3.7232,4,126.0,1,1,1.0,95,353
6.0,45.0,40.39086,-3.72522,4,92.0,1,2,0.18,95,352
6.0,45.0,40.390771748271455,-3.723462709790231,4,84.0,1,4,0.41,95,361
6.0,45.0,40.390744039693054,-3.725133531043195,4,84.0,1,7,0.35,95,359
14.0,57.0,40.46872,-3.70162,4,78.0,1,0,0.0,77,227
17.0,66.0,40.4236432,-3.7094443,3,126.0,2,0,0.0,4,64
5.0,44.0,40.33221741926405,-3.6992721632122993,3,40.0,1,0,0.0,2,269
14.0,57.0,40.467,-3.69862,3,61.0,2,12,0.51,1,176
6.0,39.0,40.4016544,-3.7229183,4,88.0,3,59,2.48,2,202
17.0,66.0,40.4236432,-3.7094443,3,137.0,2,3,0.35,4,64
17.0,76.0,40.41183,-3.71083,4,126.0,3,40,1.65,75,142
14.0,57.0,40.4685,-3.70354,4,138.0,2,24,0.99,120,70
17.0,61.0,40.40847,-3.69501,4,143.0,2,36,1.69,1,10
14.0,57.0,40.466399960351936,-3.703337248318271,4,164.0,2,24,0.99,120,70
14.0,57.0,40.46637631305102,-3.703201840128594,4,150.0,2,32,1.4,120,83
17.0,61.0,40.412124189787775,-3.701772069695909,4,119.0,3,16,0.66,75,147
14.0,57.0,40.46984374120339,-3.7028998944932767,3,65.0,1,15,0.65,12,251
14.0,57.0,40.4685117691142,-3.7027624567095656,3,65.0,1,15,0.68,12,249
14.0,57.0,40.46994,-3.70483,3,60.0,1,37,1.59,12,343
11.0,15.0,40.46827,-3.71373,4,92.0,2,75,3.17,2,349
17.0,66.0,40.427555779580935,-3.709045158063452,1,80.0,1,0,0.0,2,269
17.0,66.0,40.42336780847207,-3.710251450538636,3,75.0,1,44,1.83,3,261
8.0,10.0,40.3845602,-3.6726036,3,31.0,3,0,0.0,1,352
6.0,32.0,40.38202153233354,-3.701581931145489,3,39.0,1,218,9.22,1,311
18.0,83.0,40.4371847,-3.6820334,4,147.0,1,4,0.3,19,295
12.0,54.0,40.46084115324642,-3.631764153000893,3,90.0,1,32,1.33,1,84
6.0,42.0,40.39342,-3.70855,4,104.0,2,105,4.49,141,288
6.0,32.0,40.38833410173935,-3.699060120165924,4,86.0,6,49,2.06,11,83
11.0,70.0,40.42041,-3.7179,4,96.0,2,113,4.69,2,76
17.0,66.0,40.4217,-3.70319,4,108.0,1,0,0.0,1,351
11.0,70.0,40.42532,-3.71395,4,110.0,1,21,0.94,1,332
14.0,57.0,40.465737899132186,-3.703838211348784,4,105.0,1,31,1.29,334,312
2.0,49.0,40.40757203616409,-3.6376585165409927,4,114.0,2,54,2.24,2,78
2.0,49.0,40.40763948822698,-3.635702478587145,4,85.0,2,72,3.06,2,74
9.0,32.0,40.4476242,-3.6080636,4,106.0,1,103,4.36,1,37
16.0,64.0,40.455895,-3.67176,4,119.0,2,85,3.56,3,314
16.0,59.0,40.44038,-3.68078,4,136.0,1,35,1.47,1,292
15.0,64.0,40.4315773,-3.6992125,3,120.0,1,34,2.48,4,345
15.0,64.0,40.4315773,-3.6992125,3,120.0,1,71,5.1,4,347
15.0,64.0,40.4315773,-3.6992125,3,58.0,1,35,2.52,4,339
17.0,61.0,40.4074839,-3.7008983,4,50.0,30,12,0.65,13,205
16.0,51.0,40.40617048042348,-3.6782289747053154,4,130.0,28,132,5.49,1,67
13.0,46.0,40.3949625402078,-3.691098166821663,4,63.0,30,27,1.14,28,253
6.0,45.0,40.38981364129052,-3.719928860664368,3,53.0,1,47,2.38,2,324
18.0,82.0,40.4238539530534,-3.681608780208317,4,83.0,30,37,1.54,63,306
16.0,64.0,40.455895,-3.67176,4,117.0,2,89,3.73,3,313
16.0,64.0,40.455895,-3.67176,4,115.0,2,66,2.77,3,330
10.0,45.0,40.4268817587089,-3.65119562625682,4,80.0,2,71,3.0,4,228
16.0,66.0,40.43946087473875,-3.676433226186581,3,103.0,2,72,3.01,1,64
11.0,46.0,40.46142639466724,-3.7226010113954544,3,50.0,1,0,0.0,4,206
14.0,50.0,40.458521662913626,-3.7088115997010846,3,47.0,2,14,0.59,1,214
18.0,60.0,40.42531586766912,-3.665230001758805,3,29.0,2,63,2.68,3,199
9.0,43.0,40.42733,-3.60013,3,56.0,1,1,0.29,4,81
6.0,28.0,40.391788058075306,-3.703460494232803,3,57.0,2,18,2.06,1,81
14.0,63.0,40.449376786766,-3.698268841075991,4,88.0,28,98,4.14,1,301
6.0,45.0,40.39294838311777,-3.720392342327876,4,90.0,3,43,1.82,1,55
9.0,32.0,40.44195593450829,-3.610952002876744,4,72.0,1,21,0.97,1,22
6.0,39.0,40.39517669416712,-3.7250328883605976,4,107.0,2,145,6.13,1,137
7.0,33.0,40.374811391825936,-3.620929167459108,3,78.0,1,82,3.69,1,352
12.0,61.0,40.47330210575928,-3.636238943600624,4,100.0,2,69,2.93,1,151
17.0,61.0,40.40744248475516,-3.700748922709532,4,106.0,3,112,5.47,1,317
14.0,50.0,40.46018892953922,-3.701233193278312,4,85.0,1,68,2.87,6,322
15.0,69.0,40.437836163198696,-3.697412770245336,4,90.0,2,96,4.2,12,247
14.0,57.0,40.46615,-3.69826,4,104.0,3,64,2.7,3,244
16.0,66.0,40.43863,-3.6757,3,94.0,1,109,4.64,1,148
17.0,61.0,40.41138390447769,-3.6994692099420208,4,133.0,1,66,2.87,1,80
6.0,58.0,40.379792901536014,-3.714082423839428,3,40.0,1,0,0.0,2,216
13.0,60.0,40.40192,-3.69837,4,146.0,1,7,0.29,77,328
13.0,60.0,40.40369110253188,-3.6998809621940736,4,136.0,1,29,1.24,77,325
13.0,60.0,40.40203532501722,-3.698115840020922,4,156.0,1,3,0.13,77,317
17.0,79.0,40.4136892,-3.6961846,4,93.0,5,27,1.14,7,62
5.0,10.0,40.34215252679031,-3.683940732145693,3,27.0,7,13,0.56,2,73
17.0,80.0,40.414721,-3.707978,4,143.0,4,66,2.78,1,1
3.0,29.0,40.41312,-3.72583,4,52.0,1,44,1.85,92,349
3.0,29.0,40.41271632635653,-3.725769016012084,4,112.0,1,8,0.35,92,334
3.0,29.0,40.41472,-3.72386,4,71.0,1,20,0.91,92,343
3.0,29.0,40.41426750472403,-3.724055898988381,4,33.0,1,21,0.89,92,336
3.0,29.0,40.41252,-3.72378,4,71.0,1,41,1.76,92,342
3.0,29.0,40.41394295379301,-3.725630691751774,3,58.0,1,11,0.49,92,335
3.0,29.0,40.41442194963842,-3.724012016305907,3,71.0,1,6,0.25,92,332
3.0,29.0,40.41451,-3.72583,3,38.0,1,43,1.82,92,345
3.0,29.0,40.414463727932805,-3.7252593584076927,3,71.0,1,13,0.55,92,338
3.0,29.0,40.41337339918452,-3.723510279584649,3,71.0,1,32,1.41,92,336
3.0,29.0,40.41464,-3.72573,3,58.0,1,14,0.61,92,338
3.0,29.0,40.41445098439595,-3.725642042283376,3,55.0,1,19,0.85,92,339
17.0,76.0,40.42238360345731,-3.7106024846434593,4,123.0,3,87,4.03,1,248
15.0,39.0,40.43346,-3.71531,4,130.0,1,11,0.48,181,340
9.0,32.0,40.44235740525989,-3.6105180678825057,4,141.0,1,20,0.88,334,325
17.0,66.0,40.422691973172526,-3.705258169593672,3,66.0,2,111,4.7,1,178
17.0,61.0,40.4104546,-3.705622,3,63.0,1,89,3.73,2,289
6.0,39.0,40.3892771,-3.7325279,4,116.0,1,71,3.0,4,67
16.0,66.0,40.44439631227176,-3.668881711055379,3,35.0,1,0,0.0,1,257
17.0,66.0,40.424,-3.71134,4,117.0,3,26,1.1,13,40
6.0,45.0,40.38956398310495,-3.729698137216187,4,97.0,3,223,9.4,1,271
6.0,42.0,40.39156678283375,-3.708948973745115,4,84.0,2,97,4.15,141,290
14.0,50.0,40.45910030852452,-3.7004780999086937,4,96.0,6,25,1.08,3,148
10.0,61.0,40.44072,-3.6456313,4,87.0,2,58,2.46,1,250
3.0,29.0,40.4069617963558,-3.737018280792347,3,44.0,5,35,1.47,2,275
17.0,79.0,40.41398,-3.69795,4,140.0,1,38,1.66,1,132
13.0,72.0,40.38551429727331,-3.685499357331524,4,124.0,2,39,1.65,51,253
8.0,48.0,40.39385425093392,-3.667797964437929,4,104.0,2,111,4.68,1,193
17.0,77.0,40.42192370000001,-3.6966823,3,59.0,1,207,8.95,1,187
6.0,7.0,40.36979,-3.68821,3,40.0,6,0,0.0,2,76
15.0,66.0,40.4346549,-3.7046292,4,114.0,1,95,4.04,3,332
6.0,28.0,40.38941,-3.71006,3,33.0,1,122,5.16,1,174
17.0,77.0,40.42199,-3.70042,4,153.0,1,53,2.26,5,287
17.0,76.0,40.41493639999999,-3.7083359,3,48.0,2,29,2.29,2,172
10.0,35.0,40.43879,-3.65257,3,42.0,2,28,2.66,1,252
18.0,60.0,40.425999247404846,-3.664170293857501,3,59.0,1,53,2.25,9,93
18.0,60.0,40.42610408447744,-3.665053968448668,3,81.0,1,14,0.6,9,84
17.0,80.0,40.41987280780724,-3.70289383554284,4,126.0,4,51,2.34,3,195
16.0,51.0,40.4041,-3.68267,4,81.0,30,7,0.33,1,334
17.0,77.0,40.42311,-3.70066,3,61.0,1,100,4.27,3,42
15.0,64.0,40.43218396867668,-3.6988287001586255,4,154.0,1,35,1.5,292,325
18.0,73.0,40.4256468,-3.6729799,4,119.0,5,45,1.92,5,46
12.0,54.0,40.4952202,-3.6538873,3,45.0,5,0,0.0,1,83
9.0,32.0,40.43758,-3.60719,4,80.0,2,49,2.46,3,217
18.0,82.0,40.42659,-3.68602,4,120.0,3,101,4.34,25,61
9.0,24.0,40.43495861132978,-3.6170083382907423,4,98.0,30,8,0.47,1,288
17.0,66.0,40.4264069,-3.7117032,3,70.0,1,7,0.3,3,162
17.0,80.0,40.41883830444148,-3.706508919389389,4,143.0,1,112,5.04,141,1
17.0,79.0,40.41963045780972,-3.699540552909856,3,61.0,1,227,9.69,53,21
17.0,76.0,40.42196771971451,-3.708625101188663,4,133.0,1,33,1.5,36,21
17.0,76.0,40.4218207,-3.708866499999999,4,128.0,1,43,1.89,36,16
17.0,76.0,40.4218207,-3.708866499999999,4,144.0,1,26,1.12,36,15
17.0,76.0,40.4218207,-3.708866499999999,4,151.0,1,84,3.65,36,13
17.0,61.0,40.41306880835808,-3.7043977500247625,3,153.0,1,0,0.0,4,271
17.0,61.0,40.41312,-3.70305,3,136.0,1,0,0.0,4,244
17.0,61.0,40.41351,-3.70313,3,152.0,1,0,0.0,4,258
14.0,57.0,40.463615913834616,-3.7011844704183,4,154.0,1,30,1.3,8,292
6.0,7.0,40.36645,-3.6878325,3,35.0,2,40,1.76,2,30
13.0,59.0,40.41227227624172,-3.720460939363209,4,121.0,1,11,0.49,77,339
13.0,59.0,40.41275377358092,-3.721960805278509,4,135.0,1,24,1.03,77,334
17.0,61.0,40.40845119999999,-3.7083152,4,85.0,2,172,7.29,27,16
14.0,57.0,40.4628,-3.69719,4,65.0,15,11,0.47,14,251
17.0,66.0,40.4239407,-3.7013605,4,104.0,2,123,5.25,5,41
14.0,50.0,40.45923,-3.7005,4,85.0,1,89,3.82,6,322
10.0,61.0,40.43938098958364,-3.649188950657845,3,40.0,1,98,4.19,1,55
3.0,11.0,40.39582,-3.73935,3,38.0,1,0,0.0,1,264
16.0,78.0,40.41534062757153,-3.669524067537916,3,90.0,1,70,3.65,1,348
6.0,28.0,40.39227,-3.70591,3,49.0,30,2,0.15,2,233
15.0,64.0,40.42952698333443,-3.699692773532005,4,72.0,1,3,0.52,77,270
17.0,61.0,40.40756816884346,-3.705486938885532,4,123.0,1,0,0.0,77,134
17.0,76.0,40.41466,-3.71189,4,141.0,1,18,1.06,1,291
15.0,64.0,40.4299998,-3.7003782,3,26.0,1,86,3.66,3,61
17.0,61.0,40.41176,-3.70382,4,108.0,3,65,2.81,75,113
3.0,26.0,40.40403,-3.74909,4,79.0,2,123,5.26,1,67
16.0,64.0,40.45307351969801,-3.66662546728688,4,124.0,1,135,5.74,1,293
16.0,51.0,40.403638076954174,-3.679668335590527,3,45.0,1,177,7.56,1,37
17.0,77.0,40.4227436,-3.6997161,4,80.0,1,84,3.64,1,156
17.0,66.0,40.42204894283746,-3.703601057919867,4,101.0,1,42,1.81,141,299
14.0,57.0,40.46549,-3.70097,4,146.0,1,49,2.18,8,308
14.0,57.0,40.46409135995055,-3.6996885802590014,4,136.0,1,80,3.46,8,290
17.0,61.0,40.41226095455635,-3.7033330791543433,4,113.0,3,47,2.01,75,113
13.0,72.0,40.39303,-3.67785,4,136.0,3,67,3.09,1,240
10.0,41.0,40.42548044405602,-3.642252177713025,4,83.0,2,110,5.31,1,53
16.0,64.0,40.4560084,-3.6782041,4,131.0,1,60,2.62,1,306
17.0,77.0,40.4237,-3.69833,4,154.0,1,83,3.6,292,248
10.0,53.0,40.4796,-3.71402,4,127.0,1,33,2.82,1,121
9.0,32.0,40.43769,-3.61022,3,30.0,3,7,0.37,17,247
15.0,70.0,40.439649074362514,-3.7077380295182505,4,90.0,28,10,0.6,21,103
17.0,61.0,40.40742670258901,-3.705661731451553,4,108.0,1,12,0.58,1,333
10.0,36.0,40.484869883548136,-3.686246070256172,4,106.0,1,9,1.2,3,85
10.0,36.0,40.485194129493095,-3.6858406021896304,4,84.0,1,7,0.58,3,9
17.0,80.0,40.4183453,-3.704466,4,94.0,1,198,8.55,16,77
16.0,65.0,40.4693517,-3.6854324,3,140.0,1,12,0.52,2,73
14.0,63.0,40.4533,-3.69403,3,45.0,2,15,0.65,1,162
8.0,10.0,40.37574,-3.65625,3,36.0,1,0,0.0,1,265
6.0,11.0,40.38266,-3.72427,3,29.0,1,0,0.0,1,252
17.0,80.0,40.41822,-3.70258,4,122.0,2,97,4.32,1,101
18.0,63.0,40.43739544546114,-3.6750424280762672,4,72.0,1,42,1.81,16,262
17.0,61.0,40.409859518923646,-3.7001574645904514,4,142.0,3,10,0.43,1,302
6.0,7.0,40.3671,-3.69233,3,35.0,2,59,2.58,1,15
14.0,65.0,40.4569694,-3.693153,4,113.0,1,40,1.78,1,254
9.0,5.0,40.4266992,-3.6163036,3,34.0,20,32,1.54,6,180
17.0,79.0,40.4183703834268,-3.699168280772176,3,132.0,1,42,1.81,1,335
16.0,59.0,40.44693890789223,-3.6716651765324735,4,122.0,1,18,0.8,15,350
17.0,76.0,40.413575927377394,-3.708205438336439,4,156.0,1,50,2.16,1,62
17.0,77.0,40.422273,-3.7,3,68.0,1,119,5.14,3,48
18.0,63.0,40.43473,-3.66843,4,100.0,2,47,2.05,51,161
17.0,80.0,40.4188721,-3.7078357,4,143.0,2,65,3.11,72,295
2.0,16.0,40.39556,-3.63374,3,27.0,2,23,1.01,2,171
1.0,6.0,40.40413129259577,-3.592818002032019,3,41.0,2,27,1.23,1,140
17.0,61.0,40.4090572,-3.7095207,4,96.0,3,2,0.12,3,200
8.0,12.0,40.3952882,-3.6450023,3,54.0,2,30,1.31,1,6
17.0,77.0,40.41998,-3.7004,4,134.0,1,45,1.99,2,139
17.0,76.0,40.41724785976444,-3.710908334950244,4,140.0,1,13,0.57,2,314
17.0,76.0,40.4134523,-3.711958999999999,4,133.0,2,137,6.02,4,90
17.0,76.0,40.412463532033726,-3.708560854236444,4,134.0,3,72,3.21,66,232
2.0,16.0,40.39687536871739,-3.6365611939958833,3,17.0,1,0,0.0,1,213
15.0,69.0,40.43445,-3.69772,4,106.0,2,81,3.52,30,15
16.0,51.0,40.40508570638481,-3.673355952892777,3,46.0,1,6,0.31,18,239
17.0,61.0,40.40962,-3.70805,4,162.0,2,31,1.72,1,12
17.0,61.0,40.40729,-3.70864,4,113.0,3,79,3.52,2,239
1.0,13.0,40.40465,-3.60216,3,40.0,1,27,1.17,2,175
17.0,61.0,40.41108219579541,-3.700662565293365,4,67.0,3,76,3.36,22,290
17.0,80.0,40.41946280659213,-3.700162367814622,4,134.0,30,41,1.82,13,316
17.0,61.0,40.4129266,-3.7059896,4,144.0,2,64,2.91,3,72
17.0,61.0,40.4129266,-3.7059896,4,144.0,1,76,3.35,3,58
14.0,71.0,40.46549,-3.69463,4,143.0,2,27,1.36,120,77
14.0,71.0,40.46573,-3.69431,4,157.0,2,26,1.21,120,76
14.0,65.0,40.46361,-3.6948,4,115.0,2,57,2.56,120,64
14.0,71.0,40.46567,-3.69292,4,131.0,2,54,2.47,120,67
14.0,57.0,40.46504809388709,-3.695052053898875,4,114.0,2,29,1.33,120,69
14.0,65.0,40.46395583032221,-3.694754138597916,4,155.0,2,30,1.35,120,79
17.0,61.0,40.4092954,-3.698956,4,113.0,1,143,6.18,8,45
9.0,24.0,40.43463,-3.61242,4,101.0,1,12,0.52,5,298
9.0,32.0,40.4357662,-3.6115307,4,99.0,1,21,0.91,5,282
6.0,32.0,40.3858015,-3.702365,4,117.0,3,27,1.25,1,116
6.0,58.0,40.37718,-3.7124,3,30.0,3,17,0.76,1,76
13.0,55.0,40.40530045159517,-3.7113133988754754,4,150.0,1,37,1.71,1,273
8.0,12.0,40.38703163502263,-3.644632450384436,3,33.0,5,34,1.48,2,158
17.0,80.0,40.41723064799909,-3.708571331647828,3,70.0,4,116,5.07,1,7
18.0,82.0,40.42399,-3.68155,4,133.0,14,8,0.44,1,269
1.0,6.0,40.40631847139272,-3.602342714979736,3,40.0,1,13,0.57,2,175
17.0,76.0,40.4105337065652,-3.709750921447493,4,74.0,1,20,0.89,1,84
6.0,32.0,40.38186919643013,-3.7021966494090752,3,31.0,1,2,0.37,2,260
3.0,29.0,40.40677053814059,-3.736973612848879,3,53.0,1,24,1.09,1,87
17.0,66.0,40.42340648249037,-3.70289416400165,4,122.0,2,117,5.22,1,25
13.0,59.0,40.4106911,-3.7192949,3,68.0,1,10,1.02,1,348
17.0,66.0,40.42471097329428,-3.7047375867485424,4,144.0,2,91,4.53,28,62
17.0,66.0,40.42520578122677,-3.701910634519377,4,157.0,1,14,0.66,1,272
17.0,79.0,40.41264,-3.69757,4,143.0,2,158,7.18,3,65
6.0,45.0,40.38799,-3.7247,3,36.0,1,0,0.0,1,269
17.0,61.0,40.41131,-3.70099,3,31.0,2,7,0.31,6,81
16.0,65.0,40.4693517,-3.6854324,3,55.0,2,1,0.18,2,85
13.0,49.0,40.3978528931918,-3.6988539940858254,4,127.0,1,19,0.83,2,340
17.0,77.0,40.4224574857726,-3.6990401794066727,4,123.0,3,197,8.68,17,279
17.0,77.0,40.422913006463226,-3.698543893157188,4,130.0,3,131,5.81,17,307
17.0,77.0,40.42425,-3.7006,4,148.0,3,240,10.57,17,272
17.0,77.0,40.422366532048095,-3.698485407851293,4,121.0,3,175,7.73,17,305
14.0,63.0,40.44766386125811,-3.7016975915691455,4,158.0,3,23,1.37,2,242
7.0,33.0,40.36577,-3.59931,3,34.5,1,0,0.0,1,264
17.0,80.0,40.41943626995566,-3.70039973255816,4,147.0,1,19,0.86,4,249
15.0,67.0,40.43893000000001,-3.6985857,4,115.0,10,42,1.89,15,83
17.0,80.0,40.419179103226696,-3.702555942885194,4,147.0,1,38,1.82,4,262
9.0,43.0,40.434731204360105,-3.6108077724007286,4,105.0,1,18,0.79,5,32
9.0,32.0,40.43683,-3.6113,4,105.0,1,22,0.96,5,294
7.0,21.0,40.382007691713575,-3.612759459574432,3,33.0,1,201,8.76,2,192
17.0,66.0,40.42288396471433,-3.707912721255678,3,71.0,3,18,0.82,6,74
16.0,64.0,40.45657816328081,-3.680881472101624,4,128.0,1,13,0.62,1,277
13.0,59.0,40.40932,-3.72144,4,85.0,30,1,1.0,272,171
9.0,45.0,40.44688684476876,-3.596401736140251,3,24.0,10,97,4.24,1,337
14.0,63.0,40.450005,-3.703251600000001,4,116.0,30,2,0.11,249,203
17.0,61.0,40.4105489,-3.7081832,4,130.0,2,104,4.54,2,225
17.0,61.0,40.4093054,-3.7045334,4,117.0,1,99,4.31,6,311
16.0,70.0,40.419789278975365,-3.678403341802277,4,125.0,5,49,2.19,21,104
13.0,59.0,40.40801,-3.71781,4,116.0,1,106,4.77,12,155
18.0,63.0,40.43089615970649,-3.6699644524094417,4,83.0,2,118,5.32,1,279
17.0,76.0,40.408451567706166,-3.715656428340253,4,120.0,1,118,5.33,12,147
17.0,76.0,40.40973168339459,-3.7172467706102,4,119.0,1,94,4.25,12,143
17.0,76.0,40.40967,-3.71718,4,121.0,1,139,6.3,12,159
13.0,59.0,40.40748,-3.71586,4,115.0,1,102,4.6,12,131
3.0,12.0,40.38967511093844,-3.7660185699538418,4,75.0,2,82,3.58,1,70
18.0,73.0,40.42249695148738,-3.6740648808419225,4,97.0,30,9,0.46,8,265
16.0,70.0,40.41989,-3.67466,4,70.0,1,0,0.0,1,274
17.0,66.0,40.42323151179276,-3.7024405226111408,4,74.0,1,132,6.04,1,177
13.0,55.0,40.40116762834226,-3.702081830230615,4,72.0,2,169,7.47,1,21
14.0,57.0,40.46656897457927,-3.703010294232023,3,31.0,30,0,0.0,272,224
6.0,28.0,40.38808,-3.71367,3,48.0,2,6,0.51,4,89
6.0,20.0,40.38030170501361,-3.7040992951565066,4,93.0,4,20,0.93,46,82
16.0,65.0,40.47406996399232,-3.687005954713349,3,53.0,1,113,4.99,1,158
17.0,77.0,40.424576651281846,-3.6996627036359566,4,130.0,4,16,0.76,21,181
17.0,66.0,40.422362277746736,-3.7050131486014055,3,70.0,1,11,0.5,17,163
17.0,66.0,40.422538447227474,-3.702799706799676,3,70.0,1,8,0.38,17,182
10.0,41.0,40.432229,-3.6407414,3,41.0,2,67,3.01,1,77
17.0,66.0,40.42073421176556,-3.704758991239247,1,18.0,1,17,0.74,17,160
17.0,66.0,40.4218907,-3.703881299999999,1,34.0,1,0,0.0,17,176
17.0,66.0,40.4218907,-3.703881299999999,1,34.0,1,0,0.0,17,176
17.0,66.0,40.4218907,-3.703881299999999,1,53.0,1,1,0.18,17,171
17.0,66.0,40.4218907,-3.703881299999999,1,18.0,1,0,0.0,17,117
6.0,25.0,40.38778300043404,-3.7414227563531246,3,67.0,2,0,0.0,2,195
10.0,61.0,40.4375354661908,-3.652652164188809,3,31.0,1,0,0.0,2,262
10.0,45.0,40.42589805012087,-3.6531408044646216,4,82.0,3,65,2.87,4,189
10.0,75.0,40.45121,-3.65709,3,36.0,6,45,2.01,1,11
13.0,46.0,40.39979078933384,-3.697796192089848,3,52.0,2,178,7.85,1,66
12.0,54.0,40.46055029156413,-3.633576596018071,4,92.0,3,59,3.07,292,320
17.0,66.0,40.4218907,-3.703881299999999,1,18.0,1,15,0.67,17,180
17.0,80.0,40.41517281876151,-3.708042486712243,3,82.0,2,156,6.9,5,242
10.0,61.0,40.4360223,-3.6587259,3,35.0,3,42,1.85,2,207
6.0,39.0,40.39836799324216,-3.7311761251766176,3,50.0,1,59,2.61,1,245
18.0,63.0,40.435651982940826,-3.65985535304273,3,34.0,3,71,3.13,2,201
6.0,45.0,40.39483,-3.72093,3,38.0,5,1,0.1,1,83
17.0,77.0,40.42208,-3.69937,3,80.0,30,18,0.81,4,312
17.0,61.0,40.40874840034133,-3.705348521417034,3,57.0,1,51,2.42,6,320
10.0,36.0,40.48673415246493,-3.6878641930032265,3,40.0,2,25,1.14,1,63
17.0,80.0,40.41497891478786,-3.707527667284012,4,143.0,3,22,1.04,2,227
17.0,66.0,40.42503017616836,-3.706581931131757,3,78.0,3,94,4.17,10,323
16.0,51.0,40.401742860323424,-3.675410808428949,4,86.0,4,38,2.48,2,47
18.0,60.0,40.42592972654404,-3.665266410333643,4,116.0,1,14,0.76,1,261
17.0,80.0,40.41937,-3.70017,3,70.0,15,14,0.63,4,106
17.0,66.0,40.4206,-3.70178,3,58.0,21,17,1.03,4,198
6.0,20.0,40.38497,-3.71154,3,36.0,1,45,1.99,12,247
17.0,61.0,40.41141909269053,-3.7009381502866745,4,79.0,3,48,2.67,22,316
10.0,61.0,40.4322,-3.65908,4,140.0,1,130,5.86,3,318
10.0,61.0,40.432271745518335,-3.658426577681616,4,160.0,1,128,5.71,3,147
12.0,54.0,40.459347215444886,-3.628017581068191,3,71.0,1,60,2.67,1,340
9.0,24.0,40.43006234099288,-3.6253464594483376,3,25.0,3,17,1.66,2,330
10.0,41.0,40.4293091446375,-3.634718316347127,3,32.0,1,0,0.0,1,191
17.0,80.0,40.41695,-3.70246,4,146.0,2,39,1.98,8,119
14.0,57.0,40.4613985,-3.6984209,4,163.0,4,52,2.36,2,6
17.0,79.0,40.4129,-3.69908,3,115.0,1,99,4.42,5,96
11.0,70.0,40.4287906,-3.7196117,4,128.5,1,0,0.0,3,81
10.0,45.0,40.42918,-3.64746,4,65.0,5,30,1.36,10,321
15.0,39.0,40.43156,-3.71381,4,127.0,3,58,2.64,1,236
14.0,65.0,40.45801,-3.69573,4,94.0,5,61,2.73,6,233
14.0,65.0,40.45765777569439,-3.696607453713586,4,100.0,3,114,5.09,6,221
13.0,60.0,40.40585,-3.69456,3,56.0,5,62,2.74,31,252
12.0,61.0,40.4709708,-3.6491782,4,81.0,2,22,1.02,1,12
6.0,45.0,40.386742314994,-3.7263454644180216,4,84.0,4,140,6.21,5,142
6.0,45.0,40.38785,-3.72582,4,82.0,4,109,5.07,5,143
9.0,32.0,40.43533252474213,-3.6106803630738256,4,145.0,1,26,1.16,5,345
16.0,73.0,40.40792,-3.68268,3,64.0,1,115,5.65,5,330
17.0,79.0,40.41368742701359,-3.6986432701854,4,97.0,2,76,4.64,1,313
16.0,64.0,40.4560138,-3.6786597,4,125.0,1,114,5.08,1,76
15.0,39.0,40.43658854923518,-3.71400087517954,4,65.0,30,0,0.0,272,270
11.0,70.0,40.4270067842566,-3.7139742393455006,3,55.0,2,22,1.01,1,40
13.0,46.0,40.3987509,-3.6960427,3,50.0,1,0,0.0,1,355
12.0,27.0,40.46236122317507,-3.650291789761138,3,34.0,2,53,2.41,5,84
16.0,66.0,40.4402030621619,-3.677688826983641,4,121.0,4,60,2.69,5,303
17.0,79.0,40.41178,-3.69397,4,143.0,2,124,5.73,1,16
4.0,57.0,40.4670584,-3.5877918,4,92.0,1,221,9.84,3,177
10.0,35.0,40.44285818618519,-3.651854060590267,3,44.0,1,59,2.96,1,243
17.0,61.0,40.4090740681903,-3.7039078431392,4,119.0,3,102,4.58,2,83
8.0,12.0,40.38802326993598,-3.649147350406207,3,27.0,1,0,0.0,1,143
13.0,59.0,40.41286,-3.7192,4,82.0,4,143,6.45,3,260
16.0,66.0,40.4401704,-3.6777532,4,128.0,4,59,2.66,4,310
6.0,42.0,40.39496269629739,-3.710212793412844,3,49.0,1,0,0.0,2,363
17.0,61.0,40.40968593844577,-3.701054842809101,4,80.0,2,24,1.1,6,131
5.0,3.0,40.352707090122,-3.6954019843288015,3,22.0,1,53,2.37,2,254
12.0,27.0,40.46015626877208,-3.6476205289363857,3,37.0,1,0,0.0,1,269
18.0,82.0,40.42878,-3.68666,4,72.0,1,52,2.36,5,219
18.0,73.0,40.42316105693702,-3.675309307873249,4,122.0,1,166,7.4,2,177
17.0,66.0,40.42195,-3.70605,4,118.0,3,112,5.15,93,64
13.0,46.0,40.39898324649824,-3.694550908447933,4,122.0,1,23,1.06,1,331
17.0,61.0,40.4065489,-3.701225399999999,3,45.0,2,78,3.75,1,285
17.0,76.0,40.40843,-3.71372,3,32.0,2,9,0.4,1,37
10.0,36.0,40.50530223020256,-3.675502288520177,4,154.0,2,60,2.82,2,227
15.0,64.0,40.43686,-3.7041,4,164.0,1,24,1.07,52,285
18.0,63.0,40.43466,-3.66816,4,138.0,2,184,8.25,5,101
18.0,83.0,40.437417906372126,-3.682009257967056,4,99.0,2,66,2.94,1,43
13.0,60.0,40.40209,-3.69173,4,66.0,30,29,1.32,2,236
17.0,79.0,40.41251,-3.69843,4,130.0,1,31,1.44,92,330
17.0,61.0,40.4090237,-3.699183,4,77.0,5,28,1.27,1,304
14.0,65.0,40.46258903389713,-3.697163542275897,4,60.0,15,6,0.29,14,275
14.0,65.0,40.4582343,-3.695565899999999,4,96.0,1,161,7.23,1,269
6.0,28.0,40.387,-3.71001,4,153.0,4,13,0.87,46,82
18.0,68.0,40.42875739999999,-3.672663,4,104.0,1,129,5.93,1,169
17.0,79.0,40.41261894219232,-3.695359017123765,4,127.0,10,11,0.51,1,76
17.0,79.0,40.41251,-3.69843,4,103.0,1,15,0.72,92,343
17.0,79.0,40.41251,-3.69843,4,158.0,1,10,0.59,92,349
14.0,57.0,40.46683,-3.70793,4,153.0,30,2,0.17,75,159
17.0,77.0,40.42171564615138,-3.698818420736135,4,90.0,1,55,2.59,292,309
17.0,79.0,40.41251,-3.69843,4,91.0,1,8,0.37,92,330
17.0,79.0,40.41251,-3.69843,4,72.0,1,16,0.75,92,328
17.0,79.0,40.41251,-3.69843,4,117.0,1,67,3.55,92,344
12.0,61.0,40.47165,-3.65365,4,135.0,3,11,0.58,1,362
17.0,77.0,40.42015954524358,-3.6983562190058303,3,55.0,4,56,2.5,9,46
6.0,32.0,40.385678664853216,-3.7045356631279,4,93.0,1,8,0.67,3,1
17.0,76.0,40.41075939213279,-3.711547644302185,4,152.0,28,24,1.46,14,84
16.0,80.0,40.39913083045767,-3.6725753261395706,4,91.0,14,0,0.0,8,342
16.0,80.0,40.40091,-3.67302,4,102.0,30,0,0.0,8,275
16.0,80.0,40.40107819537225,-3.671933633654636,4,89.0,30,0,0.0,8,323
16.0,80.0,40.40126,-3.67339,4,140.0,30,4,0.26,8,353
16.0,80.0,40.39938078630938,-3.672933487150983,4,157.0,30,0,0.0,8,14
16.0,51.0,40.40483529999999,-3.6797947,4,152.0,1,30,1.36,6,348
13.0,55.0,40.4002,-3.70709,4,128.0,1,101,5.02,9,347
10.0,45.0,40.42883,-3.6589,4,136.0,3,21,0.95,1,164
8.0,41.0,40.397041046194055,-3.661943492733563,3,43.0,5,0,0.0,1,89
18.0,82.0,40.42302,-3.68979,4,65.0,1,8,0.36,77,226
2.0,49.0,40.40881077073913,-3.6527388309189086,3,35.0,1,47,2.15,1,162
14.0,63.0,40.44949760620971,-3.702307464196568,4,106.0,2,94,4.23,1,48
15.0,64.0,40.43151157617332,-3.703246406623478,4,148.0,1,34,1.62,6,326
18.0,73.0,40.4275021,-3.6746439,4,81.0,2,92,4.14,1,1
17.0,61.0,40.407421916174265,-3.70951243074224,4,94.0,2,79,3.55,1,71
13.0,46.0,40.39677176498946,-3.685856170223074,4,88.0,1,66,2.97,1,314
17.0,61.0,40.40857951711746,-3.706951676303122,4,77.0,1,111,5.16,3,281
18.0,60.0,40.426,-3.66778,4,72.0,2,186,8.38,1,174
14.0,52.0,40.44934,-3.70673,3,28.0,2,9,0.43,4,353
17.0,77.0,40.423585869970005,-3.697733229593665,4,106.0,3,71,3.23,2,243
18.0,73.0,40.42710732723384,-3.675852558180848,4,140.0,10,30,1.37,2,194
13.0,55.0,40.40534,-3.70542,4,99.0,28,62,2.85,1,117
10.0,62.0,40.48277350045039,-3.662543323168344,4,99.0,2,46,2.13,1,45
17.0,66.0,40.42590805426206,-3.7109898829802392,3,54.0,1,0,0.0,1,265
8.0,12.0,40.38239341504276,-3.647709336475451,3,41.0,1,7,0.32,1,363
17.0,77.0,40.4232884,-3.6994182,4,113.0,3,193,8.75,17,279
8.0,41.0,40.4020437112961,-3.6579276671773866,4,92.0,1,27,1.64,10,326
17.0,77.0,40.42287,-3.69857,3,100.0,1,12,0.54,1,81
6.0,25.0,40.387012,-3.7344772,3,37.0,1,129,5.81,1,226
17.0,61.0,40.4090237,-3.699183,4,81.0,5,20,1.0,1,203
13.0,59.0,40.41371427268532,-3.7173211663604246,4,129.0,5,15,0.81,1,216
17.0,61.0,40.41126,-3.69833,4,113.0,3,31,1.43,3,122
17.0,76.0,40.42113,-3.70926,4,100.0,2,41,1.99,4,9
8.0,12.0,40.37980517362265,-3.6379793286323543,3,58.0,2,66,3.28,1,150
8.0,41.0,40.39639,-3.66161,3,27.0,1,52,2.41,2,236
11.0,15.0,40.46294,-3.71403,4,63.0,7,10,0.47,1,132
17.0,77.0,40.42332,-3.69734,4,135.0,2,100,4.77,4,89
6.0,39.0,40.3929456,-3.7264631,3,37.0,2,28,1.42,3,44
13.0,46.0,40.39989,-3.6969,4,103.0,3,61,2.78,1,237
17.0,79.0,40.4125036,-3.6968553,4,140.0,4,37,1.68,1,226
14.0,71.0,40.47083,-3.68991,4,112.0,1,8,0.94,4,342
9.0,45.0,40.44715583041162,-3.5951120967315138,4,153.0,3,64,2.91,1,143
6.0,56.0,40.3704111,-3.6982935,4,57.0,2,90,4.12,31,147
17.0,61.0,40.40895,-3.70689,4,80.0,1,36,1.64,1,217
14.0,71.0,40.46906780432619,-3.691818909696365,4,120.0,1,36,1.65,4,350
17.0,77.0,40.42338,-3.69498,4,125.0,3,84,3.84,2,67
16.0,64.0,40.4573352023118,-3.688366860940265,3,59.0,1,13,0.88,2,19
13.0,55.0,40.39831,-3.70707,4,114.0,1,68,3.27,9,346
13.0,55.0,40.399,-3.70521,4,119.0,1,98,4.91,9,337
17.0,61.0,40.40845119999999,-3.7083152,4,89.0,2,86,3.99,27,27
6.0,45.0,40.39014970382461,-3.720939382910728,3,36.0,1,3,0.14,2,269
17.0,66.0,40.4223957,-3.7067356,3,36.0,1,148,7.0,19,300
10.0,36.0,40.48359,-3.68431,4,73.0,2,160,7.5,2,213
6.0,39.0,40.392820357038495,-3.7264467031799353,3,27.0,1,20,1.0,3,339
6.0,39.0,40.392640588398045,-3.7268114836059607,3,45.0,1,49,2.28,3,145
15.0,69.0,40.43059334021279,-3.695483482143909,4,106.0,3,62,2.82,30,32
16.0,51.0,40.40584,-3.68237,4,139.0,3,85,3.87,1,324
17.0,77.0,40.419997441973685,-3.7000354571392458,4,162.0,3,0,0.0,13,176
16.0,64.0,40.45660338505444,-3.677219043714954,3,33.0,1,15,0.7,17,245
17.0,77.0,40.42288,-3.69838,4,144.0,3,94,4.3,17,304
17.0,61.0,40.4131541,-3.7032569,3,51.0,1,62,2.86,20,72
10.0,45.0,40.423937956273285,-3.657233433330397,4,100.0,1,175,9.58,1,193
13.0,46.0,40.39288,-3.69392,4,54.0,30,12,0.55,8,147
16.0,64.0,40.457562471696,-3.677207801517588,3,55.0,1,6,0.32,17,238
18.0,73.0,40.42835,-3.67388,3,62.0,1,73,3.95,1,72
3.0,26.0,40.40561,-3.74334,4,80.0,1,91,4.5,3,307
17.0,61.0,40.4131541,-3.7032569,3,49.0,1,156,7.08,20,62
11.0,18.0,40.42825,-3.72979,4,150.0,1,49,2.47,1,314
5.0,15.0,40.340908785057046,-3.6836554279345193,3,25.0,5,5,0.28,2,61
17.0,61.0,40.40918201900117,-3.709633871912956,4,65.0,1,127,6.25,3,191
15.0,39.0,40.43268,-3.71321,4,110.0,20,8,0.38,107,75
18.0,63.0,40.437338,-3.6750098,4,78.0,1,31,1.49,16,278
16.0,64.0,40.454735849872094,-3.688314084130864,4,158.0,3,61,2.83,2,39
17.0,76.0,40.411330844848464,-3.709251644132959,4,101.0,2,68,3.12,3,58
17.0,66.0,40.42643,-3.70679,4,90.0,2,29,1.33,2,41
17.0,61.0,40.4070654,-3.7003037,4,70.0,30,8,0.4,1,105
15.0,69.0,40.43613,-3.68987,4,128.0,1,21,1.01,6,346
13.0,55.0,40.4036373,-3.701810099999999,4,111.0,1,114,5.21,1,71
17.0,80.0,40.41809016216296,-3.699824294409959,4,162.0,3,0,0.0,13,176
17.0,80.0,40.41916,-3.70004,4,101.0,3,0,0.0,13,268
17.0,80.0,40.41862,-3.70207,4,108.0,3,0,0.0,13,274
17.0,80.0,40.41792,-3.70201,4,101.0,3,0,0.0,13,233
17.0,80.0,40.4178354474657,-3.70011089565177,4,101.0,3,0,0.0,13,264
17.0,80.0,40.41967,-3.70034,4,104.0,3,1,0.37,13,238
17.0,80.0,40.41801839836153,-3.701971084849663,4,112.0,3,1,0.38,13,238
10.0,45.0,40.42945674165964,-3.6515958700309943,4,95.0,4,115,5.24,9,13
3.0,29.0,40.40708234776802,-3.731719245162096,3,38.0,1,0,0.0,1,269
17.0,66.0,40.42274868252856,-3.708058605334612,4,124.0,3,118,5.49,93,55
17.0,77.0,40.428281416193805,-3.698785118131039,4,162.0,4,64,2.97,2,239
17.0,61.0,40.4073913,-3.6975687,4,76.0,1,219,10.05,1,285
13.0,46.0,40.39932,-3.69284,4,161.0,1,91,4.23,2,299
17.0,80.0,40.41853,-3.70313,3,163.0,1,0,0.0,13,218
17.0,80.0,40.4201736050124,-3.7050328070913623,3,156.0,1,0,0.0,13,235
16.0,64.0,40.4550624,-3.6877991,4,125.0,3,59,2.74,2,40
14.0,65.0,40.458171880836815,-3.696476522079872,4,116.0,3,4,0.22,1,13
17.0,76.0,40.4178459748687,-3.712259103399435,3,70.0,2,20,0.93,33,127
14.0,50.0,40.45998,-3.70798,4,77.0,3,12,0.56,2,232
10.0,61.0,40.43523379157833,-3.659533956408328,4,97.0,4,29,1.37,3,346
13.0,59.0,40.40463189621638,-3.7131527815676297,4,130.0,4,40,1.88,2,243
14.0,57.0,40.46567853413219,-3.70134640570204,4,110.0,4,12,0.6,46,256
8.0,41.0,40.40476698787891,-3.658788501987877,4,62.0,1,2,0.21,77,315
17.0,61.0,40.41292536164768,-3.7036614810798456,4,90.0,1,38,1.94,1,324
15.0,69.0,40.43379,-3.69223,4,96.0,6,11,0.77,2,216
11.0,18.0,40.42266389200618,-3.721219486603251,4,147.0,1,28,1.35,181,298
8.0,41.0,40.3991379,-3.663175499999999,3,61.0,1,9,0.42,28,349
17.0,80.0,40.41696,-3.70197,4,134.0,3,99,4.6,5,250
17.0,66.0,40.42411,-3.70128,4,149.0,2,15,0.7,3,41
9.0,45.0,40.44485,-3.59159,3,40.0,3,32,1.47,2,327
17.0,66.0,40.42264138051463,-3.702462712224169,4,151.0,2,27,1.26,3,66
14.0,71.0,40.46962,-3.69202,3,39.0,1,81,3.76,1,351
17.0,66.0,40.42455,-3.70177,4,151.0,2,17,0.8,3,68
17.0,66.0,40.42228387125661,-3.7041787728338704,4,106.0,5,55,2.55,30,22
17.0,76.0,40.41301,-3.70985,4,128.0,2,21,1.07,72,49
17.0,79.0,40.4136429,-3.7004028,3,70.0,1,0,0.0,3,110
17.0,79.0,40.4136429,-3.7004028,3,70.0,1,0,0.0,3,111
16.0,64.0,40.45666360915309,-3.676806931096431,3,42.0,1,7,0.34,17,252
17.0,79.0,40.41165,-3.69429,4,91.0,4,23,1.11,4,280
16.0,66.0,40.44419,-3.67253,3,54.0,1,154,7.4,28,358
16.0,66.0,40.4447495,-3.6715735,3,48.0,1,6,0.3,28,345
14.0,65.0,40.4592231,-3.6991012,4,108.0,1,0,0.0,24,340
17.0,61.0,40.4113984,-3.7027419,4,125.0,3,41,1.9,75,167
12.0,10.0,40.47324186916274,-3.662274703704833,4,67.0,28,13,0.6,3,302
16.0,51.0,40.40586,-3.67397,3,48.0,1,13,0.62,18,238
10.0,36.0,40.48722880457342,-3.68984938877716,4,69.0,2,138,6.42,2,201
17.0,61.0,40.4108934,-3.69961,4,161.0,1,13,0.6,73,343
11.0,18.0,40.42104002155871,-3.7234935888338416,4,147.0,1,0,0.0,181,298
17.0,77.0,40.4232884,-3.6994182,4,129.0,3,127,5.9,17,344
18.0,63.0,40.43505383873892,-3.674248158931732,3,114.0,2,121,5.65,3,309
18.0,60.0,40.42475,-3.66356,3,117.0,1,2,0.17,9,88
17.0,79.0,40.41466974314102,-3.698390779288117,4,138.0,3,13,0.6,29,282
10.0,35.0,40.4401872702832,-3.650694496160622,4,105.0,1,38,1.76,181,192
6.0,17.0,40.37700871901073,-3.7438122555613513,3,53.0,1,0,0.0,1,89
16.0,64.0,40.45609346613724,-3.677269010190438,3,40.0,5,15,0.76,17,230
5.0,3.0,40.35628,-3.69451,4,90.0,2,15,0.76,2,1
14.0,57.0,40.46584,-3.70381,4,101.0,1,6,0.29,334,348
14.0,57.0,40.46785918428803,-3.703415478463592,4,101.0,1,10,0.54,334,335
6.0,32.0,40.38512,-3.70373,4,93.0,1,21,1.0,26,312
14.0,52.0,40.45321082876029,-3.7033008107759775,3,80.0,2,0,0.0,1,178
17.0,61.0,40.412672062788495,-3.704768082930648,4,148.0,5,58,2.77,1,269
14.0,65.0,40.4582343,-3.695565899999999,4,100.0,30,21,1.0,1,173
17.0,66.0,40.42315678373183,-3.701913412350872,4,96.0,5,40,1.96,30,16
3.0,29.0,40.405707193946334,-3.736554004487156,3,20.0,2,14,0.68,2,134
6.0,32.0,40.38436,-3.70243,4,155.0,1,111,5.22,26,347
13.0,72.0,40.38977858445869,-3.693036294379116,4,91.0,3,21,1.01,1,25
3.0,29.0,40.40936155942656,-3.730107290411524,4,147.0,2,4,0.19,1,229
17.0,61.0,40.41089715280773,-3.7085323693115257,4,135.0,2,145,6.73,1,13
18.0,68.0,40.42984081357301,-3.677016194621125,4,106.0,2,37,1.74,1,67
17.0,79.0,40.41492,-3.70185,4,143.0,5,65,3.15,1,222
10.0,41.0,40.424840154077614,-3.6307790484602314,3,44.0,1,60,3.03,3,31
9.0,32.0,40.43740409999999,-3.6112102,4,113.0,1,10,0.48,24,278
10.0,53.0,40.47542900430464,-3.712936690931136,3,46.0,3,31,1.49,1,30
3.0,12.0,40.39041428618097,-3.760426141450817,3,19.0,20,63,2.92,2,100
15.0,66.0,40.4312660311608,-3.7052773173127687,4,72.0,1,9,0.43,77,322
17.0,61.0,40.41073182462524,-3.706177847085263,4,94.0,1,90,4.23,1,155
17.0,79.0,40.41156495189545,-3.695603298418953,4,111.0,2,93,4.37,1,245
10.0,14.0,40.484434,-3.6943256,3,40.0,3,14,0.73,1,284
17.0,76.0,40.42280633833555,-3.710120648142769,3,60.0,1,7,1.25,6,67
3.0,29.0,40.4078008,-3.7323149,3,43.0,2,39,1.88,1,15
10.0,61.0,40.435966,-3.6582911,3,160.0,1,0,0.0,1,269
11.0,46.0,40.44729368962491,-3.7144794784901554,4,107.0,1,40,2.04,15,343
16.0,70.0,40.41809,-3.67737,3,54.0,1,1,0.13,1,269
17.0,77.0,40.4227752,-3.700145199999999,4,118.0,3,23,1.1,1,204
6.0,39.0,40.39752629088876,-3.716196170935208,3,47.0,2,103,4.88,1,33
16.0,65.0,40.477016,-3.6857134,3,48.0,1,252,12.17,1,134
17.0,61.0,40.40984,-3.70558,4,94.0,1,29,1.59,6,312
10.0,41.0,40.42496,-3.63137,3,53.0,1,72,3.44,3,28
14.0,65.0,40.46007324473173,-3.693963481553857,3,48.0,1,42,2.22,1,28
10.0,35.0,40.44182368956727,-3.654302755036473,3,48.0,2,0,0.0,1,175
6.0,11.0,40.3816842,-3.73,3,21.0,6,0,0.0,1,331
6.0,39.0,40.39328,-3.7366,4,76.0,5,24,1.16,10,349
10.0,41.0,40.42715,-3.63147,3,49.0,1,61,2.85,3,30
12.0,61.0,40.4725977,-3.6378543,3,47.0,1,4,0.27,2,223
17.0,80.0,40.41566,-3.70666,3,80.0,2,149,7.2,5,237
17.0,61.0,40.40647,-3.70293,3,28.0,3,62,2.97,13,49
17.0,76.0,40.41345979378546,-3.7085101911828673,3,60.0,2,129,6.23,5,245
14.0,50.0,40.46044,-3.70934,3,27.0,2,6,0.34,5,354
17.0,76.0,40.41443131878669,-3.708238130009402,3,79.0,2,142,6.93,5,244
11.0,15.0,40.46097206317071,-3.710511960089207,3,28.0,1,4,0.28,5,258
18.0,63.0,40.43126210948024,-3.666518842614928,4,93.0,14,13,0.75,1,277
6.0,42.0,40.39492,-3.70867,3,9.0,1,0,0.0,2,99
14.0,52.0,40.44926,-3.70441,4,75.0,1,49,2.53,1,332
17.0,79.0,40.41459,-3.70107,4,128.0,3,46,2.8,6,100
18.0,63.0,40.43507595405367,-3.665219149490846,4,73.0,30,0,0.0,272,270
17.0,79.0,40.41903,-3.69881,3,50.0,4,52,2.51,9,40
17.0,66.0,40.42298,-3.70645,4,109.0,1,99,4.84,141,265
17.0,66.0,40.42485,-3.70167,4,146.0,3,85,4.11,5,230
17.0,66.0,40.42498364462695,-3.7063519239425657,3,45.0,1,68,3.42,1,218
13.0,46.0,40.3959860842817,-3.691418234767642,3,56.0,30,0,0.0,272,238
7.0,33.0,40.364717768732106,-3.5993727624861718,4,130.0,1,0,0.0,1,361
6.0,42.0,40.3944,-3.71084,3,27.0,4,0,0.0,1,269
17.0,79.0,40.41338652774853,-3.7009579315781593,4,143.0,3,82,3.94,1,85
15.0,66.0,40.43207417369347,-3.7111218108715023,4,111.0,2,42,2.11,24,144
18.0,63.0,40.43059166027976,-3.66921261913454,4,88.0,1,101,4.75,3,287
16.0,59.0,40.44535,-3.67633,4,116.0,1,7,0.51,2,325
13.0,60.0,40.40207,-3.69012,4,81.0,1,58,2.92,181,212
17.0,61.0,40.40733002780769,-3.700945900131451,4,110.0,5,3,0.26,1,21
15.0,64.0,40.42931359749284,-3.7033318005088094,4,112.0,1,18,0.86,38,305
6.0,39.0,40.39869668301344,-3.719004853812661,4,143.0,1,14,0.81,77,266
16.0,70.0,40.41758,-3.67395,4,112.0,28,19,0.93,2,159
17.0,80.0,40.41878215401589,-3.7066325947617775,4,91.0,1,2,0.1,77,335
15.0,69.0,40.43269658358376,-3.6924734414273455,4,132.0,3,44,2.12,1,114
17.0,66.0,40.42105189999999,-3.7020327,3,95.0,1,12,0.62,1,254
16.0,59.0,40.44423602901541,-3.674749125092037,4,124.0,1,57,2.93,4,111
18.0,68.0,40.43081,-3.67696,4,88.0,1,3,0.21,77,57
17.0,66.0,40.42215,-3.70398,4,80.0,15,5,0.26,14,236
13.0,49.0,40.39869817639563,-3.699709647934424,4,89.0,1,25,1.21,292,288
13.0,49.0,40.39887776144976,-3.699656326293925,4,85.0,1,9,0.43,292,260
6.0,58.0,40.38465828082851,-3.714105916475648,4,93.0,1,0,0.0,77,1
18.0,60.0,40.42416147043648,-3.66799274144728,4,88.0,2,45,2.3,1,243
15.0,70.0,40.44003,-3.71516,3,42.0,19,0,0.0,1,269
14.0,50.0,40.45831144542306,-3.703153258709464,3,28.0,2,20,1.08,4,352
13.0,60.0,40.4046025,-3.6946158,3,58.0,1,144,7.26,8,353
2.0,23.0,40.40769519899499,-3.660875335335732,3,45.0,3,79,3.79,2,55
17.0,77.0,40.4245547,-3.6991939,4,161.0,5,52,2.51,3,27
13.0,49.0,40.39670903872813,-3.6988660684306103,4,137.0,1,5,0.24,292,246
14.0,50.0,40.45647754255271,-3.704837886020866,4,122.0,10,6,0.52,20,349
16.0,51.0,40.40483529999999,-3.6797947,4,96.0,2,69,3.35,1,40
17.0,61.0,40.4105723,-3.6975687,3,49.0,2,107,5.41,1,166
17.0,80.0,40.41905,-3.70553,4,36.0,1,45,2.16,5,291
17.0,80.0,40.41905,-3.70553,4,36.0,1,86,4.12,5,294
17.0,80.0,40.41905,-3.70553,4,40.0,1,57,2.73,5,292
17.0,80.0,40.41905,-3.70553,4,64.0,1,53,2.62,5,277
15.0,39.0,40.430828,-3.715132,3,64.0,3,47,2.37,2,334
18.0,73.0,40.4234909,-3.6707614,4,105.0,1,23,1.09,6,67
13.0,59.0,40.41256,-3.72122,4,146.0,1,13,0.62,77,277
4.0,57.0,40.46243,-3.61676,4,90.0,2,9,0.45,1,20
10.0,45.0,40.42596,-3.65401,4,77.0,1,42,6.15,2,73
14.0,71.0,40.47026,-3.69063,4,121.0,1,154,8.16,18,155
17.0,66.0,40.421685,-3.703478,4,83.0,3,101,4.82,3,25
15.0,66.0,40.43548523824485,-3.705009070811233,4,97.0,1,59,2.83,181,272
12.0,61.0,40.47376816653869,-3.640025518834592,4,80.0,2,41,1.96,1,78
13.0,60.0,40.4046025,-3.6946158,3,133.0,1,148,7.96,8,85
15.0,69.0,40.435475697588686,-3.697537070091952,3,60.0,2,24,1.42,2,247
17.0,77.0,40.427520889532616,-3.695555763160137,3,70.0,1,2,0.11,4,92
17.0,77.0,40.42597,-3.69712,3,134.0,1,66,3.14,4,102
15.0,64.0,40.42810619916921,-3.695811617507511,3,155.0,1,63,3.36,4,100
15.0,69.0,40.43528,-3.69641,3,60.0,2,19,1.19,2,251
15.0,64.0,40.43008881640171,-3.7034523456510646,4,120.0,6,49,2.34,4,200
15.0,69.0,40.42756,-3.69543,3,155.0,1,10,0.53,4,94
7.0,21.0,40.38030728911187,-3.607532636075629,3,31.0,1,0,0.0,1,87
17.0,61.0,40.4080856982736,-3.709809418480992,4,110.0,2,89,4.25,1,83
15.0,69.0,40.42976835877853,-3.696213132549905,4,100.0,5,46,2.22,30,16
14.0,50.0,40.46032,-3.705,4,68.0,1,2,0.13,77,333
10.0,47.0,40.44084,-3.63869,4,122.0,1,9,0.45,77,318
14.0,52.0,40.44897,-3.70476,4,128.0,1,92,4.46,2,338
17.0,66.0,40.42491128325212,-3.702868438620679,4,102.0,1,39,2.61,292,286
8.0,48.0,40.3919485586908,-3.66867700731617,4,72.0,3,10,0.48,1,27
16.0,84.0,40.45942,-3.67801,4,87.0,30,17,0.8,1,241
6.0,17.0,40.3835928,-3.7295434,3,40.0,5,0,0.0,1,263
15.0,66.0,40.43295235247383,-3.705931470725981,4,129.0,27,9,0.43,1,349
17.0,61.0,40.40784980047994,-3.7085683016501614,4,65.0,3,10,0.5,7,230
13.0,60.0,40.40461,-3.70142,4,111.0,3,10,0.52,1,1
17.0,61.0,40.40917794431094,-3.7036964669823647,4,125.0,3,22,1.14,5,325
17.0,79.0,40.4141,-3.70072,4,132.0,2,39,2.19,4,293
9.0,32.0,40.4375497,-3.6105357,4,72.0,1,6,0.31,24,315
16.0,80.0,40.39876214414225,-3.6727321645853497,4,105.0,4,49,2.36,292,64
6.0,42.0,40.392307,-3.709144,3,38.0,1,40,2.19,1,132
17.0,66.0,40.42159279291867,-3.703324293764796,4,136.0,4,23,1.11,24,47
6.0,58.0,40.38163491568763,-3.713135549924769,4,93.0,7,4,1.04,8,353
8.0,12.0,40.38393,-3.64816,4,63.0,7,0,0.0,8,364
17.0,80.0,40.41712262639052,-3.7053585434436056,4,133.0,1,13,0.87,77,301
17.0,80.0,40.41876,-3.70499,4,117.0,1,1,0.22,77,265
17.0,80.0,40.4148752,-3.7075122,4,136.0,1,68,3.41,1,241
18.0,73.0,40.42855843746664,-3.672636321395428,4,159.0,2,15,0.78,72,2
17.0,76.0,40.416159687,-3.7126513,1,30.0,1,188,9.34,5,108
10.0,41.0,40.42740196581569,-3.637815116532897,4,93.0,2,70,3.36,18,167
10.0,41.0,40.427385631627416,-3.637841938623045,4,87.0,1,86,4.16,18,155
10.0,41.0,40.42734071258923,-3.637863396295165,4,90.0,1,56,2.68,18,161
17.0,66.0,40.42384,-3.70939,4,141.0,1,46,2.37,6,339
10.0,41.0,40.4274183,-3.6380136,4,91.0,1,57,2.73,18,159
6.0,39.0,40.39736,-3.73324,3,39.0,1,0,0.0,1,269
14.0,63.0,40.45213,-3.70314,4,159.0,1,60,2.9,334,119
18.0,63.0,40.43182042738093,-3.671502467493776,4,159.0,1,100,4.82,3,292
15.0,67.0,40.4464,-3.69898,3,53.0,2,70,3.37,11,50
17.0,66.0,40.4274931231956,-3.705989670417603,4,120.0,20,5,0.31,21,170
17.0,77.0,40.42542868990592,-3.6927539698470833,4,148.0,3,45,2.17,15,150
17.0,61.0,40.4076724,-3.7062083,4,143.0,28,14,0.68,1,20
13.0,49.0,40.3948356,-3.6995988,3,8.0,1,0,0.0,1,85
13.0,49.0,40.39333,-3.69592,4,92.0,2,11,0.53,3,42
17.0,80.0,40.41893,-3.70492,4,124.0,1,8,0.4,4,289
17.0,77.0,40.42151,-3.698371,4,129.0,1,108,5.19,11,318
10.0,61.0,40.4393076,-3.649248,3,29.0,1,0,0.0,1,254
3.0,12.0,40.38909,-3.75895,3,80.0,1,0,0.0,1,269
18.0,82.0,40.42375,-3.68951,4,137.0,1,22,1.1,1,348
17.0,76.0,40.409987,-3.7171135,4,127.0,4,80,3.98,2,149
6.0,45.0,40.38859,-3.72096,3,26.0,1,3,0.27,1,250
9.0,32.0,40.4376719563625,-3.608739101149364,4,137.0,2,24,1.3,3,195
17.0,80.0,40.4141362,-3.7044199,4,120.0,2,65,3.18,1,347
17.0,77.0,40.42151,-3.698371399999999,4,118.0,1,78,3.86,11,325
17.0,61.0,40.410218,-3.709126,4,114.0,1,107,5.18,11,323
9.0,24.0,40.43707,-3.63248,4,59.0,1,1,1.0,1,6
17.0,61.0,40.4101392,-3.699745,4,135.0,1,121,5.79,11,311
17.0,76.0,40.4096016,-3.7119755,4,124.0,1,95,4.6,11,313
17.0,61.0,40.41159589999999,-3.7061003,4,143.0,1,98,4.72,11,312
17.0,76.0,40.42249,-3.71114,4,161.0,5,31,1.49,24,335
17.0,76.0,40.41647,-3.71042,3,51.0,2,33,1.64,33,136
12.0,27.0,40.4596115,-3.6514127,4,110.0,1,22,1.06,3,58
3.0,29.0,40.40537,-3.73678,4,128.0,1,23,1.13,2,333
10.0,45.0,40.43087848592241,-3.6515479534864426,3,32.0,1,7,1.11,3,356
1.0,13.0,40.4035192,-3.6071585,4,111.0,2,78,3.79,2,216
14.0,71.0,40.47026,-3.69063,4,119.0,1,178,9.42,18,176
14.0,71.0,40.473663948101695,-3.692377362281346,3,25.0,3,0,0.0,2,329
10.0,45.0,40.431914979161455,-3.650655897171532,3,33.0,1,16,0.8,3,264
17.0,61.0,40.411100744705685,-3.704984286439772,4,48.0,30,0,0.0,1,254
15.0,67.0,40.43919168665583,-3.692065903940095,4,128.0,1,16,0.9,5,262
10.0,62.0,40.47249640461346,-3.671033709128587,4,150.0,4,8,0.39,1,94
17.0,77.0,40.419704385744886,-3.699476783737397,4,141.0,2,127,6.16,5,113
14.0,71.0,40.47377339170812,-3.6888198380981496,4,138.0,28,47,2.34,1,309
17.0,61.0,40.41309286517991,-3.706889298406689,4,78.0,2,103,5.12,2,23
17.0,61.0,40.41306,-3.70564,3,70.0,3,26,1.28,1,3
17.0,66.0,40.421146,-3.702827,3,52.0,1,133,6.39,6,225
17.0,61.0,40.41051849999999,-3.7005021,4,130.0,1,0,0.0,1,137
2.0,49.0,40.41066,-3.64533,4,130.0,2,32,1.62,120,71
6.0,32.0,40.383586939820624,-3.696682442576373,4,117.0,4,12,0.61,5,149
6.0,7.0,40.37625038766711,-3.689998760819435,4,103.0,2,0,0.0,1,241
12.0,61.0,40.47059,-3.65002,3,78.0,7,6,0.3,1,79
14.0,63.0,40.4475505,-3.6987219,3,50.0,1,42,2.04,10,208
16.0,66.0,40.4413749,-3.6727224,4,133.0,1,78,3.8,19,317
14.0,63.0,40.4475505,-3.6987219,3,121.0,1,26,1.26,10,223
14.0,50.0,40.45788194504529,-3.702068856136929,4,90.0,1,57,2.9,1,258
17.0,76.0,40.41352811030442,-3.709557645254045,4,80.0,30,5,0.4,4,322
6.0,8.0,40.36963939960597,-3.715328902269761,3,45.0,1,38,2.35,3,121
17.0,66.0,40.4284544,-3.702801099999999,4,81.0,1,4,0.19,24,315
3.0,29.0,40.4071942,-3.7330811,4,146.0,2,28,1.44,4,350
17.0,80.0,40.420107575409055,-3.707392551004887,4,126.0,2,116,5.82,1,82
17.0,77.0,40.42045282053305,-3.6993412008888713,4,106.0,2,156,7.75,2,88
14.0,65.0,40.46115,-3.69749,4,128.0,2,39,1.94,2,270
12.0,54.0,40.48639,-3.65593,3,40.0,2,38,1.88,3,16
14.0,63.0,40.4475505,-3.6987219,3,121.0,1,12,0.59,10,232
14.0,63.0,40.4475505,-3.6987219,3,121.0,1,6,0.3,10,222
14.0,63.0,40.4475505,-3.6987219,3,121.0,1,15,0.74,10,219
14.0,63.0,40.44794,-3.69983,3,121.0,1,28,1.37,10,231
17.0,66.0,40.4212889,-3.7031182,3,70.0,1,51,4.29,12,345
17.0,66.0,40.4212889,-3.7031182,3,71.0,1,60,3.09,12,337
3.0,11.0,40.403880123827456,-3.737908873224662,3,36.0,2,59,2.98,2,56
17.0,80.0,40.417472852404565,-3.7064068391919136,3,58.0,1,187,9.46,1,70
3.0,29.0,40.40860440557047,-3.735587490960581,3,42.0,5,43,2.48,4,18
12.0,27.0,40.46087210442929,-3.654574080020438,3,90.0,1,2,0.18,8,269
17.0,80.0,40.415395708202986,-3.705118273345042,4,114.0,1,19,1.03,77,326
8.0,12.0,40.37987056396361,-3.6372916364676087,4,92.0,4,48,2.41,2,293
6.0,56.0,40.36824111037822,-3.700200207531452,3,41.0,1,56,2.75,1,253
17.0,77.0,40.42375,-3.70049,4,151.0,1,5,0.25,1,318
16.0,84.0,40.46415,-3.66798,4,90.0,30,0,0.0,272,269
17.0,77.0,40.4245547,-3.6991939,4,139.0,30,3,0.18,249,48
15.0,69.0,40.43185,-3.69471,4,70.0,30,0,0.0,1,55
6.0,32.0,40.383430919037664,-3.695343529983573,4,106.0,4,2,0.13,5,134
16.0,51.0,40.4017798,-3.6754493,4,150.0,4,13,0.72,46,50
4.0,40.0,40.4749,-3.57937,3,50.0,5,2,0.11,6,224
13.0,59.0,40.41295,-3.72092,4,48.0,30,0,0.0,272,269
6.0,45.0,40.3866623,-3.7225907,4,90.0,4,8,0.49,43,270
6.0,56.0,40.3806727,-3.6934337,4,85.0,4,21,1.33,43,261
6.0,56.0,40.3806727,-3.6934337,4,114.0,4,13,0.73,43,254
15.0,69.0,40.43039,-3.69545,4,106.0,3,53,2.97,30,16
10.0,45.0,40.425985944409376,-3.6547831921118954,3,31.0,2,55,2.74,1,233
15.0,70.0,40.44097882880438,-3.714933168863792,4,95.0,2,87,4.31,1,60
6.0,39.0,40.3973608,-3.717747999999999,3,34.0,3,32,1.61,2,245
3.0,29.0,40.41313,-3.72816,3,25.0,1,0,0.0,1,249
6.0,58.0,40.385082618064445,-3.711826407927215,3,38.0,1,34,1.67,12,239
14.0,57.0,40.46813,-3.70294,3,65.0,1,12,0.6,12,250
10.0,36.0,40.4869025,-3.6900548,3,58.0,1,43,2.13,2,235
14.0,71.0,40.46806,-3.69647,4,87.0,14,8,0.45,7,351
17.0,80.0,40.419139473702536,-3.7074902327771264,3,130.0,1,21,1.2,5,336
17.0,76.0,40.41934378697571,-3.7085306906669553,3,162.0,1,3,0.24,5,332
9.0,32.0,40.43993368529266,-3.612904466187965,3,23.0,4,16,0.81,17,247
17.0,79.0,40.41375,-3.69765,4,142.0,5,35,1.79,12,11
18.0,60.0,40.42814149777335,-3.6629485614915542,4,154.0,1,14,0.7,4,164
6.0,7.0,40.37488291123066,-3.690636420822984,3,63.0,2,10,1.46,120,81
6.0,7.0,40.37446,-3.69278,3,40.0,2,10,0.95,120,79
6.0,7.0,40.37582,-3.69111,3,40.0,1,4,0.26,120,74
6.0,7.0,40.37435758975612,-3.692101811099271,3,52.0,2,4,0.67,120,81
17.0,61.0,40.4129266,-3.7059896,3,135.0,30,0,0.0,3,365
17.0,79.0,40.412424620936,-3.6984526678279472,4,94.0,8,38,1.95,1,220
8.0,10.0,40.38349206647804,-3.673915565013886,3,22.0,4,22,1.22,1,102
17.0,61.0,40.41007091515361,-3.702222013738152,4,82.0,1,111,6.5,1,55
17.0,66.0,40.42647549183509,-3.706108443439007,4,108.0,5,13,0.64,1,244
17.0,77.0,40.41992,-3.69975,4,159.0,2,4,0.21,20,319
17.0,61.0,40.41116230775282,-3.698557390843214,4,104.0,3,75,3.73,3,309
14.0,57.0,40.46806,-3.70277,3,40.0,1,20,0.99,12,253
17.0,61.0,40.40827016967869,-3.703426913595053,4,94.0,5,54,2.69,2,96
17.0,61.0,40.40899,-3.70231,4,88.0,1,40,2.01,2,149
17.0,61.0,40.41222,-3.70212,3,57.0,1,89,4.38,20,57
17.0,61.0,40.41376311044263,-3.702580213167283,3,59.0,1,143,7.06,20,72
10.0,35.0,40.43984360405842,-3.650886666306549,4,102.0,2,62,3.12,2,69
6.0,17.0,40.3834374,-3.7302005,3,33.0,1,174,8.76,3,66
10.0,61.0,40.44036,-3.64946,4,80.0,2,77,3.87,2,71
10.0,36.0,40.48482125471039,-3.6887925426527417,4,148.0,1,16,0.8,1,297
6.0,7.0,40.37657692120591,-3.690940996694229,4,83.0,2,114,5.67,1,294
16.0,59.0,40.44446953192957,-3.690884225070477,4,128.0,30,0,0.0,1,87
10.0,41.0,40.43245352104215,-3.63921349790607,3,43.0,3,73,3.66,2,149
16.0,51.0,40.405175853491,-3.6787039786577225,3,48.0,1,71,3.51,1,91
10.0,45.0,40.4303742086323,-3.658210106655645,3,120.0,1,0,0.0,1,365
6.0,42.0,40.39570966406136,-3.708942733499864,4,146.0,3,63,3.18,1,237
18.0,63.0,40.436029774747496,-3.6725120925125263,4,85.0,3,37,1.86,292,281
15.0,70.0,40.44402254523819,-3.7131349968238303,4,121.0,2,7,0.36,120,70
15.0,70.0,40.44399293383832,-3.713109628569652,4,112.0,2,24,1.23,120,78
15.0,70.0,40.44378474871727,-3.711957258138214,4,101.0,2,29,1.49,120,81
15.0,70.0,40.4438037126959,-3.713426922749262,4,107.0,2,9,1.53,120,80
15.0,70.0,40.442371245186735,-3.7119013409128754,4,122.0,2,19,1.25,120,79
15.0,70.0,40.442771138400914,-3.713886945226909,4,111.0,2,22,1.13,120,76
15.0,70.0,40.44228633245026,-3.713923691749804,4,87.0,2,24,1.24,120,76
15.0,70.0,40.44254,-3.71181,4,103.0,2,25,1.29,120,68
15.0,70.0,40.44246918197815,-3.714023500567114,4,124.0,2,24,1.24,120,82
15.0,70.0,40.44201,-3.71332,4,118.0,2,38,1.94,120,85
15.0,70.0,40.44240997531728,-3.713571722407892,4,108.0,2,27,1.37,120,81
8.0,41.0,40.40363,-3.65788,4,77.0,1,38,1.92,10,334
13.0,55.0,40.4044291,-3.7025434,4,98.0,1,28,1.42,92,341
17.0,76.0,40.42106894366587,-3.7126935753807486,3,156.0,1,0,0.0,77,257
17.0,76.0,40.42066,-3.71324,3,156.0,1,0,0.0,77,257
17.0,76.0,40.42113,-3.7126,3,156.0,1,0,0.0,77,257
17.0,76.0,40.41937439549417,-3.711602424246689,3,156.0,1,0,0.0,77,257
17.0,66.0,40.42122504846239,-3.7028418481349945,3,43.0,1,105,5.36,6,284
3.0,29.0,40.412399369678376,-3.7300860980592345,4,45.0,1,14,0.79,1,115
17.0,61.0,40.41029,-3.70144,4,54.0,2,0,0.0,1,221
17.0,79.0,40.41141880000001,-3.6947149,4,116.0,3,140,7.05,12,41
17.0,79.0,40.41141880000001,-3.6947149,4,122.0,2,100,5.06,12,62
17.0,66.0,40.42081724991901,-3.704942330889929,4,72.0,1,0,0.0,1,81
16.0,66.0,40.44175,-3.67587,4,123.0,2,77,4.33,8,144
14.0,71.0,40.47191,-3.69018,3,49.0,1,3,0.86,1,193
3.0,29.0,40.409265,-3.7393717,4,113.0,5,3,0.24,2,52
17.0,61.0,40.40966,-3.70588,4,88.0,2,77,3.94,3,228
4.0,57.0,40.4709505,-3.5873409,4,126.0,1,330,16.45,5,190
17.0,61.0,40.41321,-3.70098,4,111.0,10,10,0.5,1,74
6.0,56.0,40.370818343157424,-3.694985723958789,4,118.0,3,44,2.23,2,142
10.0,61.0,40.43662,-3.65328,3,44.0,1,0,0.0,2,254
17.0,76.0,40.42031599783796,-3.707613809138441,4,93.0,1,19,0.97,181,326
3.0,18.0,40.37215899640892,-3.7728952767211887,4,48.0,14,0,0.0,1,184
17.0,61.0,40.40812,-3.70855,4,90.0,1,6,0.38,23,160
14.0,52.0,40.45290839468393,-3.709844431850848,4,108.0,30,15,0.81,5,145
17.0,61.0,40.40968,-3.70199,4,81.0,5,47,2.39,2,72
10.0,41.0,40.43064,-3.6422,4,126.0,3,40,2.28,1,228
6.0,7.0,40.37082,-3.69303,4,118.0,3,52,2.69,2,109
8.0,48.0,40.394126881557376,-3.6669344220960114,4,103.0,3,40,2.04,1,315
14.0,63.0,40.45498179903903,-3.701140071027464,4,79.0,1,51,2.6,292,275
14.0,63.0,40.45694,-3.70123,4,85.0,1,24,1.24,292,313
14.0,63.0,40.454880378391046,-3.700438227285415,4,98.0,1,21,1.06,292,279
14.0,63.0,40.45522765766092,-3.69986140112251,4,90.0,1,19,1.07,292,301
14.0,63.0,40.45488,-3.69888,4,100.0,7,18,0.92,292,324
18.0,83.0,40.42955848344428,-3.685968884941044,4,123.0,5,21,1.04,11,217
17.0,66.0,40.42915910000001,-3.7081133,4,96.0,1,9,0.45,24,280
13.0,60.0,40.4046025,-3.6946158,3,124.0,1,27,1.63,8,77
10.0,45.0,40.4302237,-3.6520463,4,96.0,2,2,0.16,1,53
13.0,49.0,40.3980474,-3.700591599999999,4,111.0,2,72,3.62,1,4
17.0,66.0,40.42310368221831,-3.705250122672763,4,130.0,3,30,1.57,8,157
17.0,66.0,40.4209708,-3.7033754,3,139.0,1,20,1.0,120,346
9.0,45.0,40.44079,-3.56985,4,72.0,4,22,1.24,13,326
9.0,45.0,40.44262120362765,-3.56965737605954,4,72.0,4,17,0.91,13,307
17.0,79.0,40.415303628956885,-3.7012830883605994,4,115.0,5,78,4.15,1,270
17.0,66.0,40.4209708,-3.7033754,3,146.0,1,37,1.86,120,356
17.0,66.0,40.4209708,-3.7033754,3,124.0,1,14,0.99,120,332
17.0,66.0,40.4209708,-3.7033754,3,129.0,1,10,0.5,120,347
17.0,66.0,40.4209708,-3.7033754,3,123.0,1,23,1.64,120,333
10.0,53.0,40.47568099637958,-3.711107181568553,4,101.0,3,56,2.99,1,130
17.0,66.0,40.42080849294618,-3.704358972609043,4,129.0,3,52,2.69,1,340
18.0,60.0,40.42154001570608,-3.6657961937575223,4,127.0,1,17,1.17,1,288
10.0,61.0,40.43243740591908,-3.6564793080062814,4,110.0,1,8,0.4,1,257
16.0,59.0,40.44677432911104,-3.6720463571960646,4,96.0,2,31,1.6,1,310
13.0,60.0,40.40407772789236,-3.701134711668636,4,140.0,2,0,0.0,1,89
3.0,5.0,40.3969171,-3.7694677,4,103.0,3,48,2.54,1,67
14.0,65.0,40.45991,-3.69837,3,52.0,2,37,1.86,3,268
6.0,17.0,40.37730039826971,-3.7451422559779126,4,79.0,25,10,0.54,3,151
9.0,32.0,40.439854344078,-3.610788052202624,3,30.0,1,5,0.26,17,247
17.0,66.0,40.42527225827761,-3.704506363778723,4,123.0,3,82,4.18,1,225
13.0,59.0,40.4062,-3.71472,4,134.0,1,25,1.26,292,194
17.0,66.0,40.42479230488193,-3.7102310073786366,4,154.0,1,50,2.54,1,125
15.0,70.0,40.44196575117088,-3.713201803332555,4,128.0,2,39,2.01,120,80
15.0,70.0,40.44400804484512,-3.711710579918457,4,99.0,2,21,1.09,120,76
15.0,70.0,40.44342,-3.71372,4,111.0,2,44,2.26,120,65
15.0,70.0,40.44260638355891,-3.711824325770883,4,98.0,2,26,1.41,120,76
15.0,70.0,40.44257971119328,-3.7137286367170974,4,116.0,2,21,2.43,120,71
15.0,70.0,40.44402084890259,-3.712141264966183,4,118.0,2,16,0.82,120,81
15.0,70.0,40.44419044354164,-3.71236142327503,4,123.0,2,14,0.91,120,74
15.0,70.0,40.442091553864365,-3.7118403700858416,4,104.0,2,36,2.94,120,73
15.0,70.0,40.44206,-3.71169,4,108.0,2,29,1.84,120,75
13.0,60.0,40.4045,-3.69529,4,98.0,1,167,8.36,9,343
6.0,22.0,40.37402609999999,-3.750201,3,120.0,1,0,0.0,4,269
13.0,60.0,40.4050349,-3.6932753,4,111.0,1,0,0.0,1,57
15.0,64.0,40.42929,-3.70345,4,120.0,5,22,1.13,33,256
17.0,80.0,40.4183453,-3.704466,4,80.0,1,196,9.85,16,66
16.0,51.0,40.4067331,-3.6819716,3,65.0,1,43,2.36,1,80
3.0,29.0,40.41040019528636,-3.726273511959066,3,49.0,2,6,0.36,3,73
9.0,4.0,40.42617426008909,-3.619840713025857,3,40.0,1,19,0.98,2,68
13.0,60.0,40.40481234572688,-3.6940263809509233,4,93.0,1,74,7.68,4,207
15.0,64.0,40.42944108108847,-3.7020171047074046,4,104.0,1,0,0.0,1,222
17.0,66.0,40.42330796716133,-3.703467601088248,4,143.0,4,15,0.8,107,27
18.0,73.0,40.42314,-3.67994,4,118.0,1,121,6.24,3,92
13.0,60.0,40.40567,-3.6937,4,99.0,1,63,6.54,4,206
13.0,60.0,40.40485410000001,-3.6942195,4,103.0,1,66,6.9,4,205
13.0,60.0,40.40373807867861,-3.6933592534225785,4,89.0,1,63,6.63,4,206
17.0,76.0,40.416805667973264,-3.7114964915293,4,134.0,1,10,0.51,1,286
17.0,80.0,40.4197502,-3.7002221,3,115.0,1,25,1.4,11,306
17.0,80.0,40.4197502,-3.7002221,3,124.0,1,2,1.0,11,235
17.0,80.0,40.4197502,-3.7002221,4,129.0,1,31,3.08,11,307
17.0,66.0,40.42733,-3.70596,4,158.0,2,78,3.92,1,90
17.0,61.0,40.40941246054848,-3.698838800578404,4,74.0,3,81,4.18,1,316
10.0,45.0,40.426319715570536,-3.656875891683576,3,48.0,1,76,3.92,3,337
17.0,66.0,40.4241623564626,-3.707287944853306,4,108.0,1,61,3.13,2,8
16.0,64.0,40.45723244810053,-3.673174032211717,3,72.0,1,0,0.0,1,263
17.0,77.0,40.4245547,-3.6991939,4,154.0,5,53,2.7,3,25
17.0,76.0,40.41927,-3.71218,4,143.0,3,38,2.38,1,4
18.0,73.0,40.42499,-3.67351,4,60.0,30,0,0.0,272,270
15.0,69.0,40.43627078344752,-3.698223156430369,3,143.0,4,14,0.77,4,225
17.0,66.0,40.42478,-3.70113,3,76.0,3,37,1.99,1,245
14.0,71.0,40.467547,-3.6973329,4,116.0,30,3,0.2,7,337
14.0,71.0,40.467547,-3.6973329,4,116.0,30,0,0.0,7,332
14.0,71.0,40.467547,-3.6973329,4,109.0,14,0,0.0,7,258
17.0,61.0,40.40779,-3.70649,4,107.0,5,31,1.58,1,133
13.0,55.0,40.39817996767202,-3.704293880560863,4,128.0,1,92,5.03,2,189
8.0,12.0,40.38534206407192,-3.650245690141277,4,68.0,7,1,0.1,8,364
6.0,58.0,40.37948842355369,-3.713170072425701,4,93.0,7,1,0.12,8,365
15.0,64.0,40.436782431578685,-3.7005587657795136,4,161.0,3,40,2.15,1,251
13.0,49.0,40.39274,-3.69495,3,34.0,2,23,1.2,1,222
17.0,66.0,40.4222024,-3.7059427,4,146.0,3,65,3.34,3,108
8.0,41.0,40.3947,-3.66136,4,80.0,14,11,0.59,1,192
12.0,54.0,40.48849233744927,-3.666602186858654,4,77.0,2,97,5.19,2,264
6.0,32.0,40.38192,-3.7039,3,30.0,1,0,0.0,1,269
10.0,45.0,40.4270290767404,-3.646648173165615,4,65.0,15,8,0.48,14,30
17.0,79.0,40.41319791565469,-3.695397849066248,4,85.0,3,114,5.76,25,35
10.0,36.0,40.50354,-3.66993,4,68.0,1,10,0.52,1,170
17.0,80.0,40.41983814200469,-3.702394271349303,4,155.0,4,0,0.0,3,338
8.0,41.0,40.40408239003418,-3.661047331988812,3,50.0,2,25,1.3,1,265
10.0,41.0,40.4264449,-3.6401319,3,47.0,2,16,0.94,1,70
17.0,61.0,40.40877,-3.70916,4,123.0,1,13,0.71,181,173
8.0,48.0,40.38496697777323,-3.666511257548622,3,32.0,3,54,2.9,1,151
17.0,79.0,40.41753092622975,-3.6952809080030176,4,143.0,3,31,1.89,2,32
17.0,66.0,40.42441,-3.70513,4,76.0,1,2,0.11,95,299
11.0,47.0,40.45847,-3.77973,3,91.0,2,56,2.92,2,254
17.0,76.0,40.41778711720467,-3.712132563127811,3,70.0,30,41,2.12,33,159
17.0,76.0,40.41751,-3.71236,3,56.0,7,16,0.96,33,155
17.0,76.0,40.41806,-3.71167,3,62.0,30,13,0.73,33,128
17.0,76.0,40.41592140453236,-3.710950321444459,3,62.0,2,31,1.62,33,129
12.0,27.0,40.4658736138864,-3.6288941540203656,3,39.0,1,10,0.88,1,100
6.0,45.0,40.38931,-3.72883,4,71.0,1,91,4.92,1,206
17.0,66.0,40.42297556216374,-3.709380012281858,3,63.0,2,15,2.9,6,324
17.0,61.0,40.4124678,-3.6998479,4,104.0,1,44,2.39,2,282
17.0,61.0,40.40952,-3.70389,4,87.0,3,14,0.77,1,26
17.0,80.0,40.41806,-3.7034,4,112.0,1,2,0.13,87,278
17.0,77.0,40.42003,-3.6998,4,99.0,1,2,0.15,87,300
14.0,50.0,40.45807,-3.70488,3,49.0,1,59,3.12,1,84
17.0,66.0,40.4220797,-3.706093999999999,4,146.0,3,56,3.07,3,121
17.0,61.0,40.41301,-3.70703,3,75.0,2,133,6.84,5,253
15.0,70.0,40.44673,-3.70606,4,91.0,1,83,4.45,1,333
17.0,66.0,40.42498,-3.70703,4,118.0,2,83,4.49,3,81
12.0,27.0,40.46585519889738,-3.648592086486272,4,83.0,4,28,1.7,36,257
10.0,47.0,40.43765,-3.64216,3,39.0,1,0,0.0,1,265
6.0,25.0,40.38572138497349,-3.7398198413448536,3,39.0,1,58,3.09,2,16
3.0,29.0,40.40784,-3.73901,4,62.0,1,87,4.6,1,31
10.0,85.0,40.4745,-3.74182,4,151.0,2,26,1.55,120,84
10.0,85.0,40.47610115838311,-3.742301819587252,4,137.0,2,32,1.7,120,82
10.0,85.0,40.47460966410316,-3.74179478728667,4,128.0,2,43,2.19,120,84
17.0,80.0,40.41690378669455,-3.701647916405678,4,152.0,3,64,3.3,5,214
17.0,76.0,40.42163,-3.70985,4,125.0,1,182,9.25,3,197
10.0,47.0,40.43404,-3.65407,4,105.0,1,11,0.57,181,5
14.0,71.0,40.46653,-3.69551,4,104.0,1,11,0.56,5,270
14.0,71.0,40.46629,-3.69593,4,110.0,1,16,0.82,5,293
14.0,71.0,40.46664037565626,-3.6940503458324967,4,101.0,1,18,0.93,5,236
17.0,77.0,40.42169,-3.69945,3,139.0,1,10,0.58,6,78
17.0,77.0,40.42091,-3.70128,3,145.0,1,5,0.57,6,95
17.0,77.0,40.42051577684499,-3.69937338286758,3,61.0,1,3,0.28,6,51
17.0,77.0,40.42168282174435,-3.699303341640981,3,50.0,1,180,9.26,6,118
17.0,79.0,40.4160768499514,-3.7009969474094975,4,139.0,3,44,2.32,5,244
15.0,64.0,40.43199173998681,-3.69826418736326,4,140.0,1,3,0.16,2,60
17.0,66.0,40.4227608,-3.7023299,4,160.0,3,19,1.57,1,106
17.0,80.0,40.41651715466658,-3.7044652551412582,4,100.0,3,22,1.14,2,72
17.0,61.0,40.40781,-3.70136,4,106.0,1,82,4.58,26,154
17.0,80.0,40.4169134906932,-3.703906495078316,4,67.0,1,3,0.19,2,156
15.0,64.0,40.43150042443708,-3.70497116126978,4,67.0,1,1,0.16,2,99
5.0,3.0,40.3517459,-3.6952067,3,40.0,1,0,0.0,2,267
17.0,61.0,40.41064722383187,-3.7014835093467777,4,104.0,1,76,4.04,292,32
14.0,57.0,40.46606,-3.69613,4,111.0,1,10,0.52,5,311
14.0,71.0,40.46510869500479,-3.6940269543551687,4,109.0,1,13,0.68,5,290
17.0,61.0,40.40773196197811,-3.703595912250084,4,81.0,1,80,4.29,141,331
14.0,71.0,40.47026,-3.69063,4,111.0,1,158,8.36,18,211
9.0,45.0,40.4437708,-3.5823827,4,114.0,4,8,0.44,20,325
17.0,61.0,40.41342,-3.7051,4,126.0,1,31,1.62,4,349
17.0,77.0,40.42046,-3.69867,4,114.0,1,24,1.25,292,306
17.0,79.0,40.4121616,-3.6951113,4,145.0,30,2,0.14,13,89
13.0,46.0,40.39838,-3.6944,4,144.0,2,110,5.68,1,182
6.0,28.0,40.3901,-3.70219,4,93.0,1,80,4.37,141,352
10.0,75.0,40.44844,-3.66128,3,52.0,2,9,0.5,1,2
14.0,50.0,40.46205,-3.7053,4,145.0,3,70,3.65,292,302
12.0,27.0,40.4649755,-3.6482502,4,85.0,4,9,0.5,43,260
10.0,45.0,40.42910144833605,-3.645907546401116,4,98.0,1,13,0.7,4,326
10.0,41.0,40.42928827726374,-3.644625032786799,4,93.0,2,26,1.37,4,302
14.0,71.0,40.47026,-3.69063,4,113.0,1,162,8.59,18,246
17.0,80.0,40.4199,-3.70189,4,106.0,2,94,5.09,3,237
17.0,79.0,40.41424955993864,-3.702091316434768,4,138.0,1,50,2.87,7,317
17.0,79.0,40.41464122293016,-3.7002766214698792,4,150.0,1,95,4.95,13,78
6.0,17.0,40.37504568628403,-3.7419177885735806,4,90.0,2,19,0.98,4,246
5.0,15.0,40.3523304,-3.6813598,3,68.0,1,64,3.29,1,38
14.0,63.0,40.4518207,-3.6983,4,133.0,2,13,0.74,6,105
17.0,61.0,40.4081617743152,-3.7042432643865015,3,61.0,1,40,2.14,6,314
14.0,50.0,40.45806,-3.70895,4,135.0,1,5,0.26,334,2
17.0,80.0,40.41981,-3.7004,4,139.0,2,123,6.41,3,227
16.0,70.0,40.41831,-3.67688,4,112.0,5,44,2.3,21,112
15.0,69.0,40.42896,-3.69538,4,95.0,5,61,3.14,30,16
15.0,69.0,40.43029,-3.69583,4,96.0,5,61,3.18,30,25
15.0,64.0,40.42868,-3.69978,4,105.0,3,99,5.13,25,38
13.0,49.0,40.39777,-3.70079,4,85.0,1,3,0.17,292,260
17.0,66.0,40.42844,-3.70857,4,117.0,1,18,1.01,1,22
18.0,83.0,40.43700700718132,-3.681352801388873,4,77.0,30,0,0.0,272,240
17.0,76.0,40.42096,-3.70736,4,152.0,2,13,0.76,5,138
17.0,61.0,40.411070129454416,-3.706600913522193,3,53.0,1,16,0.89,5,324
17.0,61.0,40.41007493340262,-3.70623878751202,3,47.0,1,23,1.2,5,342
17.0,61.0,40.41193834625579,-3.706048635352505,3,55.0,1,29,1.51,5,333
17.0,61.0,40.40975857275188,-3.7046508732773455,3,48.0,1,23,1.21,5,329
17.0,61.0,40.41051,-3.70461,3,53.0,1,23,1.23,5,325
17.0,66.0,40.42645122418722,-3.708159039456567,4,76.0,2,101,5.22,1,158
8.0,12.0,40.3942012,-3.651353299999999,4,115.0,2,82,5.66,3,186
12.0,54.0,40.48691,-3.66972,4,128.0,5,15,0.81,1,71
14.0,71.0,40.47026,-3.69063,4,107.0,1,136,7.25,18,232
16.0,59.0,40.44827,-3.67132,4,115.0,1,63,3.3,292,175
17.0,66.0,40.424142388419966,-3.702902273147501,4,119.0,1,34,1.81,77,6
11.0,70.0,40.43273855528072,-3.719437726479954,4,143.0,1,18,1.03,6,60
17.0,66.0,40.4225791,-3.7037051,4,150.0,3,47,2.74,13,230
14.0,57.0,40.46768,-3.70865,4,92.0,30,24,1.25,28,293
17.0,76.0,40.41181,-3.71351,4,89.0,1,35,1.88,8,307
17.0,76.0,40.41361,-3.71174,4,89.0,1,49,2.66,8,299
6.0,45.0,40.3962579795892,-3.718313297200466,3,38.0,3,44,2.35,2,232
2.0,23.0,40.40863978914706,-3.65890022367239,3,56.0,3,31,1.87,2,73
3.0,26.0,40.4005111,-3.7499348,3,38.0,1,0,0.0,1,263
11.0,46.0,40.45001356977653,-3.711650734095071,4,82.0,3,44,2.32,7,228
14.0,52.0,40.45086321039333,-3.710104005654429,4,78.0,3,54,2.88,7,212
14.0,52.0,40.45092,-3.70986,4,108.0,3,43,2.51,7,222
17.0,66.0,40.42528961526582,-3.701995032708929,4,143.0,30,23,1.2,1,5
17.0,61.0,40.40668,-3.70924,4,123.0,1,34,1.77,1,173
6.0,25.0,40.3856737,-3.740501,3,38.0,28,44,2.44,1,92
17.0,76.0,40.41152782181613,-3.711231856753078,4,154.0,2,107,5.65,8,76
14.0,50.0,40.4593702951487,-3.708353794150253,3,40.0,3,0,0.0,1,260
17.0,80.0,40.41784022717865,-3.70202323829721,4,94.0,2,18,0.96,62,323
12.0,54.0,40.4877899,-3.6713086,4,163.0,1,18,0.99,1,300
17.0,61.0,40.40880591766791,-3.694800372402815,4,107.0,1,40,2.4,1,144
10.0,36.0,40.4860555,-3.692627,3,101.0,1,3,0.46,11,301
10.0,36.0,40.4860555,-3.692627,3,101.0,1,0,0.0,11,280
13.0,46.0,40.39858329882442,-3.6949420720338817,4,72.0,3,89,4.83,1,69
18.0,82.0,40.42691065952853,-3.685536570847034,3,47.0,1,114,5.95,1,211
12.0,61.0,40.46926,-3.63949,4,70.0,1,128,6.68,1,93
10.0,41.0,40.4279666,-3.6309486,3,27.0,1,0,0.0,1,262
13.0,55.0,40.39756234127479,-3.7041164551557695,4,114.0,1,129,7.06,2,208
10.0,81.0,40.46044,-3.66018,4,121.0,1,0,0.0,7,283
18.0,82.0,40.42400041008973,-3.689009422897316,4,104.0,3,47,2.5,62,2
13.0,46.0,40.39488160883207,-3.6909392712358446,3,36.0,30,0,0.0,272,266
6.0,25.0,40.38140725533829,-3.745739798355979,3,25.0,5,7,1.07,3,318
17.0,66.0,40.42335018485757,-3.706675060093403,4,80.0,2,80,4.3,3,208
6.0,17.0,40.3783877,-3.7459023,3,39.0,1,31,2.01,11,6
6.0,17.0,40.3783877,-3.7459023,3,42.0,1,15,1.67,11,51
17.0,61.0,40.40784,-3.7037,4,64.0,1,17,0.96,181,304
17.0,61.0,40.40793226442481,-3.704570369766408,4,77.0,1,34,1.87,292,302
14.0,63.0,40.45060056752055,-3.698434971744191,4,133.0,2,4,0.23,6,120
14.0,63.0,40.4479056,-3.7016373,4,116.0,1,16,0.83,8,93
10.0,36.0,40.4927408688377,-3.6967046186327934,3,40.0,2,45,2.92,3,339
14.0,71.0,40.47026,-3.69063,4,113.0,1,140,7.42,18,234
14.0,63.0,40.4472981,-3.700145199999999,3,50.0,1,66,3.48,11,336
17.0,80.0,40.4161,-3.70196,4,49.0,30,0,0.0,272,254
17.0,76.0,40.41094,-3.71298,4,130.0,3,17,0.9,75,139
13.0,55.0,40.4026597934996,-3.70423419754937,4,121.0,1,88,4.84,292,236
4.0,57.0,40.4709419464309,-3.587755635380745,3,43.0,1,140,7.51,3,335
8.0,10.0,40.38177123046872,-3.672305904328823,3,38.0,5,14,0.76,1,169
10.0,61.0,40.4352577,-3.659212,4,139.0,3,27,1.44,5,224
17.0,61.0,40.410426008112346,-3.701299879038956,4,110.0,2,66,3.5,1,65
17.0,77.0,40.42355120000001,-3.7001403,4,100.0,4,42,2.22,3,41
10.0,62.0,40.46960252635127,-3.665090474620561,4,119.0,1,3,0.26,18,326
17.0,61.0,40.40814,-3.70124,4,78.0,7,42,2.23,8,250
10.0,62.0,40.46880916469742,-3.667027619680367,4,87.0,1,6,0.39,181,319
18.0,60.0,40.4289475,-3.664104499999999,3,48.0,1,64,3.37,1,78
17.0,61.0,40.41302,-3.70117,4,114.0,1,74,3.89,1,224
17.0,61.0,40.409760543489455,-3.701978996816475,4,115.0,1,14,0.81,181,334
15.0,67.0,40.44666098448408,-3.703268801656826,4,81.0,1,13,0.69,181,276
17.0,61.0,40.40989,-3.70027,4,95.0,3,79,4.32,93,77
14.0,63.0,40.44942246686503,-3.700644843081028,4,76.0,1,23,1.21,1,41
17.0,80.0,40.41835,-3.70156,4,127.0,2,0,0.0,2,350
17.0,80.0,40.42013914403713,-3.70428951118961,4,122.0,1,82,4.49,141,232
17.0,76.0,40.42239,-3.71109,4,143.0,5,45,2.38,24,348
10.0,45.0,40.42473665186265,-3.65321250793458,4,91.0,2,60,3.25,2,287
6.0,28.0,40.38734,-3.70535,3,59.0,1,8,1.1,6,352
8.0,37.0,40.389231156672935,-3.6555400863289833,4,107.0,2,161,8.5,6,224
14.0,52.0,40.4537389,-3.7040362,3,60.0,1,0,0.0,1,1
18.0,82.0,40.42389879934997,-3.690619085690152,4,137.0,1,92,5.06,1,59
17.0,80.0,40.41734,-3.70074,3,75.0,1,12,0.71,6,318
13.0,60.0,40.406047354102505,-3.696123103334979,4,87.0,30,2,0.12,272,132
17.0,80.0,40.41747812982438,-3.7027474861495135,3,123.0,1,2,0.15,6,318
11.0,47.0,40.45743,-3.78012,4,83.0,30,8,0.45,9,37
3.0,29.0,40.41328,-3.72501,4,100.0,1,21,1.11,54,329
14.0,52.0,40.451369739576144,-3.709708623232144,4,148.0,2,22,1.17,120,72
9.0,32.0,40.44409,-3.61363,3,25.0,1,7,1.63,1,263
3.0,10.0,40.38224,-3.78167,3,53.0,1,16,0.95,1,41
17.0,61.0,40.40845119999999,-3.7083152,4,89.0,2,86,4.57,27,14
11.0,46.0,40.462792504871246,-3.7486181703263695,3,60.0,1,0,0.0,1,264
17.0,76.0,40.412,-3.7136,4,124.0,1,30,1.66,1,130
17.0,61.0,40.40843,-3.70755,4,123.0,1,4,0.24,181,174
17.0,66.0,40.42344624376159,-3.708318317727408,4,117.0,1,38,2.22,1,159
16.0,78.0,40.414816514830406,-3.673842322868366,4,135.0,1,27,1.78,181,112
14.0,71.0,40.47021148106715,-3.6924737315350447,4,137.0,2,14,2.5,120,78
16.0,64.0,40.45518360518104,-3.6803986731330354,4,154.0,5,78,4.23,9,199
14.0,65.0,40.4610666,-3.6958241,4,107.0,2,91,5.09,2,130
13.0,72.0,40.38506236800138,-3.6919785378835375,4,146.0,2,23,1.45,120,80
13.0,72.0,40.38639,-3.69222,4,111.0,1,49,2.83,120,77
13.0,72.0,40.38674,-3.69075,4,143.0,2,36,2.08,120,80
17.0,76.0,40.41108061802071,-3.710891159580537,4,119.0,3,38,2.19,75,99
16.0,64.0,40.4579437,-3.6758754,4,103.0,1,73,3.86,1,66
17.0,76.0,40.41960576713444,-3.709133202827637,4,136.0,5,93,4.91,28,317
17.0,77.0,40.42301631848613,-3.697553380412715,4,131.0,3,57,3.02,1,237
16.0,64.0,40.45351,-3.68058,4,133.0,5,83,4.49,9,161
17.0,66.0,40.4224216,-3.7074789,4,113.0,3,85,4.71,9,175
17.0,80.0,40.41574588557658,-3.70443126005977,4,122.0,1,93,5.01,141,334
18.0,73.0,40.42633,-3.67157,3,45.0,1,35,1.86,2,130
17.0,77.0,40.42230062179454,-3.700076598528285,4,152.0,3,42,2.4,3,56
17.0,61.0,40.4102301793173,-3.698953508659789,4,150.0,3,61,3.41,1,243
14.0,65.0,40.46001051796322,-3.696478429315528,3,110.0,1,14,0.89,1,264
11.0,70.0,40.424203173214416,-3.7126456200493063,4,133.0,1,18,1.05,292,245
11.0,70.0,40.42263,-3.71292,4,107.0,1,2,2.0,292,298
15.0,70.0,40.43891,-3.7068,4,104.0,3,35,1.97,1,231
14.0,71.0,40.47350516061041,-3.6912724054600687,4,116.0,30,10,0.55,4,345
14.0,71.0,40.47345,-3.69155,4,116.0,30,3,0.18,4,339
14.0,71.0,40.47151,-3.69339,4,98.0,30,0,0.0,4,106
17.0,66.0,40.42437,-3.70267,4,137.0,30,6,0.34,249,197
17.0,77.0,40.421286570452985,-3.70106250955042,4,65.0,28,15,0.87,3,40
3.0,29.0,40.41025,-3.72931,4,114.0,2,116,6.21,5,130
15.0,64.0,40.43062511441524,-3.704834089030546,4,128.0,3,71,3.83,12,180
6.0,56.0,40.3806727,-3.6934337,4,93.0,4,6,0.33,43,180
10.0,41.0,40.43286575296524,-3.645460681697741,3,32.0,1,0,0.0,1,41
18.0,68.0,40.42880372701217,-3.6725417963987135,3,38.0,1,0,0.0,54,194
17.0,76.0,40.41181,-3.71192,4,149.0,1,5,0.3,8,298
17.0,76.0,40.41153,-3.70941,4,126.0,1,52,2.79,4,316
16.0,80.0,40.39902846116313,-3.67255374609864,4,140.0,30,0,0.0,8,359
17.0,61.0,40.40883636207566,-3.698916328765468,4,96.0,1,43,2.29,7,169
17.0,66.0,40.42377,-3.7036,4,96.0,5,55,2.94,30,9
16.0,64.0,40.454246771163405,-3.688752548911956,4,128.0,1,64,3.42,292,315
17.0,66.0,40.42437,-3.70267,4,151.0,30,0,0.0,249,274
14.0,63.0,40.45212,-3.69542,4,116.0,5,0,0.0,1,363
16.0,70.0,40.41731,-3.67447,4,118.0,2,47,2.74,51,2
13.0,49.0,40.39879608282776,-3.699830225067676,4,104.0,1,59,3.25,292,285
17.0,77.0,40.42089892524742,-3.700370036779293,4,126.0,1,28,1.64,10,332
17.0,77.0,40.4224283134205,-3.697214213163091,4,87.0,1,80,4.32,3,310
17.0,61.0,40.40544574458534,-3.701537624001503,4,78.0,1,162,8.63,1,311
17.0,66.0,40.42437,-3.70267,4,146.0,30,8,0.47,249,101
3.0,12.0,40.39139,-3.76153,3,17.0,7,25,1.51,2,21
16.0,70.0,40.41927,-3.67489,4,134.0,1,26,1.45,181,338
17.0,80.0,40.41792,-3.70746,4,147.0,5,92,4.92,28,279
3.0,29.0,40.41328,-3.72501,4,100.0,1,5,0.34,54,311
11.0,70.0,40.4218,-3.71508,3,82.0,1,16,0.86,5,265
17.0,66.0,40.4243695,-3.7026741,4,148.0,30,4,0.24,249,76
17.0,77.0,40.4197687101193,-3.6980585803093913,4,99.0,1,2,0.12,12,285
11.0,15.0,40.46823,-3.71429,4,88.0,2,55,2.98,2,266
8.0,48.0,40.39386,-3.66766,4,128.0,1,18,1.17,36,339
8.0,48.0,40.3938628,-3.6676584,4,139.0,1,4,0.25,36,325
8.0,48.0,40.3938628,-3.6676584,4,144.0,1,4,0.39,36,336
18.0,83.0,40.43514,-3.6854,4,124.0,20,4,0.3,107,25
17.0,80.0,40.41684,-3.70541,4,81.0,1,11,0.6,87,318
11.0,70.0,40.42128958786278,-3.717178661973541,4,104.0,1,6,0.33,87,308
16.0,78.0,40.41291931351592,-3.675300922591288,3,70.0,2,50,2.93,1,254
18.0,83.0,40.43089,-3.68375,4,159.0,28,0,0.0,63,13
13.0,55.0,40.397361742361056,-3.705082281301959,4,104.0,1,40,2.23,28,167
8.0,12.0,40.38135758888375,-3.636680829143701,4,92.0,4,34,2.39,2,322
17.0,80.0,40.41683860450589,-3.707169888360604,4,115.0,30,1,0.09,2,242
13.0,55.0,40.396709238907306,-3.705847114418949,4,105.0,1,49,2.65,28,165
6.0,39.0,40.39757914904474,-3.730942804612477,4,103.0,1,40,2.17,7,347
13.0,55.0,40.3988,-3.70629,4,115.0,1,66,3.56,28,169
13.0,55.0,40.39664673072016,-3.706215831591082,4,108.0,1,58,3.19,28,152
10.0,45.0,40.43062,-3.65974,4,113.0,2,65,3.62,1,247
17.0,76.0,40.41166717574181,-3.7110791733122257,4,70.0,30,3,0.22,1,117
17.0,80.0,40.41636934514447,-3.7014424055814734,3,63.0,2,67,3.63,1,323
15.0,64.0,40.43192359763168,-3.698132509415095,4,113.0,1,16,0.88,1,354
17.0,77.0,40.42283961609513,-3.696677573016367,4,136.0,1,52,2.94,13,153
17.0,61.0,40.40687328431604,-3.7029441804168712,4,98.0,4,53,3.02,4,256
10.0,45.0,40.47629,-3.73036,4,98.0,30,14,0.77,4,2
8.0,48.0,40.38500259266125,-3.668389940242954,3,52.0,1,40,2.19,1,252
4.0,57.0,40.46972,-3.58759,4,92.0,1,68,3.74,3,8
17.0,80.0,40.41556569999999,-3.7029841,4,142.0,2,90,4.86,3,230
16.0,66.0,40.4431,-3.67437,4,104.0,2,63,4.55,8,143
16.0,66.0,40.44111,-3.67575,4,100.0,2,36,2.06,8,39
3.0,10.0,40.38596749892472,-3.780963197350502,3,24.0,1,35,2.07,2,28
10.0,45.0,40.4321,-3.65181,3,45.0,1,101,5.47,1,74
14.0,63.0,40.45272,-3.69999,4,115.0,2,28,1.57,6,17
10.0,36.0,40.49331776856405,-3.691801799567477,3,32.0,1,35,2.22,1,262
8.0,48.0,40.39403540261996,-3.665504176113178,4,57.0,5,22,1.21,10,314
18.0,82.0,40.42231,-3.6908,4,137.0,2,53,3.01,1,14
17.0,61.0,40.4099242,-3.709144,4,112.0,2,24,1.35,3,11
13.0,59.0,40.40608,-3.71222,4,106.0,14,2,0.42,3,276
17.0,76.0,40.42071926685414,-3.709316346511956,4,126.0,4,40,2.17,1,38
6.0,32.0,40.38673,-3.69793,3,27.0,1,4,0.38,2,258
7.0,33.0,40.37277,-3.60802,4,94.5,7,9,0.56,1,253
10.0,45.0,40.42480199116517,-3.6532554232788175,4,82.0,2,71,3.84,2,265
16.0,66.0,40.44260412509729,-3.67258341073562,4,158.0,2,40,2.16,120,87
16.0,66.0,40.44412,-3.67266,4,162.0,2,37,2.0,120,85
16.0,66.0,40.44366,-3.67441,4,129.0,2,50,2.72,120,79
18.0,68.0,40.43174215715836,-3.678905126697511,3,34.0,10,4,0.22,2,326
14.0,57.0,40.4670626,-3.7056482,3,60.0,15,0,0.0,2,83
6.0,20.0,40.38444519999999,-3.7087079,3,40.0,2,90,4.86,2,201
11.0,18.0,40.4225509,-3.7230159,3,50.0,2,106,5.77,2,301
17.0,66.0,40.42588,-3.70889,4,88.0,2,57,3.12,1,303
13.0,59.0,40.41262,-3.72014,4,78.0,4,101,5.53,3,291
15.0,64.0,40.428710035968166,-3.698324351552891,4,76.0,1,0,0.0,1,157
14.0,71.0,40.46951433380693,-3.692773642447319,4,150.0,2,18,1.05,120,74
14.0,71.0,40.46849822430787,-3.692620945013996,4,133.0,2,29,1.73,120,77
17.0,77.0,40.41973,-3.69786,4,156.0,3,66,3.69,1,240
17.0,66.0,40.42096,-3.70412,4,94.0,1,7,1.02,181,289
17.0,77.0,40.4247299,-3.6965084,4,106.0,2,88,4.76,1,97
10.0,45.0,40.42562969999999,-3.6553205,3,77.0,30,3,0.19,1,133
3.0,26.0,40.40442932855622,-3.750647338444579,3,50.0,8,87,4.71,1,46
6.0,17.0,40.37629794549826,-3.743611790130613,4,90.0,10,28,1.53,4,13
6.0,20.0,40.38383146453,-3.707994371652603,3,31.0,1,113,6.19,1,211
17.0,76.0,40.41292,-3.7123,3,32.0,1,58,3.19,3,12
14.0,63.0,40.44825,-3.69875,4,89.0,1,51,2.85,292,267
13.0,59.0,40.40903,-3.72086,4,80.0,1,16,0.89,1,280
17.0,76.0,40.41185,-3.71226,4,73.0,3,22,1.2,23,180
18.0,63.0,40.43134056534867,-3.671540404569432,4,75.0,1,88,4.89,9,266
13.0,55.0,40.4016824,-3.7069266,3,56.0,1,0,0.0,1,269
6.0,25.0,40.3900805,-3.7356132,4,73.0,1,8,0.49,5,330
8.0,48.0,40.3911811,-3.6670178,4,107.0,1,23,1.25,120,357
8.0,48.0,40.3911811,-3.6670178,4,130.0,1,20,1.1,120,354
8.0,48.0,40.39118,-3.66702,4,134.0,1,20,1.12,120,354
8.0,48.0,40.3911811,-3.6670178,4,107.0,1,22,1.24,120,362
8.0,48.0,40.3911811,-3.6670178,4,107.0,1,36,1.95,120,362
8.0,48.0,40.3911811,-3.6670178,4,134.0,1,26,1.41,120,353
8.0,48.0,40.3911811,-3.6670178,4,107.0,1,22,1.19,120,358
17.0,77.0,40.4232884,-3.6994182,4,135.0,3,91,5.12,17,304
3.0,26.0,40.405933340874505,-3.749366972591888,3,27.0,2,7,0.4,1,71
17.0,79.0,40.41445407019327,-3.703408633686236,4,67.0,30,0,0.0,272,270
17.0,66.0,40.42587,-3.7077961,3,50.0,15,27,1.46,8,281
3.0,10.0,40.38518534459752,-3.7818903426229102,3,24.0,1,36,1.95,2,52
17.0,66.0,40.42472121597604,-3.7081402939427255,3,50.0,15,24,1.3,8,185
16.0,59.0,40.44917,-3.66905,4,118.0,3,35,2.03,62,254
17.0,66.0,40.4263571,-3.7074789,3,50.0,15,0,0.0,8,227
8.0,48.0,40.39118,-3.66702,4,139.0,1,27,1.62,120,353
18.0,63.0,40.43173,-3.67122,3,65.0,2,67,3.72,9,304
13.0,60.0,40.404464394588096,-3.696147134024326,4,80.0,2,113,6.2,9,236
17.0,61.0,40.40993141831886,-3.703853442662797,4,98.0,1,0,0.0,77,261
16.0,65.0,40.4732,-3.68694,3,51.0,1,23,2.01,1,353
17.0,80.0,40.41807780228064,-3.7083175778388977,4,160.0,1,0,0.0,1,267
13.0,60.0,40.40428918024189,-3.6943758798718895,4,92.0,14,10,0.68,1,243
17.0,66.0,40.42495197602651,-3.702210176324021,3,65.0,1,51,2.79,2,338
8.0,48.0,40.391747,-3.6654297,4,82.0,3,78,4.24,1,64
18.0,82.0,40.42239361028326,-3.69082589154053,4,112.0,10,26,1.74,15,156
6.0,17.0,40.37583,-3.73872,3,24.0,1,6,0.35,2,221
15.0,67.0,40.4388704,-3.6996101,4,58.0,10,27,1.57,2,305
13.0,60.0,40.40523945786188,-3.695114068686962,4,97.0,1,137,7.51,9,206
17.0,76.0,40.4194,-3.70905,4,132.0,5,79,4.4,28,321
10.0,45.0,40.42667423129823,-3.6570900293302335,3,46.0,1,35,2.02,3,340
13.0,72.0,40.3882641,-3.6936944,4,70.0,1,56,3.15,6,111
18.0,83.0,40.429377053706645,-3.686051234485674,4,126.0,2,31,1.75,5,25
10.0,45.0,40.48040226847056,-3.717452523898286,3,31.0,3,24,1.51,1,244
18.0,73.0,40.42776797507202,-3.6773290549774496,4,90.0,1,18,1.1,181,251
14.0,71.0,40.47212,-3.69344,4,97.0,30,0,0.0,4,151
8.0,41.0,40.39463166811307,-3.658706849100248,4,137.0,2,2,0.13,9,58
14.0,50.0,40.45928,-3.70307,4,93.0,1,58,3.39,141,343
2.0,49.0,40.40884067745191,-3.652697007882259,4,98.0,1,13,0.73,10,189
17.0,79.0,40.41742557784581,-3.696906104339197,4,112.0,1,0,0.0,77,289
12.0,61.0,40.47865771106321,-3.646189235150814,3,48.0,2,82,4.74,1,12
6.0,58.0,40.38036733788992,-3.7136797483110007,4,93.0,1,0,0.0,1,269
11.0,18.0,40.43034173009548,-3.7349365047090206,3,50.0,2,9,0.56,1,261
18.0,60.0,40.4271396,-3.6660077,4,164.0,4,45,2.55,1,312
13.0,72.0,40.38793,-3.69267,4,68.0,1,60,3.42,6,114
10.0,47.0,40.43570230362711,-3.645411290704809,4,108.0,3,57,3.19,3,240
17.0,61.0,40.41068171130756,-3.7002437056358497,3,49.0,5,10,0.56,3,62
17.0,66.0,40.42168,-3.7026,4,96.0,4,32,1.8,30,22
17.0,76.0,40.409011243715895,-3.7106682303857625,4,160.0,1,20,1.26,52,279
17.0,61.0,40.408681123787865,-3.709123495408882,4,137.0,1,20,1.15,52,294
17.0,61.0,40.409012356545794,-3.708758817820257,4,134.0,1,13,0.76,52,276
17.0,61.0,40.41043,-3.70902,4,157.0,1,6,0.36,52,280
10.0,47.0,40.43534,-3.64717,4,112.0,3,50,2.85,3,240
9.0,32.0,40.44626857116041,-3.61066207413809,4,89.5,1,52,2.89,334,5
16.0,51.0,40.40509,-3.67309,3,48.0,1,29,1.61,18,238
17.0,66.0,40.4282368,-3.7046244,4,130.0,3,32,1.87,3,71
3.0,11.0,40.4057419,-3.7233386,3,41.0,2,34,1.96,2,71
18.0,82.0,40.42345604370187,-3.689055259584384,4,150.0,3,68,3.83,25,60
5.0,15.0,40.34186235862083,-3.68374388585821,3,29.0,1,6,0.53,1,181
17.0,61.0,40.41099111955072,-3.701166632459697,4,109.0,1,22,1.22,22,338
15.0,66.0,40.4313337,-3.7105779,3,23.0,2,44,2.41,1,62
17.0,77.0,40.42246645140406,-3.699099091807051,4,123.0,1,5,0.28,1,318
17.0,77.0,40.42224900000001,-3.6995162,4,103.0,1,109,6.11,1,75
13.0,59.0,40.40299,-3.72114,4,145.0,30,3,0.18,249,320
14.0,63.0,40.4488288825308,-3.700386840460373,4,98.0,30,1,0.39,407,73
17.0,77.0,40.426242841353705,-3.699884350650711,4,143.0,30,0,0.0,407,17
17.0,77.0,40.42001,-3.69934,4,104.0,1,48,2.68,92,338
17.0,77.0,40.42054278615865,-3.6993220649221352,4,61.0,1,17,0.95,92,342
11.0,15.0,40.4672746,-3.7226218,3,45.0,5,24,1.36,7,303
13.0,60.0,40.405300009092464,-3.700309703599095,4,65.0,30,6,0.4,272,232
14.0,57.0,40.46406868899703,-3.698752741851416,4,52.0,1,7,0.41,77,264
11.0,47.0,40.4570845,-3.7877857,4,68.0,3,17,0.96,1,7
17.0,61.0,40.410426645902255,-3.704683795833583,4,115.0,1,12,0.69,181,334
17.0,61.0,40.40806433797277,-3.706858332030811,4,55.0,5,64,3.6,1,38
11.0,15.0,40.4672746,-3.7226218,3,46.0,7,16,0.9,7,301
18.0,82.0,40.42647749243047,-3.685529136649787,4,131.0,1,75,4.35,1,312
16.0,59.0,40.44182207710481,-3.6792671220206574,3,59.0,1,4,0.63,2,249
9.0,32.0,40.4372099,-3.6104821,4,72.0,1,3,0.22,24,221
14.0,65.0,40.45700183014626,-3.696558224594949,4,79.0,1,0,0.0,6,365
16.0,65.0,40.4742332,-3.6856507,4,87.0,1,5,0.28,24,255
9.0,32.0,40.436937733728,-3.611417241455538,4,76.0,1,3,0.18,24,230
13.0,72.0,40.391366529860754,-3.687258751303304,4,154.0,3,74,4.17,1,240
6.0,42.0,40.39558,-3.71445,4,51.0,3,35,1.97,3,212
15.0,69.0,40.43532853838377,-3.690151519361336,3,100.0,5,0,0.0,1,269
17.0,61.0,40.40835159167975,-3.710515556974392,3,109.0,1,125,7.04,1,66
3.0,26.0,40.4070875,-3.7506901,3,35.0,6,56,3.26,2,348
17.0,76.0,40.42029936319257,-3.715459665493814,4,117.0,2,30,1.74,17,347
12.0,61.0,40.47904,-3.64825,3,50.0,10,0,0.0,3,244
10.0,47.0,40.4340419,-3.6532344,4,89.0,4,92,5.07,12,245
3.0,26.0,40.40668557988421,-3.751362379078021,3,34.0,6,6,0.39,2,348
12.0,54.0,40.45237544333079,-3.649885607573869,3,65.0,1,17,1.01,1,50
14.0,63.0,40.44938,-3.69979,4,124.0,2,44,2.48,1,58
8.0,48.0,40.3911811,-3.6670178,4,134.0,1,12,0.68,120,354
8.0,48.0,40.3911811,-3.6670178,4,134.0,1,36,2.49,120,356
8.0,48.0,40.3911811,-3.6670178,4,114.0,1,45,3.05,120,358
17.0,76.0,40.41094,-3.7131,4,98.0,3,1,0.1,19,85
15.0,39.0,40.43386013882941,-3.7135502866655976,4,140.0,27,10,0.58,93,20
15.0,66.0,40.43336588458085,-3.710829781492128,4,140.0,1,68,3.92,1,118
11.0,15.0,40.46478567637927,-3.7147688035197657,4,91.0,3,27,1.6,1,301
17.0,80.0,40.4168732,-3.705695,4,150.0,30,5,0.33,13,89
17.0,79.0,40.41498547503991,-3.695473799304671,4,98.0,3,85,4.9,25,41
17.0,66.0,40.4235292,-3.7064085,4,140.0,4,29,1.93,3,258
18.0,73.0,40.427695262789655,-3.673378508362332,3,55.0,28,62,3.5,1,313
15.0,64.0,40.4294134,-3.6965613,4,96.0,3,34,1.89,30,21
17.0,66.0,40.42251183340581,-3.7065233902428543,4,67.0,1,15,0.83,23,171
15.0,64.0,40.4294134,-3.6965613,4,96.0,4,44,2.48,30,24
17.0,80.0,40.41463,-3.70688,4,121.0,3,40,2.25,8,64
17.0,79.0,40.41464,-3.6991,4,129.0,1,5,0.3,77,259
17.0,66.0,40.42278,-3.70747,3,130.0,1,14,0.78,120,352
17.0,66.0,40.422783,-3.707468,3,127.0,1,21,1.19,120,359
17.0,66.0,40.422783,-3.707468,3,128.0,1,21,1.2,120,359
17.0,66.0,40.422783,-3.707468,3,131.0,1,12,0.67,120,358
17.0,66.0,40.422739688,-3.707496997,3,136.0,1,14,0.79,120,342
17.0,66.0,40.422351723,-3.707421895,3,141.0,1,16,0.92,120,360
4.0,19.0,40.451139740697386,-3.5962786630718875,4,87.0,30,0,0.0,407,88
4.0,57.0,40.4839,-3.60734,4,106.0,1,0,0.0,407,39
17.0,66.0,40.42055146480588,-3.70588917285204,3,21.0,15,0,0.0,6,335
15.0,64.0,40.4325629,-3.7023297,3,21.0,20,5,0.35,6,208
17.0,66.0,40.422783,-3.707468,3,131.0,1,2,0.12,120,359
17.0,66.0,40.422783,-3.707468,3,128.0,1,55,3.1,120,359
17.0,66.0,40.42530074588556,-3.7051732845501872,4,135.0,3,67,3.73,5,236
18.0,73.0,40.42458305102159,-3.6786848501256975,4,159.0,30,0,0.0,407,8
17.0,66.0,40.42334,-3.70355,4,88.0,1,20,1.39,5,21
14.0,71.0,40.47221693340085,-3.6929486556472098,4,110.0,1,8,0.48,12,322
11.0,70.0,40.421316624222,-3.7169341979088655,4,153.0,2,0,0.0,2,61
13.0,59.0,40.41294,-3.71883,4,153.0,2,0,0.0,2,51
14.0,71.0,40.47258696844168,-3.694569103620661,4,91.0,1,4,0.23,12,303
14.0,57.0,40.46513094463284,-3.705426457931307,4,85.0,1,1,0.21,12,325
14.0,50.0,40.46347,-3.70531,4,93.0,1,2,0.12,12,302
13.0,46.0,40.3976827,-3.6961857,3,45.0,2,25,1.41,1,155
14.0,57.0,40.465037863948254,-3.705276072746092,4,102.0,1,5,0.3,12,222
17.0,61.0,40.4102024,-3.6991939,4,96.0,1,211,12.01,1,335
17.0,66.0,40.42656031808778,-3.702575852762188,4,109.0,2,56,3.24,1,138
17.0,66.0,40.42254,-3.7033,3,77.0,1,3,0.18,9,236
17.0,66.0,40.42053711369019,-3.703571755616149,3,123.0,1,3,0.17,9,238
16.0,66.0,40.4413749,-3.6727224,4,135.0,1,26,1.45,19,300
17.0,61.0,40.4094819,-3.7030786,3,103.0,2,18,1.45,1,173
10.0,45.0,40.42884,-3.65112,4,105.0,2,56,3.34,4,241
16.0,84.0,40.46205424961837,-3.6888903713023447,4,142.0,1,8,0.48,55,348
16.0,84.0,40.46402053274251,-3.686998575627495,4,134.0,1,10,0.59,334,3
16.0,84.0,40.46130838211887,-3.6886714236532407,4,159.0,1,5,0.32,55,122
3.0,29.0,40.41328,-3.72501,4,110.0,1,44,2.58,54,350
18.0,68.0,40.431316438930175,-3.675607368350029,4,122.0,2,31,1.88,16,205
15.0,69.0,40.43437548029829,-3.697798143568415,4,124.0,28,17,1.06,1,67
17.0,66.0,40.42016,-3.70187,4,130.0,3,21,5.58,1,227
6.0,32.0,40.385068963846,-3.7034121510650553,3,35.0,1,80,4.5,2,50
16.0,70.0,40.41966,-3.67782,4,150.0,3,38,2.58,2,81
16.0,84.0,40.46353,-3.68716,4,154.0,1,7,0.43,55,258
16.0,84.0,40.46354304828245,-3.687114412538176,4,159.0,1,7,0.47,55,30
17.0,77.0,40.42287,-3.6944,4,143.0,15,0,0.0,5,3
13.0,55.0,40.39899,-3.70178,4,148.0,2,53,3.37,4,128
15.0,66.0,40.43504,-3.70498,4,123.0,1,19,1.07,3,61
17.0,61.0,40.410859453262525,-3.698620412709456,3,32.0,30,0,0.0,272,270
17.0,79.0,40.41126388399586,-3.6952978000044814,4,142.0,3,11,3.33,1,86
8.0,10.0,40.3827073548626,-3.6721652501928577,3,24.0,1,126,7.05,1,216
17.0,80.0,40.416476878961774,-3.70472421586914,4,160.0,1,4,0.34,4,92
17.0,66.0,40.4218907,-3.703881299999999,1,21.0,1,14,0.87,20,112
16.0,51.0,40.40398042911991,-3.6770869959784553,4,140.0,28,34,1.92,14,73
17.0,66.0,40.42495,-3.70188,4,88.0,2,95,5.49,3,24
17.0,66.0,40.4218907,-3.703881299999999,1,21.0,1,6,0.37,20,120
17.0,66.0,40.4218907,-3.703881299999999,1,21.0,1,3,0.17,20,120
17.0,66.0,40.4218907,-3.703881299999999,1,42.0,1,3,0.24,20,119
17.0,66.0,40.4218907,-3.703881299999999,3,53.0,1,78,4.44,20,154
17.0,66.0,40.4218907,-3.703881299999999,1,21.0,1,26,1.47,20,113
17.0,66.0,40.4218907,-3.703881299999999,1,42.0,1,13,0.72,20,120
17.0,66.0,40.4218907,-3.703881299999999,1,42.0,1,2,0.14,20,120
17.0,66.0,40.4218907,-3.703881299999999,1,42.0,1,6,0.38,20,122
17.0,66.0,40.4218907,-3.703881299999999,1,21.0,1,1,0.46,20,122
9.0,24.0,40.43745786254906,-3.630639585144545,4,135.0,1,37,2.26,1,166
17.0,77.0,40.42216059674348,-3.698947109371295,4,164.0,3,35,1.96,17,307
17.0,66.0,40.42842,-3.70829,4,146.0,1,28,1.57,11,74
17.0,80.0,40.41650955263239,-3.704734944705199,4,149.0,1,15,1.25,4,93
17.0,80.0,40.41645645790958,-3.704783224467467,4,150.0,1,7,0.59,4,92
18.0,82.0,40.4289,-3.68656,4,64.0,1,39,2.25,5,252
16.0,51.0,40.40491135263349,-3.675381648151306,3,36.0,1,28,1.7,18,250
6.0,39.0,40.39729676949653,-3.733474974026712,4,86.0,1,33,1.86,7,354
13.0,59.0,40.40976613089119,-3.7196282482562615,4,92.0,2,32,1.8,1,120
17.0,66.0,40.4247004,-3.7008587,4,163.0,4,97,5.46,5,97
17.0,76.0,40.41242908240155,-3.708449486508185,4,122.0,2,76,4.38,1,35
14.0,50.0,40.4579679,-3.709421599999999,4,65.0,21,5,0.31,5,41
14.0,63.0,40.447749815492735,-3.6988116930358927,4,141.0,1,28,1.59,2,305
17.0,77.0,40.4281139,-3.7010173,3,40.0,1,171,9.83,1,170
13.0,46.0,40.39864,-3.69332,4,82.0,1,58,3.28,181,189
6.0,28.0,40.389497649810735,-3.700837008875231,4,95.0,1,21,1.18,181,227
18.0,63.0,40.435488408967984,-3.670666235443116,4,139.0,1,46,2.63,65,333
16.0,65.0,40.4744453,-3.6849472,4,97.0,2,90,5.17,2,184
16.0,84.0,40.46297715714531,-3.686767574263975,4,142.0,1,9,0.54,55,289
10.0,41.0,40.42898,-3.64438,4,95.0,1,38,2.66,6,64
10.0,47.0,40.433309218859485,-3.648194404118273,3,90.0,1,22,1.34,6,355
6.0,22.0,40.36193942173743,-3.7629208928358127,3,55.0,1,1,0.09,1,269
14.0,63.0,40.453978567945306,-3.700523245612511,4,116.0,7,0,0.0,8,365
15.0,64.0,40.435438143259546,-3.699297073328704,4,90.0,25,22,1.26,1,230
17.0,61.0,40.410367,-3.700264299999999,4,94.0,30,3,0.17,2,299
9.0,45.0,40.44265,-3.58215,4,72.0,2,64,3.64,1,329
17.0,61.0,40.4106558,-3.6996914,4,81.0,1,64,3.67,1,219
17.0,76.0,40.41751,-3.71004,4,107.0,2,3,0.19,2,25
17.0,61.0,40.4118812,-3.7012784,4,104.0,26,23,1.37,2,297
17.0,77.0,40.42417,-3.69966,4,109.0,3,64,3.7,93,71
6.0,58.0,40.3797,-3.71276,3,30.0,1,11,0.66,1,252
6.0,28.0,40.3883748,-3.7076278,3,32.0,1,0,0.0,1,269
13.0,55.0,40.4004,-3.70315,3,58.0,1,173,10.1,53,13
13.0,55.0,40.40039042960681,-3.703270236778713,3,65.0,1,136,7.91,53,22
13.0,55.0,40.39864046596585,-3.701626679458157,3,64.0,1,162,9.38,53,23
5.0,3.0,40.35030692506405,-3.6988208815455432,3,29.0,1,29,1.67,2,360
17.0,66.0,40.4209708,-3.7033754,3,124.0,1,9,0.63,120,339
8.0,48.0,40.3911811,-3.6670178,4,140.0,1,59,3.55,120,355
16.0,66.0,40.4414701,-3.678133099999999,4,78.0,1,0,0.0,2,68
15.0,64.0,40.4367080967916,-3.701438524468775,3,82.0,1,94,5.38,5,258
14.0,65.0,40.4591179,-3.6991172,3,34.0,1,29,1.73,18,245
16.0,51.0,40.4038449760796,-3.677013841258874,3,29.0,1,45,2.62,1,38
14.0,65.0,40.4582343,-3.695565899999999,4,131.0,2,28,1.63,1,214
13.0,55.0,40.40319549157014,-3.7030410743438646,4,138.0,1,44,2.55,65,334
17.0,66.0,40.424668738720655,-3.7065503373742095,3,47.0,1,35,1.99,2,251
16.0,66.0,40.43872,-3.67758,3,22.0,10,24,1.7,3,251
17.0,66.0,40.42471748802116,-3.7066636607050896,3,47.0,1,57,3.24,2,248
3.0,10.0,40.37584252358209,-3.779960016600669,3,79.0,1,0,0.0,2,269
17.0,76.0,40.40987206508144,-3.710769452154637,4,80.0,1,29,1.66,1,12
17.0,61.0,40.4100317,-3.7022624767,4,74.0,5,53,3.06,2,95
16.0,51.0,40.40286819668225,-3.675443017476692,3,40.0,2,55,3.19,1,163
17.0,77.0,40.42663282486446,-3.6963987081355496,4,90.0,1,12,0.95,95,311
11.0,46.0,40.44786629127415,-3.710082648644804,4,72.0,1,1,0.19,77,289
17.0,76.0,40.40828551989976,-3.71326852853808,3,46.0,30,1,0.08,161,178
17.0,76.0,40.4093592,-3.7125688,4,105.0,1,64,3.75,65,320
10.0,14.0,40.47874,-3.68636,4,105.0,2,66,3.82,8,156
13.0,46.0,40.392132478409074,-3.694901380426019,4,75.0,7,17,1.0,6,204
18.0,60.0,40.42977,-3.66336,4,144.0,1,4,0.29,5,169
11.0,47.0,40.45892,-3.78042,3,50.0,6,24,1.39,1,103
6.0,11.0,40.37607929299653,-3.730695265245344,3,27.0,1,0,0.0,1,254
6.0,25.0,40.39022936928235,-3.7397192046046257,3,39.0,1,27,1.54,1,73
10.0,45.0,40.42249739346233,-3.654498960037272,4,75.0,2,10,0.68,3,226
17.0,61.0,40.41088,-3.70262,4,107.0,1,47,2.77,65,321
13.0,46.0,40.39690138059826,-3.6942470280557815,4,85.0,1,3,0.19,87,267
16.0,66.0,40.4452861,-3.6707536,4,99.0,1,116,6.69,7,205
16.0,84.0,40.46344097960005,-3.688568917181206,4,96.0,1,19,1.18,334,4
17.0,66.0,40.4243695,-3.7026741,4,123.0,30,1,0.18,249,278
18.0,68.0,40.43030118847366,-3.672534219714731,4,100.0,7,9,0.55,1,51
17.0,66.0,40.42756675335475,-3.7068455365767914,3,36.0,2,62,3.54,14,286
17.0,61.0,40.41091,-3.70623,4,72.0,5,21,1.21,14,326
6.0,58.0,40.38195314338218,-3.71200941667668,3,60.0,1,8,0.46,1,269
17.0,61.0,40.410875621772334,-3.70633962194878,4,73.0,7,28,1.74,14,335
17.0,66.0,40.42647760466388,-3.708543916888508,3,27.0,2,58,3.33,14,199
17.0,66.0,40.4284,-3.70873,3,36.0,2,57,3.28,14,187
10.0,41.0,40.42510709873133,-3.639605786483033,3,50.0,1,31,1.83,1,354
10.0,41.0,40.43290186403229,-3.647542998429921,3,27.0,10,8,0.48,14,196
1.0,13.0,40.4041863,-3.6042505,3,67.0,2,29,1.88,2,10
17.0,66.0,40.42564,-3.70404,4,72.0,30,2,0.26,161,326
7.0,33.0,40.367997,-3.6183386,3,34.5,5,37,2.16,1,2
9.0,45.0,40.44048,-3.56932,4,76.0,4,29,1.81,13,259
17.0,66.0,40.4218907,-3.703881299999999,1,42.0,1,6,0.35,20,122
17.0,66.0,40.42476,-3.70561,4,87.0,2,8,0.46,1,162
6.0,42.0,40.39284,-3.71245,4,138.0,2,54,3.16,5,76
17.0,76.0,40.42002618386984,-3.710577143483235,4,130.0,24,6,0.43,1,57
14.0,71.0,40.46753966747037,-3.697235874164402,4,114.0,1,51,3.02,5,139
18.0,73.0,40.4249378,-3.6788902,4,131.0,1,54,3.1,13,62
15.0,70.0,40.4448139,-3.7097175,4,153.0,30,0,0.0,249,268
15.0,39.0,40.43594378363901,-3.713885246851407,3,50.0,1,0,0.0,1,269
17.0,66.0,40.42833308970646,-3.7082472516003953,4,105.0,3,40,2.53,1,33
14.0,71.0,40.46563,-3.69563,4,140.0,1,73,4.39,5,136
8.0,48.0,40.39420346802767,-3.6698310072791767,3,30.0,1,74,4.29,1,235
17.0,61.0,40.409027799301086,-3.700870615663943,4,75.0,20,20,1.2,1,44
17.0,66.0,40.4269054,-3.7027614,4,99.0,28,2,0.14,21,119
17.0,61.0,40.40670705195432,-3.705296877821052,4,143.0,2,135,7.96,1,185
8.0,48.0,40.39606,-3.66577,4,66.0,2,14,0.81,4,43
16.0,51.0,40.40365,-3.67959,3,75.0,2,79,5.52,1,19
11.0,47.0,40.44604,-3.78532,4,130.0,2,4,0.26,1,156
10.0,36.0,40.49372,-3.68632,4,83.0,2,36,2.14,1,229
17.0,76.0,40.41921117018305,-3.708423749609538,4,95.0,30,5,0.35,1,321
17.0,61.0,40.41357,-3.70289,4,138.0,3,0,0.0,2,195
15.0,70.0,40.4448139,-3.7097175,4,162.0,30,0,0.0,249,260
18.0,63.0,40.44246020565444,-3.662007599830397,3,43.0,30,0,0.0,161,275
17.0,76.0,40.41174,-3.71684,4,67.0,29,46,2.85,9,270
16.0,66.0,40.44449,-3.67266,3,60.0,1,4,0.3,28,320
18.0,68.0,40.43569,-3.67806,4,126.0,2,36,2.23,16,346
13.0,49.0,40.39617,-3.69777,4,74.0,1,65,3.92,14,269
8.0,12.0,40.38965156723633,-3.652530229122681,3,25.0,30,12,0.69,7,188
17.0,61.0,40.407775394345336,-3.701066853866432,4,92.0,7,35,2.1,2,140
10.0,35.0,40.43657865923095,-3.656782686181648,3,70.0,28,37,2.2,1,100
6.0,58.0,40.3804689,-3.7158317,3,20.0,29,0,0.0,5,45
15.0,69.0,40.4375903,-3.6985751,4,120.0,7,20,1.15,1,187
17.0,66.0,40.42792415905007,-3.710417157007428,4,114.0,1,33,2.14,1,153
14.0,50.0,40.45993124499939,-3.7028891400275192,4,62.0,1,64,3.76,6,80
13.0,49.0,40.39617,-3.69777,4,93.0,1,55,3.31,14,307
3.0,12.0,40.38714,-3.75523,3,29.0,1,29,1.7,1,220
6.0,58.0,40.381140830101295,-3.714988823537309,3,60.0,2,16,0.92,1,260
11.0,70.0,40.43006835102761,-3.720236084792812,3,31.0,30,0,0.0,272,163
13.0,60.0,40.40161803099178,-3.697226112309031,4,126.0,5,18,1.05,75,156
15.0,39.0,40.4355,-3.71466,3,38.0,30,0,0.0,161,163
17.0,61.0,40.40828000659336,-3.706337301716071,3,50.0,30,4,0.27,161,162
17.0,80.0,40.4169,-3.7019,4,91.0,1,70,4.15,3,227
17.0,80.0,40.41644598504222,-3.7038757814328336,4,95.0,1,118,6.81,3,201
17.0,76.0,40.41565,-3.71435,3,70.0,2,6,0.36,1,1
17.0,66.0,40.42362081181784,-3.703820768984092,3,70.0,30,0,0.0,4,14
6.0,25.0,40.38697552665955,-3.73685068822246,4,121.0,2,60,3.47,3,76
13.0,49.0,40.39731,-3.69845,4,93.0,1,75,4.46,14,314
15.0,69.0,40.42971,-3.69334,4,103.0,2,105,6.4,3,315
5.0,35.0,40.34995183007553,-3.6900019094444056,4,82.0,1,10,0.76,10,346
17.0,80.0,40.42008,-3.70479,3,49.0,2,95,5.52,6,8
5.0,35.0,40.35002359580712,-3.690031798865957,4,89.0,1,8,0.65,10,349
5.0,35.0,40.35024,-3.68999,4,89.0,1,10,0.61,10,348
13.0,60.0,40.40318219750616,-3.69764528920952,4,89.0,7,5,0.29,19,43
11.0,70.0,40.42688502421328,-3.7154655796715943,3,83.0,1,51,3.12,28,348
18.0,73.0,40.427775464523975,-3.679246563925849,4,159.0,30,1,0.1,1,7
12.0,61.0,40.47618,-3.65429,3,47.0,1,19,1.11,1,14
13.0,55.0,40.39990707690969,-3.703240516987242,4,113.0,3,72,4.26,10,232
16.0,51.0,40.4063,-3.68071,3,54.0,1,102,7.69,5,350
14.0,63.0,40.45001,-3.70325,4,116.0,30,0,0.0,249,107
15.0,39.0,40.43558,-3.71475,3,58.0,30,0,0.0,161,12
14.0,50.0,40.45786,-3.70902,4,86.0,2,33,1.94,10,342
17.0,80.0,40.41814,-3.70466,4,154.0,1,19,1.12,1,308
17.0,66.0,40.42429948710694,-3.702508564745336,4,64.0,30,4,0.25,272,240
17.0,76.0,40.41986,-3.7098,3,70.0,2,72,4.33,5,303
16.0,84.0,40.45901287493221,-3.686719357431495,4,151.0,2,18,1.08,1,299
6.0,7.0,40.3731005,-3.6903939,4,116.0,2,0,0.0,1,261
13.0,49.0,40.39617,-3.69777,4,74.0,1,67,4.0,14,258
10.0,45.0,40.42863,-3.6524,4,148.0,1,18,1.05,10,279
13.0,49.0,40.397982300555306,-3.701001565890586,3,64.0,5,15,1.05,2,221
17.0,61.0,40.40948909999999,-3.7050309,4,97.0,1,83,4.86,1,103
17.0,77.0,40.4272742,-3.6997592,4,104.0,1,0,0.0,407,303
5.0,35.0,40.35764656250602,-3.6858737730163615,4,119.0,1,5,0.63,6,45
17.0,61.0,40.4097088,-3.7059328,4,117.0,3,44,2.77,1,243
17.0,77.0,40.42407,-3.69747,4,119.0,2,68,3.98,2,204
14.0,71.0,40.47138,-3.69166,4,108.0,10,21,1.24,1,6
13.0,49.0,40.39617,-3.69777,4,77.0,1,66,4.23,14,232
10.0,45.0,40.423458556184656,-3.658494389184343,3,42.0,1,50,2.95,3,339
17.0,80.0,40.4185962,-3.7046271,3,39.0,2,146,8.49,16,73
9.0,45.0,40.44506,-3.58414,4,140.0,1,25,1.5,1,324
16.0,84.0,40.46297881086407,-3.6888319734979302,4,158.0,1,2,0.21,55,154
16.0,84.0,40.46155855817295,-3.68734643059554,4,126.0,1,5,0.31,55,335
13.0,55.0,40.39797549151905,-3.7030628696020056,4,70.0,2,47,2.8,5,229
6.0,39.0,40.3961763,-3.7311115,4,150.0,4,6,0.38,43,264
17.0,76.0,40.41059,-3.71234,4,123.0,3,12,3.33,1,162
17.0,66.0,40.4247112271293,-3.7037458992839354,3,32.0,2,5,0.34,5,365
16.0,70.0,40.4179,-3.67703,4,146.0,1,7,0.42,95,305
10.0,45.0,40.43136,-3.65194,4,123.0,1,1,0.2,95,141
17.0,61.0,40.411651646367325,-3.700921863842619,4,96.0,1,45,2.64,3,84
6.0,39.0,40.39277,-3.72505,4,127.0,1,3,0.19,95,351
17.0,80.0,40.4187,-3.70734,4,160.0,1,31,1.88,3,92
17.0,66.0,40.42429126083231,-3.708771290946335,4,126.0,1,7,0.41,9,227
17.0,61.0,40.4100651,-3.7005546,1,36.0,1,24,1.73,11,108
17.0,61.0,40.4100651,-3.7005546,1,32.0,1,273,17.92,11,108
6.0,7.0,40.37212701258324,-3.688093017009371,3,40.0,1,0,0.0,1,266
17.0,61.0,40.41201,-3.70408,4,59.0,3,54,3.35,3,107
10.0,36.0,40.49728652002829,-3.687647737799537,3,41.0,1,51,2.99,1,44
17.0,76.0,40.41863273768164,-3.708598044143234,4,88.0,3,71,4.23,22,199
17.0,66.0,40.4283060160035,-3.7135915229536303,3,72.0,1,23,1.8,28,344
11.0,70.0,40.4263366112522,-3.71521911140292,3,72.0,1,407,24.82,28,359
10.0,41.0,40.43349621240767,-3.6412555917667913,4,81.0,1,11,0.69,1,285
10.0,75.0,40.452066,-3.6569887,3,59.0,1,50,2.98,1,255
17.0,61.0,40.40988,-3.70508,4,85.0,29,13,0.78,1,324
14.0,57.0,40.46592281212844,-3.701031058053693,4,76.0,30,0,0.0,272,270
17.0,80.0,40.41890459012531,-3.704893299999996,4,122.0,1,89,5.57,3,324
13.0,72.0,40.38738,-3.69339,4,70.0,1,60,3.52,6,118
16.0,66.0,40.4452861,-3.6707536,4,81.0,2,100,5.85,7,166
13.0,60.0,40.402478373155326,-3.692193018788975,4,128.0,3,83,4.94,93,49
18.0,68.0,40.43475,-3.6753,3,56.0,1,2,0.21,17,328
18.0,68.0,40.43296922306601,-3.674777204316424,3,56.0,1,16,1.06,17,312
18.0,68.0,40.43278649385289,-3.673271159586202,3,49.0,1,27,1.63,17,337
18.0,68.0,40.43254153779898,-3.6729656109274655,3,48.0,1,0,0.0,17,320
8.0,41.0,40.39926,-3.66158,4,51.0,2,54,3.2,2,300
17.0,79.0,40.41468,-3.70054,4,163.0,1,1,0.2,22,253
17.0,61.0,40.41056,-3.70787,4,156.0,3,74,4.34,1,182
13.0,49.0,40.3955363,-3.6970733,4,114.0,1,114,6.68,1,326
17.0,80.0,40.41672506981506,-3.700507597253216,4,107.0,7,2,0.26,22,255
8.0,41.0,40.40070439170506,-3.662013871430557,4,52.0,2,43,2.58,2,299
6.0,45.0,40.38879669674564,-3.7191940928125886,3,38.0,1,10,0.64,1,268
14.0,50.0,40.46270317508498,-3.7038928506658975,4,145.0,1,26,1.64,292,314
17.0,66.0,40.42296899999999,-3.7014368,4,143.0,1,0,0.0,3,359
17.0,79.0,40.415749903,-3.70135539,4,164.0,1,4,0.27,22,279
17.0,66.0,40.423208027,-3.703853761,4,124.0,1,5,0.65,22,57
12.0,27.0,40.4685,-3.63998,4,80.0,2,27,1.7,1,288
17.0,61.0,40.40929184600522,-3.698045526742644,4,95.0,2,68,4.09,1,28
13.0,72.0,40.38982,-3.69478,4,54.0,30,3,0.19,272,246
17.0,61.0,40.40846,-3.70934,4,93.0,1,5,0.35,181,249
12.0,61.0,40.47014792620493,-3.633911337054093,4,124.0,1,58,3.47,18,150
4.0,57.0,40.47095,-3.5875,4,138.0,1,278,16.65,5,154
17.0,77.0,40.42014,-3.70039,4,51.0,1,19,1.18,28,353
8.0,10.0,40.37205659662921,-3.659390732645989,3,40.0,1,131,7.69,3,103
3.0,26.0,40.40421,-3.74914,3,25.0,1,158,9.33,1,127
17.0,66.0,40.42597,-3.70452,4,87.0,1,50,2.96,3,233
16.0,78.0,40.41571579782781,-3.675547315943516,4,103.0,1,38,2.29,1,25
9.0,5.0,40.41997287913771,-3.622598276529724,4,100.0,10,7,0.42,20,360
17.0,77.0,40.42257,-3.69735,3,157.0,1,83,5.06,77,319
18.0,63.0,40.43449865614609,-3.668298405003378,4,128.0,2,143,8.68,6,248
16.0,51.0,40.4017798,-3.6754493,4,93.0,4,35,2.34,2,50
17.0,76.0,40.41287238792204,-3.713300915320521,3,54.0,1,18,1.07,1,41
3.0,11.0,40.39779,-3.73648,3,39.0,1,16,1.15,1,354
14.0,65.0,40.45670995950911,-3.6967755716680064,3,44.0,7,0,0.0,1,37
3.0,29.0,40.40596833671348,-3.739026929907925,4,109.0,2,92,5.87,1,154
17.0,79.0,40.41338652554284,-3.70095793157816,4,107.0,5,34,2.0,1,225
17.0,66.0,40.42099,-3.70299,4,135.0,2,91,5.4,141,254
17.0,61.0,40.41313,-3.70139,3,67.0,1,3,0.19,17,320
17.0,61.0,40.41155,-3.70165,3,53.0,1,0,0.0,17,345
17.0,79.0,40.41359339303552,-3.7017683946722255,3,53.0,1,21,1.59,17,339
17.0,61.0,40.41146579240155,-3.700244326677869,3,58.0,1,23,1.65,17,310
17.0,77.0,40.42176447705137,-3.7007039446491103,4,78.0,1,16,0.97,92,326
17.0,77.0,40.41973,-3.69932,4,52.0,1,47,3.03,92,335
17.0,77.0,40.42191530769329,-3.6996797578387137,4,78.0,1,31,1.95,92,333
17.0,77.0,40.41980057447559,-3.699653258069051,4,78.0,1,47,2.81,92,333
17.0,61.0,40.40982,-3.70714,4,161.0,8,0,0.0,1,89
16.0,66.0,40.4440373,-3.6705649,4,111.0,1,80,4.75,13,309
17.0,61.0,40.408217981553015,-3.698444201266855,4,143.0,3,22,1.39,4,144
10.0,45.0,40.41939153827483,-3.652963440592454,3,57.0,1,3,0.28,1,362
16.0,84.0,40.46124,-3.68853,4,159.0,1,8,0.51,55,338
15.0,70.0,40.43969135332102,-3.705771267417547,4,97.0,28,9,0.6,21,156
17.0,61.0,40.41131,-3.70127,4,164.0,30,6,0.38,10,349
14.0,57.0,40.4684,-3.70084,4,108.0,1,46,2.73,292,61
16.0,84.0,40.46317,-3.68683,4,158.0,1,1,0.11,55,337
17.0,66.0,40.42522,-3.70574,4,116.0,2,12,0.72,1,68
17.0,66.0,40.42049,-3.70251,4,121.0,1,15,1.4,2,296
16.0,84.0,40.46353,-3.68754,4,147.0,1,11,0.8,55,331
16.0,84.0,40.46354984679243,-3.687588838262173,4,133.0,1,7,0.43,55,169
16.0,84.0,40.46358289197492,-3.68837760664193,4,121.0,1,7,0.52,55,311
16.0,84.0,40.46342234809023,-3.687262524750087,4,163.0,1,5,0.36,55,324
16.0,84.0,40.4615,-3.68837,4,163.0,1,9,0.6,55,354
16.0,84.0,40.4618,-3.68678,4,142.0,1,10,0.61,55,356
16.0,59.0,40.438431557595344,-3.682479580988912,4,135.0,27,11,0.77,93,162
16.0,84.0,40.46136,-3.68757,4,137.0,1,4,0.29,55,332
10.0,14.0,40.47804389005208,-3.697784209510544,4,120.0,7,6,0.37,4,202
16.0,84.0,40.46348,-3.68816,4,153.0,1,9,0.66,55,348
16.0,84.0,40.46272,-3.68905,4,121.0,1,5,0.31,55,334
1.0,13.0,40.40297,-3.60375,3,28.0,6,0,0.0,1,76
16.0,84.0,40.46201,-3.68678,4,137.0,1,1,0.14,55,324
16.0,84.0,40.46128,-3.68715,4,148.0,1,10,0.64,55,345
17.0,61.0,40.41262955291232,-3.70292682348932,3,126.0,1,3,0.19,1,263
6.0,20.0,40.38423,-3.70778,3,59.0,1,4,0.28,2,161
5.0,3.0,40.35278,-3.69467,3,28.0,3,2,0.14,1,161
17.0,61.0,40.40882,-3.70558,4,101.0,1,85,5.07,2,314
13.0,60.0,40.4055221,-3.6940243,4,121.0,3,21,1.27,23,143
17.0,79.0,40.4114522,-3.6946758,4,140.0,2,26,1.63,2,234
17.0,61.0,40.41197894473078,-3.7019632681544334,4,99.0,1,11,0.67,95,187
17.0,61.0,40.40989,-3.69919,4,121.0,3,59,3.62,2,332
13.0,60.0,40.4041021,-3.6928751,4,155.0,3,9,0.61,2,195
16.0,78.0,40.41377020552555,-3.677147962152958,3,80.0,2,5,0.31,1,67
9.0,45.0,40.4437535,-3.5834047,4,71.0,1,43,2.61,21,72
2.0,2.0,40.40344183935999,-3.647263120389068,4,85.0,4,13,0.78,1,272
17.0,76.0,40.4220275,-3.7088292,4,145.0,1,75,4.53,36,110
17.0,76.0,40.4220275,-3.7088292,4,159.0,1,65,3.96,36,22
3.0,26.0,40.40675,-3.75324,4,101.0,1,38,2.29,1,319
16.0,51.0,40.4024436,-3.6790445,3,56.0,30,0,0.0,1,74
17.0,76.0,40.4220275,-3.7088292,4,146.0,1,73,4.41,36,18
9.0,24.0,40.43546,-3.62861,4,57.0,7,0,0.0,1,89
17.0,76.0,40.41049,-3.71242,4,137.0,3,21,1.3,1,238
13.0,59.0,40.4135365,-3.7192548,4,99.0,2,54,4.71,2,303
7.0,33.0,40.37397,-3.62452,3,36.0,1,54,3.35,1,21
13.0,60.0,40.40198,-3.69199,4,94.0,2,67,5.28,2,323
17.0,79.0,40.4109709,-3.6950261,4,65.0,28,15,1.03,3,300
3.0,5.0,40.39925,-3.77051,3,30.0,1,23,3.71,2,320
3.0,10.0,40.3798322964041,-3.7779717696966464,3,38.0,2,15,4.46,1,326
18.0,63.0,40.43619646353587,-3.6733334667850577,4,101.0,1,27,1.66,292,269
13.0,60.0,40.40481283708503,-3.692189893800896,4,147.0,3,15,1.01,2,196
17.0,61.0,40.40823,-3.70499,4,140.0,2,22,1.36,2,129
17.0,66.0,40.42537874133562,-3.706378677351145,4,140.0,3,22,1.33,1,60
6.0,39.0,40.402675,-3.7231354,4,90.0,2,58,3.49,1,6
17.0,76.0,40.41626,-3.70909,4,120.0,2,83,5.11,8,333
3.0,12.0,40.39075,-3.7558,3,38.0,1,33,2.87,2,233
6.0,17.0,40.377755136091146,-3.742228443138599,4,90.0,2,29,1.9,1,66
10.0,61.0,40.44322,-3.64751,4,72.0,1,0,0.0,87,197
17.0,61.0,40.41112,-3.70176,4,143.0,3,9,0.58,19,97
16.0,66.0,40.43985031061855,-3.676741810706682,4,133.0,2,24,1.51,21,256
16.0,66.0,40.44129804155059,-3.678662684610221,4,133.0,2,23,1.42,21,275
17.0,77.0,40.42282,-3.6994882,4,98.0,3,71,4.45,1,273
16.0,66.0,40.44152,-3.6768,4,119.0,2,19,1.16,21,278
16.0,66.0,40.4415490872057,-3.678507706593292,4,128.0,2,27,1.73,21,286
16.0,66.0,40.44133909450721,-3.678032403589972,4,130.0,2,31,1.89,21,284
16.0,66.0,40.43976837205467,-3.67634307260118,4,125.0,2,45,2.74,21,284
16.0,66.0,40.4396,-3.67836,4,125.0,2,29,1.79,21,283
16.0,66.0,40.43946296227755,-3.678152963533402,4,136.0,2,35,2.21,21,281
16.0,66.0,40.44157906213291,-3.676679145974781,4,128.0,2,31,1.89,21,252
16.0,66.0,40.44151,-3.67679,4,138.0,2,15,0.92,21,292
16.0,70.0,40.41979,-3.677,3,64.0,3,55,3.45,1,26
16.0,66.0,40.441150063489175,-3.678220223373169,4,132.0,2,35,2.14,21,288
16.0,66.0,40.43963,-3.67813,4,123.0,2,21,1.32,21,285
16.0,66.0,40.44142,-3.67699,4,133.0,2,39,2.46,21,292
16.0,66.0,40.44158,-3.67707,4,123.0,2,13,0.85,21,291
2.0,2.0,40.4033,-3.64615,3,35.0,2,23,1.38,1,269
6.0,42.0,40.39176,-3.71068,3,33.0,1,30,1.8,2,130
16.0,66.0,40.44003293328791,-3.676401405867269,4,128.0,2,27,1.67,21,297
16.0,66.0,40.44101762650397,-3.676617346362856,4,130.0,2,15,1.44,21,283
14.0,50.0,40.4570632641838,-3.702206161727323,3,70.0,1,0,0.0,1,269
6.0,39.0,40.39695,-3.7234,3,54.0,1,31,1.86,1,153
17.0,76.0,40.40923,-3.7122,4,159.0,30,0,0.0,1,256
17.0,76.0,40.4220275,-3.7088292,4,129.0,1,35,2.13,36,16
8.0,48.0,40.39378012558142,-3.669288569273312,4,102.0,1,81,4.92,2,72
13.0,46.0,40.40050189550998,-3.69444673006946,4,98.0,2,58,3.52,3,264
14.0,57.0,40.47137,-3.70278,4,84.0,7,0,0.0,8,365
12.0,54.0,40.48944220626544,-3.6550207436084734,3,141.0,1,1,0.21,1,253
10.0,62.0,40.47335592347453,-3.673147910031201,4,104.0,5,8,1.49,1,12
17.0,76.0,40.41043,-3.71018,4,90.0,1,70,5.71,1,252
17.0,76.0,40.41628536528846,-3.709744513034821,4,132.0,3,46,2.93,2,83
13.0,60.0,40.40631090852885,-3.692886082217961,3,62.0,1,56,3.37,2,101
17.0,77.0,40.42247233553874,-3.698589819863797,3,76.0,1,77,4.69,1,238
15.0,70.0,40.43951,-3.70795,4,128.0,2,26,2.19,1,206
14.0,71.0,40.471443350943225,-3.700614318592367,4,88.0,7,3,0.28,8,350
14.0,71.0,40.47143,-3.70093,4,88.0,7,1,0.21,8,365
15.0,64.0,40.43761993039938,-3.701111298794144,4,104.0,3,41,2.54,1,243
17.0,77.0,40.4205958,-3.6986786,3,56.0,1,152,9.23,53,24
17.0,61.0,40.41033129970568,-3.705263239078594,4,93.0,3,2,0.13,19,85
17.0,61.0,40.411668753917816,-3.703704965721264,4,93.0,3,3,0.19,19,108
17.0,61.0,40.410427171893886,-3.7032564980864366,4,93.0,3,0,0.0,19,42
17.0,61.0,40.41021,-3.70241,4,93.0,3,3,0.2,19,98
17.0,61.0,40.412569926571074,-3.703015403506404,4,89.0,3,3,0.21,19,108
3.0,29.0,40.41052,-3.73862,3,42.0,1,62,3.78,1,146
17.0,61.0,40.41059048481945,-3.702276544897624,4,80.0,7,2,0.18,19,112
17.0,61.0,40.41190711443652,-3.70391875355692,4,92.0,3,3,0.25,19,96
17.0,61.0,40.4095942273658,-3.700259159176999,4,113.0,3,5,0.33,29,315
17.0,61.0,40.40744199514424,-3.698852024785072,4,83.0,2,17,1.05,2,75
16.0,51.0,40.40591808485164,-3.679551749695892,3,60.0,1,30,1.88,2,12
16.0,70.0,40.416460638980126,-3.676831405185164,4,72.0,3,54,3.36,1,182
10.0,41.0,40.42841278284799,-3.6392923084682103,3,31.0,1,40,2.42,1,168
8.0,48.0,40.39346,-3.67246,3,60.0,2,80,4.88,1,223
6.0,11.0,40.38198876682147,-3.728906347206805,3,36.0,1,78,4.74,2,239
13.0,59.0,40.40865331154298,-3.720793873071671,4,99.0,2,33,2.02,1,326
9.0,4.0,40.42920992896342,-3.617721274495125,3,32.0,1,13,0.79,1,253
18.0,63.0,40.43815887916831,-3.673706269311516,4,69.0,2,9,0.55,7,330
6.0,45.0,40.38847,-3.72492,4,64.0,15,2,0.16,1,149
15.0,66.0,40.43601,-3.70514,4,131.0,3,40,2.54,1,224
16.0,66.0,40.44294403501366,-3.6716181699817767,4,120.0,1,65,3.94,2,112
17.0,61.0,40.40901884400623,-3.702440877490562,3,32.0,2,20,1.21,1,87
17.0,66.0,40.42259963142057,-3.707535266267248,4,108.0,3,71,4.47,93,64
10.0,45.0,40.43141659015021,-3.650808306570549,3,36.0,1,0,0.0,1,269
17.0,61.0,40.41343313602397,-3.7044382360157337,3,53.0,1,22,1.38,20,62
8.0,12.0,40.39305,-3.64111,3,20.0,1,88,6.15,1,13
17.0,61.0,40.411539166543335,-3.6998956694008087,4,99.0,1,121,7.33,4,36
11.0,18.0,40.42563,-3.73189,4,98.0,30,2,0.16,1,345
17.0,61.0,40.41136,-3.6995,4,120.0,1,111,6.73,4,20
17.0,61.0,40.41181673747517,-3.700946547027725,4,117.0,1,154,9.39,4,21
17.0,79.0,40.41337,-3.70123,4,144.0,1,133,8.09,4,16
10.0,45.0,40.43039411704768,-3.647388411937521,4,81.0,2,36,2.27,1,49
14.0,63.0,40.454536156516085,-3.697792593708853,4,159.0,5,0,0.0,2,27
17.0,66.0,40.42248,-3.70938,4,109.0,20,1,0.14,107,119
11.0,70.0,40.423881608609406,-3.713943457881285,4,101.0,3,13,0.84,24,40
18.0,83.0,40.4371529,-3.6816768,4,84.0,2,12,0.88,6,246
7.0,33.0,40.3792009,-3.6331051,4,135.0,1,19,1.16,19,344
17.0,76.0,40.41674,-3.70935,4,106.0,1,39,2.41,292,256
13.0,49.0,40.396509162105495,-3.700675549549248,4,124.0,1,27,1.66,2,343
17.0,77.0,40.4195785,-3.6985626,3,70.0,1,0,0.0,5,114
17.0,77.0,40.4195785,-3.6985626,3,70.0,1,0,0.0,5,114
17.0,77.0,40.4195785,-3.6985626,3,70.0,1,0,0.0,5,113
17.0,77.0,40.4195785,-3.6985626,3,70.0,1,0,0.0,5,112
17.0,77.0,40.4195785,-3.6985626,3,70.0,1,0,0.0,5,97
17.0,76.0,40.4204465,-3.7065821,3,70.0,1,0,0.0,6,100
18.0,73.0,40.4250534,-3.6780736,3,56.5,1,0,0.0,4,110
15.0,70.0,40.43883058706322,-3.708669321972915,3,42.0,1,1,1.0,1,50
15.0,64.0,40.43039848225034,-3.698027518535477,3,81.0,2,16,1.0,2,139
14.0,57.0,40.4623766374067,-3.6980887191075418,3,53.0,1,72,4.44,2,329
17.0,76.0,40.4130088058328,-3.711568973403256,4,98.0,3,3,0.21,19,106
8.0,41.0,40.3977,-3.66406,4,87.0,2,37,2.36,24,115
8.0,41.0,40.399303437367145,-3.6637226005711554,4,85.0,2,26,1.61,24,116
14.0,52.0,40.44982604231775,-3.7072079779625065,3,58.0,1,35,2.22,1,65
17.0,61.0,40.41152842768231,-3.702893150040184,4,139.0,3,81,5.04,3,185
17.0,79.0,40.41141880000001,-3.6947149,4,122.0,2,79,4.97,12,58
16.0,84.0,40.46126307056917,-3.68872730202287,4,137.0,1,12,0.76,55,291
16.0,84.0,40.46139,-3.68723,4,121.0,1,8,0.55,55,183
6.0,25.0,40.37931025728359,-3.7494581928720407,1,15.0,3,13,0.83,5,72
6.0,39.0,40.39433,-3.72589,4,115.0,2,45,2.84,1,56
17.0,76.0,40.418788714860575,-3.70959950969718,3,68.0,3,0,0.0,5,223
17.0,76.0,40.4219201,-3.7107299,4,99.0,5,49,3.06,1,291
6.0,45.0,40.38827596861848,-3.727970603566288,3,30.0,1,22,1.36,2,244
11.0,46.0,40.4475043,-3.7155476,4,114.0,2,63,3.94,1,3
14.0,63.0,40.45046002675854,-3.702823231072233,4,162.0,1,43,2.7,334,325
18.0,63.0,40.43223331968416,-3.672207183695597,4,141.0,1,20,1.23,1,254
17.0,61.0,40.40841,-3.70531,4,107.0,1,64,4.03,141,344
10.0,41.0,40.43079265425296,-3.6436441062290745,3,38.0,1,19,1.18,2,130
15.0,64.0,40.4294134,-3.6965613,4,112.0,10,14,0.98,15,302
14.0,65.0,40.45948,-3.69399,4,108.0,4,51,3.17,6,234
16.0,59.0,40.44563657079484,-3.6723892688968816,4,71.0,1,1,0.5,87,346
17.0,76.0,40.422190288069984,-3.710561899018464,4,101.0,1,34,2.38,3,351
17.0,76.0,40.42235217528644,-3.7104024171772494,4,141.0,1,50,3.26,3,332
17.0,76.0,40.42251839681297,-3.711610241423746,4,148.0,1,42,3.7,3,328
17.0,76.0,40.42233955647976,-3.7105543853281855,4,146.0,1,77,4.98,3,328
17.0,76.0,40.42067,-3.71044,4,153.0,1,54,3.52,3,349
6.0,17.0,40.38244190196708,-3.733345605432988,3,35.0,1,44,2.73,2,234
17.0,77.0,40.4220718,-3.69852,4,124.0,1,16,1.06,29,289
17.0,66.0,40.42164549729208,-3.703992472267154,4,81.0,20,0,0.0,1,348
5.0,15.0,40.345209476331874,-3.6770346388220783,3,50.0,1,0,0.0,2,269
14.0,50.0,40.45832,-3.7101,3,32.0,11,9,0.58,2,287
16.0,59.0,40.4461533,-3.6712239,3,80.0,1,0,0.0,1,269
18.0,83.0,40.43541,-3.68254,3,36.0,1,0,0.0,1,247
17.0,61.0,40.4116067,-3.6996369,4,135.0,2,38,2.37,4,310
17.0,76.0,40.4220275,-3.7088292,4,133.0,1,35,2.19,36,20
3.0,10.0,40.3764925,-3.780872,3,48.0,1,0,0.0,1,269
14.0,63.0,40.45223,-3.69797,4,116.0,2,1,0.22,4,295
14.0,63.0,40.45108276890817,-3.697873072242716,4,120.0,2,1,0.09,4,294
17.0,61.0,40.41099519012919,-3.705985834699015,4,123.0,5,43,2.77,4,252
17.0,61.0,40.413508523498805,-3.706130881133757,4,94.0,3,7,0.66,1,230
17.0,76.0,40.42262,-3.71183,4,147.0,1,54,3.58,3,322
11.0,46.0,40.45432,-3.71663,3,66.0,1,5,0.32,1,92
17.0,76.0,40.41292,-3.70813,4,88.0,1,16,1.01,87,138
17.0,76.0,40.41128,-3.70849,4,78.0,1,6,0.82,87,2
5.0,3.0,40.36255,-3.69875,4,90.0,1,39,2.45,4,49
15.0,69.0,40.42626,-3.69082,4,154.0,3,24,1.51,9,156
3.0,29.0,40.41174,-3.72681,4,52.0,1,59,3.82,2,199
3.0,26.0,40.40169571174561,-3.747055381536484,4,148.0,1,11,0.69,1,89
17.0,76.0,40.41316,-3.70786,4,86.0,1,7,1.2,87,308
17.0,76.0,40.41682,-3.71169,4,130.0,30,23,1.47,62,211
15.0,64.0,40.4295,-3.70432,4,120.0,2,48,3.04,1,136
18.0,60.0,40.42343629017453,-3.6662042325760025,4,121.0,1,12,0.78,181,325
4.0,57.0,40.4719385,-3.5881804,4,122.0,1,144,9.54,1,196
17.0,76.0,40.41069,-3.7089,4,143.0,1,0,0.0,407,282
6.0,45.0,40.38702137445056,-3.724505368786615,4,55.0,3,38,2.37,2,52
17.0,77.0,40.42284,-3.69994,4,110.0,1,0,0.0,407,323
17.0,77.0,40.42497,-3.70038,4,110.0,1,0,0.0,407,64
17.0,77.0,40.42491,-3.7004,4,101.0,1,1,0.65,407,329
17.0,77.0,40.42456,-3.70056,4,140.0,1,2,1.2,407,316
18.0,73.0,40.4273712519066,-3.6759460880443897,4,126.0,3,74,4.73,2,102
14.0,63.0,40.45156624641947,-3.693318179887086,4,116.0,3,15,0.95,1,146
15.0,64.0,40.43638740865793,-3.7007666742542,4,147.0,1,72,4.67,292,216
17.0,66.0,40.42172777998765,-3.703033717818488,3,80.0,3,28,1.84,2,9
8.0,48.0,40.3954694484386,-3.66800833547963,3,90.0,1,16,0.99,7,90
2.0,1.0,40.40360047879768,-3.644379614104128,3,36.0,2,52,3.32,2,221
9.0,45.0,40.44269,-3.58326,4,92.0,1,18,1.12,1,318
13.0,59.0,40.41091465015885,-3.720040310725497,3,51.0,5,27,1.73,1,242
17.0,61.0,40.411251727679776,-3.700319895962973,3,133.0,1,0,0.0,11,42
16.0,80.0,40.39756,-3.67261,3,40.0,30,0,0.0,1,87
3.0,29.0,40.41081424664207,-3.7335928333912167,3,38.0,1,55,3.5,10,358
3.0,29.0,40.41132166422149,-3.731249735757468,3,74.0,1,21,1.35,10,329
3.0,29.0,40.41150657386937,-3.7333868059974256,3,38.0,1,3,0.2,10,41
3.0,29.0,40.40996,-3.73138,3,38.0,1,18,1.22,10,43
10.0,45.0,40.42998425738594,-3.6598091793624783,3,41.0,1,73,4.62,3,314
15.0,39.0,40.43587,-3.71738,3,58.0,2,16,1.01,1,6
8.0,48.0,40.395621498087245,-3.6681344753291127,3,63.0,1,20,1.24,7,270
8.0,48.0,40.394486804451184,-3.668139402480021,3,63.0,1,34,2.12,7,270
17.0,66.0,40.4266118,-3.7018212,3,76.0,1,2,2.0,1,279
18.0,73.0,40.42743444618853,-3.6715078982389016,4,95.0,8,5,0.37,24,61
17.0,76.0,40.41923777196933,-3.7096948009450736,4,90.0,1,52,3.27,292,285
15.0,64.0,40.43197896345476,-3.700883027762971,4,71.0,30,0,0.0,272,204
16.0,59.0,40.44221858053098,-3.681204480016124,4,123.0,30,0,0.0,272,270
17.0,61.0,40.4065599,-3.7017376,4,157.0,1,25,1.6,19,277
17.0,61.0,40.4116067,-3.6996369,4,152.0,2,43,2.74,4,309
17.0,61.0,40.4083469109737,-3.7015383702745,4,96.0,2,46,2.89,292,319
6.0,22.0,40.36048,-3.76805,3,56.0,1,0,0.0,1,365
13.0,59.0,40.41258,-3.71903,4,105.0,7,5,0.32,1,255
15.0,39.0,40.43579634186916,-3.711863844703026,4,103.0,1,52,3.28,292,309
17.0,66.0,40.42463525030104,-3.705141720264768,4,98.0,3,6,0.41,1,36
6.0,25.0,40.38635,-3.73597,4,86.0,2,1,0.42,1,323
17.0,66.0,40.42306540815133,-3.70192173316504,4,143.0,1,22,1.47,5,14
4.0,19.0,40.45130050001088,-3.595072366297245,4,91.0,1,98,6.16,1,313
3.0,5.0,40.395882660272285,-3.7693039103387096,3,48.0,1,40,2.52,1,334
17.0,66.0,40.42053759844308,-3.7056110509262097,4,162.0,2,84,5.27,5,34
18.0,73.0,40.4267746,-3.6723213,3,58.0,30,0,0.0,24,224
15.0,39.0,40.43425124460707,-3.717471621930599,3,73.0,2,17,1.09,2,158
10.0,45.0,40.43143874842165,-3.656322351879285,4,59.0,28,5,0.43,1,319
17.0,80.0,40.41711,-3.70487,4,151.0,1,53,3.33,14,31
17.0,76.0,40.41354659484231,-3.7092009221717546,4,134.0,28,17,1.17,21,114
17.0,76.0,40.40827675356166,-3.712738533735949,3,17.0,15,0,0.0,170,46
17.0,61.0,40.40775866687823,-3.701412863702047,4,143.0,1,28,1.8,77,338
14.0,57.0,40.46524,-3.70328,4,78.0,30,1,0.1,7,238
14.0,50.0,40.4631736699393,-3.7039513674229,4,60.0,30,2,0.3,7,260
6.0,39.0,40.39688,-3.73328,3,39.0,1,0,0.0,1,269
17.0,77.0,40.42398,-3.70034,4,110.0,1,5,0.37,407,309
15.0,66.0,40.4341191,-3.7067902,4,102.0,4,37,2.36,7,242
3.0,10.0,40.3837429,-3.7839523,3,72.0,1,0,0.0,4,269
2.0,23.0,40.4096729,-3.6583976,3,39.0,2,65,4.26,1,133
16.0,66.0,40.44033240868094,-3.67296623821368,4,105.0,1,48,3.02,292,298
17.0,79.0,40.41925647197347,-3.6991136862988334,4,140.0,2,88,5.57,5,120
17.0,66.0,40.42580272801083,-3.70994416606608,3,161.0,1,26,1.71,7,365
17.0,61.0,40.4113214321245,-3.701139895283709,4,132.0,1,12,1.03,1,339
17.0,76.0,40.4131884,-3.7090251,4,139.0,1,80,5.19,11,277
10.0,45.0,40.430170813799,-3.651248220513436,4,69.0,1,2,0.14,1,286
8.0,48.0,40.39572864693996,-3.669726168127601,3,80.0,1,10,0.63,7,90
17.0,66.0,40.42621,-3.71193,3,70.0,1,15,1.25,7,271
17.0,66.0,40.4271284336239,-3.711205848238415,3,161.0,1,10,0.64,7,257
17.0,66.0,40.42531443182359,-3.710173796420048,3,70.0,1,5,0.33,7,257
17.0,66.0,40.4255,-3.70972,3,161.0,1,11,0.7,7,365
17.0,61.0,40.41056261919317,-3.7078803777694698,4,102.0,1,73,4.64,1,192
18.0,60.0,40.42632853150766,-3.6655778145955615,3,60.0,1,0,0.0,1,267
18.0,73.0,40.42434,-3.67859,4,128.0,20,24,1.53,13,95
17.0,79.0,40.41307497250402,-3.69699966502365,4,89.0,2,61,3.89,1,202
13.0,46.0,40.3985091,-3.6955263,4,111.0,3,13,0.84,1,2
17.0,61.0,40.41194,-3.70418,4,80.0,2,61,3.85,5,208
17.0,80.0,40.41839824450171,-3.7019070700557615,4,134.0,1,14,0.89,4,319
17.0,80.0,40.4186303074288,-3.7020185170469104,4,124.0,1,22,1.4,4,331
17.0,80.0,40.41861055662927,-3.703776926951952,4,102.0,1,27,1.75,4,326
16.0,73.0,40.40773445631066,-3.6845840462684274,3,28.0,1,28,1.87,7,207
17.0,77.0,40.4209,-3.6977,4,137.0,2,14,0.92,3,69
9.0,32.0,40.4426458,-3.6080003,4,86.0,2,24,1.56,1,315
13.0,59.0,40.41291,-3.71956,4,92.0,30,35,2.29,28,318
17.0,76.0,40.4174959,-3.7095306,4,99.0,2,29,1.82,1,46
10.0,81.0,40.45345054066031,-3.663109064948288,4,72.0,2,12,0.79,2,64
15.0,39.0,40.4361900255385,-3.712079278093937,4,140.0,1,32,2.04,1,299
10.0,36.0,40.48683,-3.69017,3,81.0,2,6,1.43,120,72
10.0,36.0,40.48691409381277,-3.689545029673112,3,95.0,2,9,1.81,120,76
10.0,36.0,40.48516,-3.69161,3,86.0,2,3,0.83,120,83
10.0,36.0,40.48546221775814,-3.691829410219922,3,73.0,2,4,0.31,120,70
16.0,66.0,40.44311041829278,-3.671840617980763,4,129.0,1,11,0.7,5,309
13.0,49.0,40.39764832994434,-3.70054233614702,4,153.0,2,129,8.23,4,157
17.0,66.0,40.42773908487571,-3.706737116206067,4,162.0,3,64,4.09,93,79
3.0,29.0,40.40749093558659,-3.739744376432896,4,64.0,1,83,5.3,1,64
14.0,71.0,40.47155,-3.69373,4,73.0,30,0,0.0,272,270
14.0,71.0,40.469829915872005,-3.693913517159426,4,82.0,30,0,0.0,272,270
12.0,54.0,40.50047288860099,-3.656906074538925,4,85.0,1,0,0.0,407,346
17.0,76.0,40.42062316328396,-3.7123237618708704,4,110.0,1,46,5.17,2,315
17.0,77.0,40.42603059160922,-3.700148514410712,4,46.0,1,6,0.38,87,290
17.0,66.0,40.42594737802981,-3.705074489785764,4,147.0,28,9,0.62,93,61
16.0,70.0,40.41702224055336,-3.670327899398433,4,130.0,10,10,0.64,33,119
6.0,25.0,40.386,-3.74326,3,44.0,1,10,0.64,3,208
17.0,76.0,40.40831,-3.71122,4,143.0,2,83,5.28,1,55
8.0,41.0,40.3983639784208,-3.654233515262604,3,36.0,3,64,4.16,1,239
17.0,61.0,40.41083070626704,-3.707446119789681,3,150.0,2,0,0.0,1,268
10.0,41.0,40.4347749126248,-3.641018941998482,4,84.0,2,69,4.39,1,130
7.0,33.0,40.37947,-3.633,4,90.0,2,106,6.87,1,131
17.0,61.0,40.41364321968495,-3.702436981172656,3,124.0,1,97,6.27,10,48
8.0,48.0,40.39182118561919,-3.6695249730163537,4,88.0,3,9,0.59,3,166
10.0,41.0,40.43043582957016,-3.63933262341124,4,81.0,1,27,1.78,181,320
11.0,70.0,40.43041606392034,-3.719983856256052,3,31.0,30,0,0.0,272,240
14.0,63.0,40.4569985535253,-3.699356416821028,4,111.0,1,36,2.33,292,324
16.0,59.0,40.44031,-3.6794,4,123.0,30,0,0.0,272,270
17.0,80.0,40.41485654890162,-3.7079816957220135,4,133.0,1,85,5.46,7,305
17.0,61.0,40.40899438070136,-3.69966946542263,4,102.0,3,38,2.43,1,219
17.0,61.0,40.41215,-3.70164,3,124.0,1,75,4.85,10,53
17.0,61.0,40.41196,-3.69911,3,101.0,1,47,3.05,10,58
17.0,61.0,40.41216,-3.69904,3,101.0,1,59,4.0,10,46
17.0,79.0,40.41325,-3.701,3,81.0,1,63,4.12,10,47
17.0,66.0,40.4233877,-3.706795099999999,4,68.0,1,4,0.33,13,115
9.0,24.0,40.42964,-3.62926,3,31.0,1,57,3.77,2,236
16.0,64.0,40.4565629,-3.6801211,4,121.0,30,3,0.22,161,252
16.0,64.0,40.45577218102863,-3.681198797852383,4,127.0,30,0,0.0,161,224
14.0,50.0,40.45841,-3.70569,4,96.0,2,50,3.18,4,3
16.0,70.0,40.4209239707654,-3.677894365004332,4,116.0,1,1,0.1,407,335
16.0,78.0,40.40801241476788,-3.6770302864463447,4,155.0,1,0,0.0,407,312
18.0,82.0,40.4224,-3.69046,4,159.0,1,1,0.1,407,5
17.0,61.0,40.4097768,-3.7085026,4,88.0,1,0,0.0,407,364
14.0,63.0,40.45618363297909,-3.692810386419296,4,91.0,2,32,2.13,1,39
17.0,66.0,40.4249665,-3.702483899999999,3,55.0,5,17,2.44,3,160
13.0,59.0,40.4127366,-3.7199149,4,95.0,30,18,1.19,1,335
6.0,25.0,40.38242,-3.74549,3,73.0,2,17,1.48,120,68
8.0,12.0,40.38871,-3.64138,4,108.0,2,66,4.21,31,240
4.0,57.0,40.4704,-3.58288,4,123.0,2,55,3.61,2,167
6.0,25.0,40.38246,-3.74616,3,39.0,2,4,0.27,120,82
18.0,68.0,40.4327867,-3.6753373,4,164.0,1,115,7.32,3,109
4.0,57.0,40.4704,-3.58288,4,111.0,2,36,2.37,2,131
10.0,41.0,40.43276026164364,-3.646487135885418,3,32.0,15,3,0.2,17,152
14.0,57.0,40.4670626,-3.7056482,3,60.0,14,0,0.0,2,267
17.0,66.0,40.42411,-3.70567,4,153.0,28,4,0.27,93,141
18.0,68.0,40.432226,-3.6742359,4,105.0,2,70,4.51,4,163
17.0,77.0,40.427,-3.70115,3,45.0,2,15,0.97,3,270
16.0,30.0,40.41222,-3.66633,3,67.0,1,102,6.51,1,298
13.0,49.0,40.39617,-3.69777,4,77.0,1,76,4.85,14,265
12.0,27.0,40.46177765516895,-3.655149154365063,4,163.0,3,10,0.66,1,220
17.0,66.0,40.4266,-3.70402,4,136.0,1,9,0.59,77,2
14.0,71.0,40.46676,-3.69628,4,84.0,14,0,0.0,7,281
14.0,71.0,40.46836656986814,-3.6962893869210856,4,106.0,30,0,0.0,7,290
14.0,57.0,40.46659,-3.69795,4,110.0,14,0,0.0,7,290
16.0,65.0,40.47461,-3.6866,4,97.0,1,6,0.39,24,232
17.0,66.0,40.42236,-3.7026,4,110.0,1,99,6.47,6,241
17.0,80.0,40.41796826191142,-3.703179898347335,4,131.0,1,6,0.97,87,283
6.0,8.0,40.3716,-3.71702,3,49.0,1,40,2.56,3,118
16.0,80.0,40.40107,-3.66864,4,75.0,3,24,1.62,1,241
17.0,80.0,40.41813072925669,-3.704802853249512,3,70.0,2,77,5.05,6,5
2.0,2.0,40.40156600310507,-3.646014136120361,3,55.0,1,0,0.0,1,269
8.0,41.0,40.39695733171735,-3.6624017447468034,4,150.0,3,27,2.31,1,215
17.0,77.0,40.4232884,-3.6994182,4,113.0,3,28,1.99,17,284
8.0,48.0,40.3936167,-3.6692362,3,27.0,1,0,0.0,2,238
6.0,17.0,40.38648,-3.73312,3,35.0,1,2,0.19,1,253
18.0,73.0,40.42579348154709,-3.673343868350389,4,120.0,10,1,1.0,24,193
17.0,66.0,40.42287887970427,-3.705796994274624,4,88.0,28,13,0.86,14,67
17.0,66.0,40.428052635547886,-3.7022256553662096,3,134.0,2,12,0.79,1,247
6.0,25.0,40.3787,-3.75427,3,36.0,3,0,0.0,1,363
13.0,60.0,40.4048717,-3.693256299999999,3,51.0,1,24,1.56,2,100
17.0,76.0,40.41216,-3.71406,4,119.0,1,62,4.01,1,346
10.0,45.0,40.481875322604616,-3.720186352729797,3,40.0,1,48,3.15,2,358
10.0,41.0,40.42724,-3.64474,4,70.0,15,6,0.43,14,225
13.0,46.0,40.39772,-3.69608,3,51.0,2,67,4.34,1,80
8.0,10.0,40.3782437,-3.6652321,3,39.0,1,22,1.42,1,162
10.0,45.0,40.422369,-3.644582,3,33.0,1,55,3.56,3,224
17.0,66.0,40.42337,-3.70143,3,45.0,2,0,0.0,1,44
17.0,61.0,40.40806499338876,-3.7089111576833846,4,69.0,30,19,1.25,28,340
18.0,63.0,40.429991274294,-3.665247431852277,3,47.0,1,34,2.21,1,142
13.0,46.0,40.39733,-3.69459,4,94.0,1,16,1.07,181,328
18.0,63.0,40.43328916756296,-3.6667364140817664,4,116.0,30,1,0.13,3,268
16.0,64.0,40.45272,-3.68102,3,48.0,1,47,3.05,1,161
17.0,77.0,40.420969162519725,-3.6972404931690455,4,84.0,2,64,4.2,1,216
6.0,45.0,40.3892444,-3.7216273,3,50.0,1,111,7.21,1,247
14.0,63.0,40.4490785,-3.7010632,4,67.0,1,2,0.18,2,93
17.0,77.0,40.424579365493024,-3.700346383867743,4,98.0,1,0,0.0,407,42
17.0,66.0,40.42376749725767,-3.709520548582077,4,115.0,2,114,7.37,5,165
15.0,66.0,40.43191,-3.70971,4,113.0,1,1,0.09,407,30
17.0,61.0,40.40905262731,-3.7074497679835337,4,134.0,1,0,0.0,407,352
6.0,56.0,40.3704111,-3.6982935,4,53.0,2,49,3.18,31,172
17.0,76.0,40.41038536661108,-3.709172344625255,4,131.0,1,0,0.0,407,161
13.0,49.0,40.394503,-3.6960398,3,39.0,2,31,2.01,1,342
3.0,5.0,40.3952621,-3.7715959,3,60.0,1,0,0.0,1,269
8.0,12.0,40.38374184686021,-3.6502178701259376,4,65.0,7,2,0.19,8,357
8.0,12.0,40.38519198294723,-3.6502376729840686,4,92.0,7,0,0.0,8,353
13.0,59.0,40.40428329999999,-3.7168436,4,148.0,30,0,0.0,249,170
7.0,33.0,40.37463448207495,-3.608582711312837,4,91.0,1,25,1.73,292,279
11.0,70.0,40.42502,-3.71357,4,127.0,1,0,0.0,407,345
17.0,61.0,40.40938344288342,-3.7045054882764816,4,116.0,1,90,5.91,4,205
17.0,61.0,40.40938344288342,-3.7045054882764816,4,71.0,1,48,3.2,4,215
11.0,15.0,40.46811,-3.72335,3,31.0,30,3,0.25,9,47
4.0,40.0,40.47349827201374,-3.580560347062184,3,50.0,1,41,2.73,1,80
17.0,76.0,40.42044851800384,-3.711126499396292,4,81.0,20,4,0.28,107,160
10.0,45.0,40.43209,-3.65141,3,43.0,1,0,0.0,2,264
17.0,80.0,40.41825,-3.7063,3,47.0,30,1,0.36,161,269
17.0,76.0,40.42034686737836,-3.710284747530568,4,117.0,1,71,4.98,3,339
17.0,61.0,40.40892618018677,-3.695204634258924,4,143.0,28,23,2.4,1,11
14.0,63.0,40.44796,-3.70101,3,120.0,1,0,0.0,1,269
17.0,76.0,40.42243369656748,-3.7099994817721154,4,143.0,20,1,0.12,107,79
17.0,76.0,40.42166719770576,-3.709328784925128,4,85.0,20,3,0.73,107,129
17.0,76.0,40.421,-3.70933,4,119.0,20,7,0.46,107,107
17.0,77.0,40.4224918,-3.6996226,3,79.0,1,61,3.99,2,214
17.0,80.0,40.41955350088575,-3.7057618385526334,3,40.0,1,110,7.13,16,72
11.0,70.0,40.42516950827312,-3.714310543939473,4,116.0,7,19,1.3,24,35
17.0,76.0,40.421439,-3.7102343,4,94.0,20,2,0.19,107,136
17.0,76.0,40.42065181215493,-3.7095735594628687,4,103.0,20,7,0.94,107,132
13.0,49.0,40.39627611168764,-3.6979868343541926,4,110.0,1,1,1.0,87,339
13.0,55.0,40.4044472,-3.711976,4,96.0,1,124,8.03,4,344
17.0,76.0,40.421439,-3.7102343,4,111.0,20,5,0.83,107,126
17.0,76.0,40.421439,-3.7102343,4,97.0,20,2,0.17,107,251
13.0,55.0,40.40507098272835,-3.71080514795374,4,96.0,1,112,7.26,4,346
17.0,79.0,40.4153424,-3.699965999999999,4,148.0,2,38,2.66,1,350
10.0,53.0,40.47311388860105,-3.715018296851874,4,65.0,30,4,0.54,1,127
15.0,67.0,40.43863,-3.69284,3,58.0,1,14,1.0,5,97
15.0,67.0,40.43863,-3.69284,3,58.0,1,2,0.57,5,108
15.0,67.0,40.43863,-3.69284,3,58.0,1,0,0.0,5,111
15.0,67.0,40.43863,-3.69284,3,58.0,1,0,0.0,5,108
15.0,67.0,40.43863,-3.69284,3,58.0,1,3,0.21,5,108
17.0,61.0,40.41285,-3.70329,4,126.0,1,24,1.64,4,335
17.0,61.0,40.41225285157916,-3.702018066848781,4,143.0,3,4,0.26,19,97
17.0,77.0,40.4205958,-3.6986786,3,73.0,1,167,10.87,53,12
17.0,61.0,40.40952,-3.70431,4,139.0,4,46,4.0,7,23
8.0,41.0,40.39674311252421,-3.666184768080712,1,45.0,4,14,0.94,2,317
17.0,80.0,40.4150974,-3.7024616,4,152.0,1,2,0.16,16,242
17.0,76.0,40.4121589,-3.7088319,3,70.0,2,41,2.92,1,3
17.0,79.0,40.41454,-3.700048,3,70.0,1,0,0.0,2,81
17.0,79.0,40.41454,-3.700048,3,70.0,1,0,0.0,2,105
17.0,61.0,40.41037472561038,-3.6993801221251488,4,72.0,1,80,5.24,3,219
6.0,25.0,40.3888934,-3.7392024,3,35.0,2,16,1.05,1,32
13.0,49.0,40.3965398,-3.6965335,4,74.0,2,35,2.45,1,15
14.0,65.0,40.45809317519988,-3.697626940692412,4,156.0,7,17,1.12,6,26
1.0,13.0,40.39559795575852,-3.626979900317533,3,41.0,1,0,0.0,2,364
17.0,79.0,40.41371,-3.69589,4,107.0,2,78,5.38,4,85
14.0,63.0,40.454018288302464,-3.702527720910382,4,116.0,7,3,0.32,36,270
10.0,45.0,40.48304391377452,-3.7193551311906377,3,45.0,1,22,1.45,2,355
10.0,41.0,40.42705,-3.63197,4,115.0,2,73,4.82,1,17
17.0,80.0,40.4150974,-3.7024616,4,153.0,1,0,0.0,16,240
8.0,37.0,40.39359162610359,-3.662241783460124,3,47.0,4,29,1.96,1,50
15.0,66.0,40.43507530031788,-3.707665156967122,4,111.0,3,28,2.2,16,334
17.0,76.0,40.420589,-3.706897,3,70.0,1,0,0.0,4,97
17.0,76.0,40.420589,-3.706897,3,70.0,1,0,0.0,4,71
17.0,76.0,40.420589,-3.706897,3,70.0,1,0,0.0,4,105
17.0,76.0,40.42059,-3.7069,3,70.0,1,0,0.0,4,109
17.0,76.0,40.419044,-3.709406,3,70.0,1,0,0.0,2,105
17.0,76.0,40.419044,-3.709406,3,70.0,1,0,0.0,2,106
17.0,61.0,40.4079223,-3.7018001,4,87.0,3,5,0.36,23,340
13.0,55.0,40.40219103827484,-3.708350770175457,3,90.0,2,11,0.73,1,359
15.0,69.0,40.4285443,-3.694378,4,122.0,3,63,4.22,1,229
6.0,17.0,40.37752083785835,-3.7469434484425146,3,46.0,1,11,0.77,11,19
15.0,66.0,40.43365836037503,-3.709302366497688,4,71.0,20,3,0.21,4,100
14.0,63.0,40.4474183,-3.7013575,3,50.0,1,48,3.15,11,314
14.0,50.0,40.46259855529269,-3.7027933596018143,4,103.0,1,29,1.92,292,308
9.0,45.0,40.4424034903747,-3.581938532917216,4,150.0,1,2,0.19,1,337
16.0,51.0,40.4027768,-3.6744854,4,70.0,2,19,1.8,13,208
14.0,63.0,40.45544,-3.69915,4,109.0,1,18,1.18,292,334
3.0,12.0,40.39201,-3.74343,4,59.0,3,19,1.33,1,10
15.0,39.0,40.43180298226261,-3.713038509048593,3,51.0,1,86,6.58,3,237
17.0,61.0,40.40585,-3.70155,4,110.0,1,10,0.66,54,334
17.0,66.0,40.4284544,-3.702801099999999,4,81.0,1,5,0.71,24,336
18.0,68.0,40.43567968997619,-3.676060291592177,4,110.0,1,26,2.47,24,332
18.0,63.0,40.43655529999999,-3.6753592,4,114.0,1,3,0.24,24,311
17.0,79.0,40.41238989520237,-3.6971261693115176,3,82.0,1,83,5.8,5,243
17.0,61.0,40.41146,-3.69935,3,124.0,1,152,9.98,10,38
17.0,80.0,40.415201694869225,-3.705853325986848,4,125.0,1,16,1.08,292,229
17.0,61.0,40.411064902086586,-3.699365626008209,3,101.0,1,75,4.93,10,39
14.0,52.0,40.45293,-3.70417,4,100.0,1,35,2.99,26,352
13.0,59.0,40.4050485014244,-3.716264013943646,4,86.0,30,4,0.28,28,226
8.0,41.0,40.3983268,-3.6543053,3,36.0,3,29,1.94,1,292
6.0,28.0,40.38832066218278,-3.700780817736297,4,103.0,28,0,0.0,107,240
8.0,12.0,40.388255643986966,-3.63797228783369,3,39.0,28,14,1.0,3,318
17.0,66.0,40.422811257919264,-3.700927613730763,3,87.0,4,32,2.22,12,40
10.0,81.0,40.455118530003936,-3.662677621288964,4,85.0,2,2,0.19,2,43
3.0,29.0,40.406284718663805,-3.734000594496905,4,120.0,2,8,0.54,20,300
14.0,57.0,40.4627343,-3.6981062,4,128.0,1,23,1.82,5,358
17.0,66.0,40.42211,-3.70541,3,58.0,2,4,0.27,2,4
10.0,36.0,40.4840065,-3.6859383,3,61.0,1,0,0.0,6,335
17.0,77.0,40.42302,-3.70017,4,134.0,1,3,0.35,407,314
6.0,28.0,40.38775,-3.7067,3,90.0,1,0,0.0,1,89
6.0,25.0,40.38756155340877,-3.7398908659815793,4,90.0,1,12,1.0,2,72
14.0,52.0,40.4523,-3.70396,4,128.0,1,40,3.42,26,254
14.0,52.0,40.45283394878764,-3.706006311006412,4,110.0,1,45,3.86,26,254
14.0,52.0,40.45382,-3.70605,4,121.0,1,55,4.29,26,248
14.0,63.0,40.45047658966954,-3.702231695194966,4,140.0,2,1,0.17,107,34
17.0,77.0,40.42831,-3.69936,4,134.0,1,0,0.0,407,342
17.0,77.0,40.42805,-3.69906,4,128.0,1,0,0.0,407,73
15.0,66.0,40.43387663765265,-3.7046934034026906,4,75.0,1,6,0.42,1,172
6.0,11.0,40.38306019136974,-3.7294835597276688,3,32.0,1,108,7.22,2,204
9.0,32.0,40.43846117391991,-3.6107338580543096,3,23.0,5,0,0.0,17,348
2.0,23.0,40.406261865308245,-3.652649969148738,4,90.0,2,10,0.7,1,171
6.0,11.0,40.3830879,-3.7255367,3,44.0,1,5,0.44,1,356
12.0,54.0,40.50581943281983,-3.6552105908103223,4,127.0,9,15,1.02,11,62
14.0,63.0,40.45165389511181,-3.7008330705768016,4,116.0,2,6,0.73,107,1
17.0,61.0,40.41309,-3.70461,4,116.0,1,34,2.67,292,279
13.0,49.0,40.39624,-3.69775,4,77.0,1,64,4.45,14,300
3.0,11.0,40.40567,-3.72447,4,91.0,3,6,0.4,29,315
10.0,45.0,40.42797394964672,-3.647023382960634,4,59.0,15,14,1.02,14,280
17.0,61.0,40.40634101976632,-3.700859815797157,3,45.0,6,2,0.43,4,264
17.0,61.0,40.40862,-3.70008,3,45.0,6,10,0.67,4,259
17.0,77.0,40.42247129441957,-3.698929882285448,4,93.0,2,69,4.59,5,144
17.0,61.0,40.40925,-3.6962,3,45.0,2,54,3.67,1,183
8.0,41.0,40.40110210116461,-3.666463382542133,4,60.0,30,32,2.14,1,294
17.0,76.0,40.41011,-3.71331,3,61.0,2,12,0.81,2,34
17.0,77.0,40.42659,-3.69484,3,97.0,1,0,0.0,2,364
17.0,77.0,40.42212,-3.69695,3,102.0,4,36,2.47,9,44
3.0,29.0,40.4109686,-3.7311127,4,81.0,2,79,5.37,5,171
17.0,80.0,40.4178833,-3.702795999999999,4,104.0,1,48,3.36,12,315
17.0,80.0,40.41696264345756,-3.7036044905581575,4,114.0,1,76,5.24,12,313
3.0,11.0,40.4057663167088,-3.7242473067649096,4,141.0,3,9,0.6,29,296
6.0,28.0,40.386390158312345,-3.705278526458749,3,38.0,1,34,2.79,12,258
13.0,55.0,40.40239834357959,-3.711312264204025,3,70.0,2,25,1.67,1,254
6.0,17.0,40.38351131132705,-3.730227252113549,3,38.0,2,59,3.98,3,152
17.0,79.0,40.41169,-3.69538,3,70.0,1,0,0.0,1,269
14.0,63.0,40.45078429004804,-3.700723114521336,4,141.0,3,3,0.37,107,39
14.0,63.0,40.45170961202736,-3.702981520640319,4,148.0,1,3,0.2,107,32
10.0,45.0,40.42843581740507,-3.648411323497454,4,136.0,1,11,0.78,65,3
17.0,61.0,40.40780321609,-3.701550487852831,3,47.0,10,4,0.27,4,264
17.0,80.0,40.41657,-3.70346,4,65.0,20,5,0.52,2,247
17.0,61.0,40.40853,-3.70524,4,121.0,1,109,8.07,4,204
17.0,61.0,40.41334795571807,-3.7020182333880256,4,98.0,30,2,0.16,1,341
10.0,41.0,40.42805,-3.63958,3,54.0,1,40,2.67,1,343
14.0,65.0,40.45853509717764,-3.696517467489829,4,112.0,1,20,1.36,52,247
10.0,41.0,40.428582032734205,-3.642862008993665,4,72.0,1,11,0.75,1,274
17.0,80.0,40.4150751903578,-3.707692026983642,4,100.0,2,20,1.35,1,101
3.0,29.0,40.40651,-3.7385,4,113.0,1,3,0.25,2,256
17.0,76.0,40.40921,-3.7123,4,82.0,6,1,0.25,2,194
16.0,51.0,40.40515,-3.67348,3,31.0,1,33,2.24,18,306
6.0,17.0,40.37903,-3.74086,4,133.0,1,22,1.68,73,326
9.0,24.0,40.43827,-3.63592,4,118.0,5,47,3.2,1,158
6.0,45.0,40.39012,-3.72195,3,28.0,2,28,2.25,1,323
11.0,70.0,40.43110386640298,-3.718663657429963,4,121.0,1,13,0.92,77,334
15.0,64.0,40.42931026514045,-3.699459657672117,4,130.0,30,5,0.34,2,332
6.0,32.0,40.38623911551161,-3.700300507407303,4,79.0,28,1,0.15,107,235
8.0,48.0,40.39357,-3.66653,4,84.0,1,3,0.2,95,349
17.0,76.0,40.4119122,-3.7099698,4,143.0,20,6,0.83,23,1
18.0,82.0,40.42684,-3.68448,4,106.0,3,50,3.39,30,26
14.0,57.0,40.4627343,-3.6981062,4,157.0,1,22,1.75,5,355
14.0,57.0,40.4627343,-3.6981062,4,160.0,1,19,1.42,5,355
14.0,57.0,40.46198,-3.69924,4,164.0,1,42,2.99,5,335
11.0,70.0,40.42580886265896,-3.716864468316901,3,51.0,1,5,0.41,17,136
6.0,32.0,40.386546946301344,-3.6993735019204017,4,93.0,28,2,0.37,107,224
17.0,77.0,40.4272839,-3.6997436,4,140.0,1,0,0.0,407,49
11.0,18.0,40.42491,-3.71683,3,45.0,1,2,0.15,17,145
17.0,77.0,40.4225339,-3.6978893,4,150.0,2,35,2.42,1,310
11.0,70.0,40.42538,-3.71691,3,48.0,1,27,1.84,17,152
11.0,70.0,40.42396773282949,-3.714669108563924,3,47.0,1,15,1.05,17,340
17.0,61.0,40.41198,-3.69913,4,125.0,1,15,1.3,2,247
17.0,76.0,40.41092172939955,-3.7124819997634817,4,112.0,6,4,0.37,2,309
17.0,66.0,40.42036,-3.70267,3,56.0,1,8,0.55,17,342
17.0,61.0,40.4097088,-3.7059328,4,138.0,3,50,3.42,1,238
5.0,35.0,40.35153667809014,-3.6857183490587833,3,30.0,3,17,1.2,3,165
13.0,60.0,40.405703095162885,-3.693805325886618,4,132.0,1,30,2.06,12,130
9.0,32.0,40.435765199125726,-3.609289202532755,3,117.0,1,12,0.84,1,361
13.0,59.0,40.40376,-3.71987,4,95.0,2,64,5.93,4,41
13.0,59.0,40.40374355497086,-3.717666672476498,4,131.0,2,156,14.72,4,63
13.0,59.0,40.40222086402494,-3.718406125653344,4,148.0,2,51,4.62,4,43
17.0,61.0,40.41019,-3.70447,4,114.0,1,1,1.0,28,337
17.0,76.0,40.40918319659284,-3.713290292359421,3,104.0,1,22,1.47,181,11
17.0,61.0,40.4097088,-3.7059328,4,163.0,3,63,4.43,1,238
15.0,39.0,40.43266319999999,-3.7119756,4,147.0,30,0,0.0,249,226
14.0,63.0,40.450005,-3.703251600000001,4,116.0,30,0,0.0,249,107
17.0,66.0,40.4243695,-3.7026741,4,142.0,30,1,0.49,249,260
13.0,55.0,40.40310833599095,-3.7036871933221938,4,129.0,3,27,2.36,2,163
17.0,66.0,40.42844,-3.71109,4,136.0,1,6,0.48,1,5
18.0,63.0,40.43025,-3.66675,4,119.0,1,12,0.99,292,238
14.0,50.0,40.46182365179937,-3.705267629506204,4,137.0,1,12,1.01,292,352
14.0,52.0,40.455492,-3.7061685,4,119.0,1,6,0.42,2,239
3.0,26.0,40.406588,-3.7501011,4,63.0,7,1,0.09,1,225
10.0,36.0,40.484807449879504,-3.687717073456168,4,139.0,1,0,0.0,6,360
10.0,35.0,40.43814973190891,-3.653718584997657,3,54.0,1,8,0.55,1,20
13.0,72.0,40.38887,-3.69486,4,72.0,1,70,4.76,6,100
6.0,22.0,40.37409419999999,-3.7498265,3,75.0,1,8,0.54,2,269
10.0,45.0,40.42945,-3.65808,4,86.0,4,67,5.06,1,329
17.0,77.0,40.422348883657165,-3.699665442109108,3,83.0,1,43,2.96,2,227
17.0,66.0,40.42119095853104,-3.703289899740067,3,90.0,3,28,2.33,1,46
8.0,48.0,40.38473375251733,-3.6698194965720177,3,54.0,1,3,0.29,1,77
10.0,45.0,40.42948842883369,-3.649655633501098,4,80.0,2,48,3.38,1,63
15.0,66.0,40.43099809995652,-3.7069277687866142,3,86.0,2,35,2.44,2,222
18.0,82.0,40.4279131,-3.6815138,3,98.0,1,46,3.15,1,230
17.0,61.0,40.408296831500834,-3.700236260422926,3,57.0,1,5,0.42,4,261
17.0,66.0,40.42065318935975,-3.706503601931229,4,139.0,1,6,0.42,9,244
6.0,32.0,40.3872699,-3.700003999999999,4,68.0,30,4,0.32,107,220
15.0,67.0,40.4443417751157,-3.699749145276087,4,127.0,4,30,2.34,13,226
6.0,28.0,40.3866247,-3.7039903,3,51.0,1,14,0.95,3,243
3.0,29.0,40.40919,-3.732889999999999,4,89.0,2,8,2.29,1,104
3.0,29.0,40.40943654816269,-3.736310116946697,3,49.0,1,17,1.18,1,355
13.0,55.0,40.40350612291975,-3.712753331668501,4,86.0,1,111,7.57,4,349
17.0,80.0,40.41900494487689,-3.7004071135251073,4,90.0,1,37,2.78,1,302
13.0,60.0,40.4027303233397,-3.690767375516052,4,98.0,1,57,3.94,181,305
16.0,66.0,40.44027401559751,-3.674417355549596,4,125.0,1,22,1.81,334,317
8.0,12.0,40.38720764873992,-3.6367506498138265,3,30.0,28,3,0.22,3,226
15.0,67.0,40.44319254645241,-3.6997790342164154,4,143.0,3,17,1.17,1,278
18.0,73.0,40.42544,-3.67758,4,163.0,30,0,0.0,9,114
3.0,29.0,40.4047632,-3.7420254,3,42.0,1,19,4.07,1,342
6.0,45.0,40.38981977078462,-3.719912096858024,3,47.0,1,51,3.46,2,340
5.0,35.0,40.34843,-3.69008,4,84.0,1,8,0.58,10,341
5.0,35.0,40.34977041735887,-3.69014967990616,4,78.0,1,5,0.39,10,310
5.0,35.0,40.35032117385178,-3.6894997949447776,4,79.0,1,13,1.04,10,324
5.0,35.0,40.34917854087843,-3.687955895377285,4,82.0,1,20,1.45,10,340
13.0,49.0,40.39164359734546,-3.696775860022828,4,135.0,1,19,1.31,22,340
18.0,83.0,40.42978,-3.68601,4,164.0,1,26,1.81,4,308
17.0,77.0,40.4272839,-3.6997436,4,143.0,1,0,0.0,407,2
10.0,36.0,40.5123,-3.67709,4,150.0,1,9,0.64,72,288
14.0,52.0,40.45245,-3.70367,4,78.0,2,22,1.54,1,4
16.0,78.0,40.41431,-3.67521,4,140.0,30,7,0.5,9,5
17.0,66.0,40.42589,-3.7062,3,73.0,1,1,0.68,3,223
17.0,76.0,40.42247161139916,-3.710931403202388,4,101.0,20,1,0.13,107,156
14.0,63.0,40.45191828945157,-3.701100348848653,4,137.0,1,14,1.17,107,34
14.0,63.0,40.45074264639728,-3.701063299441962,4,154.0,1,7,0.66,107,27
3.0,12.0,40.39246,-3.76523,3,37.0,2,54,3.78,1,7
17.0,61.0,40.41346,-3.7034,4,124.0,3,33,2.27,5,44
17.0,61.0,40.40761051075216,-3.706407900238748,4,100.0,1,39,2.65,2,239
17.0,76.0,40.42226,-3.70943,4,90.0,20,2,0.15,107,246
17.0,66.0,40.42550668045226,-3.705996300558813,4,150.0,1,0,0.0,5,193
16.0,64.0,40.45816,-3.68808,4,154.0,30,1,0.08,249,106
17.0,66.0,40.42376226052741,-3.706877082210687,4,139.0,1,24,1.7,5,40
17.0,76.0,40.41288,-3.711,4,120.0,2,12,6.32,4,161
17.0,66.0,40.42362916062353,-3.7080065368843873,4,139.0,1,23,1.64,5,39
17.0,66.0,40.42368745232143,-3.707921814528874,4,133.0,1,48,3.35,5,58
15.0,67.0,40.44579864510445,-3.701252163019295,4,140.0,15,2,0.73,272,338
13.0,72.0,40.3857772,-3.691428699999999,4,149.0,2,7,0.56,20,340
17.0,61.0,40.40705362674371,-3.696132637560368,3,83.0,5,32,2.34,1,225
11.0,46.0,40.43928553074169,-3.718231588569183,4,82.0,30,0,0.0,272,364
13.0,60.0,40.40111,-3.69506,4,78.0,1,52,4.22,1,335
10.0,45.0,40.42481,-3.65551,4,83.0,2,92,6.48,12,308
17.0,61.0,40.41033700000001,-3.701777699999999,4,146.0,1,0,0.0,407,340
17.0,61.0,40.41035424164191,-3.701772756848548,4,139.0,1,1,0.16,407,354
11.0,46.0,40.4407796,-3.720065,4,110.0,1,1,0.36,407,273
11.0,70.0,40.42965935051602,-3.718130860571961,4,136.0,1,0,0.0,407,263
17.0,61.0,40.41033700000001,-3.701777699999999,4,94.0,1,0,0.0,407,348
17.0,66.0,40.42325,-3.70599,4,157.0,30,0,0.0,249,227
8.0,37.0,40.39301271040361,-3.66216845903772,4,76.0,1,22,1.65,3,304
9.0,45.0,40.44240898734928,-3.5832926467233266,4,106.0,3,8,0.56,23,341
8.0,48.0,40.3949624428538,-3.6641979501348407,4,92.0,1,5,0.36,3,304
13.0,60.0,40.40302,-3.69253,3,42.0,1,109,7.43,1,186
6.0,39.0,40.4002666,-3.7232507,4,146.0,2,0,0.0,2,229
12.0,61.0,40.47022096272224,-3.647912675711292,4,99.0,1,9,0.64,54,357
12.0,61.0,40.47176,-3.64709,4,99.0,1,10,0.71,54,341
12.0,61.0,40.4701175654589,-3.649236815903818,4,99.0,1,17,1.19,54,352
12.0,61.0,40.47132,-3.64912,4,99.0,1,8,0.59,54,348
12.0,61.0,40.4699147086974,-3.647225570601981,4,108.0,1,10,0.71,54,338
18.0,60.0,40.42567,-3.66832,4,138.0,4,43,2.99,2,133
7.0,33.0,40.36696028050767,-3.600613810122013,3,34.5,1,0,0.0,1,269
17.0,76.0,40.40849496513048,-3.711228774046175,4,105.0,7,7,0.57,3,153
17.0,77.0,40.42315,-3.69718,3,75.0,1,37,3.04,2,339
12.0,27.0,40.46272,-3.64617,3,47.0,1,4,0.28,5,308
17.0,80.0,40.41824340785737,-3.705972173112259,3,54.0,2,58,4.64,6,11
17.0,66.0,40.42473013539106,-3.7117456986989503,4,110.0,2,30,2.07,1,45
17.0,80.0,40.41799562205525,-3.704307246910937,3,49.0,2,51,3.54,6,12
6.0,42.0,40.3906395,-3.7113185,4,60.0,1,0,0.0,1,238
17.0,61.0,40.40745369519676,-3.7027705404748255,4,100.0,3,3,0.21,1,41
17.0,79.0,40.415237690973385,-3.6952814245807377,4,142.0,1,19,1.31,2,303
17.0,61.0,40.4079485114057,-3.704768753442389,4,143.0,3,16,1.09,1,1
17.0,76.0,40.41884161969921,-3.711075286956409,3,126.0,1,10,0.7,2,244
17.0,61.0,40.41033700000001,-3.701777699999999,4,110.0,1,3,0.69,407,346
17.0,61.0,40.40956,-3.70871,4,88.0,1,2,0.18,407,330
17.0,61.0,40.41015,-3.70932,4,129.0,1,1,0.3,407,299
7.0,33.0,40.36579,-3.61991,4,62.0,2,19,1.31,1,244
17.0,61.0,40.41064348319033,-3.701803581296265,4,151.0,1,0,0.0,407,318
16.0,51.0,40.40023,-3.67601,4,124.0,7,5,0.46,36,255
17.0,61.0,40.4136520100879,-3.707142770290375,4,134.0,1,4,0.35,33,310
14.0,65.0,40.45768177713931,-3.701318688690662,3,32.0,1,74,5.09,1,307
6.0,17.0,40.38675347450136,-3.730936537826023,4,89.0,2,76,5.31,1,276
10.0,53.0,40.4754363,-3.7129254,4,90.0,4,14,1.15,1,276
6.0,56.0,40.37933,-3.69434,3,29.0,1,5,1.23,1,260
17.0,61.0,40.41091,-3.7078,4,92.0,1,1,0.11,407,226
17.0,76.0,40.41285,-3.70766,4,156.0,1,0,0.0,33,312
17.0,61.0,40.4136828,-3.7070348,4,156.0,1,3,0.21,33,290
17.0,61.0,40.4136828,-3.7070348,4,156.0,1,9,0.64,33,286
17.0,61.0,40.4136828,-3.7070348,4,146.0,1,5,0.42,33,316
17.0,61.0,40.4136828,-3.7070348,4,158.0,1,4,0.32,33,323
13.0,46.0,40.39953,-3.69445,4,76.0,3,23,1.89,1,227
10.0,36.0,40.48619861587811,-3.684587537881693,4,95.0,1,19,1.42,292,333
10.0,62.0,40.46863723923258,-3.668343735035065,4,151.0,3,36,2.61,1,79
10.0,45.0,40.4295622054706,-3.654195721251492,4,136.0,1,5,0.49,1,347
13.0,60.0,40.40509,-3.69758,4,122.0,1,16,1.12,77,340
9.0,45.0,40.44399264202388,-3.582003973424434,4,87.0,1,154,10.97,3,52
6.0,28.0,40.39160786363999,-3.707556436612853,3,60.0,15,0,0.0,1,89
6.0,39.0,40.3972267157528,-3.73484246083795,4,85.0,20,9,0.62,2,57
14.0,71.0,40.4719719,-3.6904072,4,149.0,3,5,0.43,23,337
18.0,63.0,40.43233770306432,-3.667765694303561,4,159.0,30,0,0.0,20,338
17.0,61.0,40.41034,-3.70178,4,110.0,1,0,0.0,407,266
17.0,61.0,40.41033700000001,-3.701777699999999,4,110.0,1,0,0.0,407,282
17.0,61.0,40.41033700000001,-3.701777699999999,4,104.0,1,0,0.0,407,352
17.0,61.0,40.40844401682746,-3.7092418084314094,4,88.0,1,0,0.0,407,344
17.0,61.0,40.40839,-3.70931,4,88.0,1,0,0.0,407,338
17.0,61.0,40.40921714891083,-3.709911967514115,4,92.0,1,0,0.0,407,264
15.0,70.0,40.44631045354841,-3.7058129480244544,4,74.0,10,0,0.0,20,358
12.0,54.0,40.50135,-3.6567,4,85.0,1,2,0.18,407,251
12.0,54.0,40.50141201109434,-3.6586803658024873,4,85.0,1,0,0.0,407,346
12.0,54.0,40.49303,-3.65664,4,85.0,1,1,0.42,407,344
14.0,63.0,40.45288040075047,-3.697657584184033,3,60.0,1,46,3.22,1,244
13.0,55.0,40.402042626787264,-3.705996881313868,4,141.0,1,2,0.86,9,327
6.0,32.0,40.3862,-3.70024,4,107.0,28,5,0.39,107,248
17.0,76.0,40.41261919241692,-3.707842659675645,4,75.0,30,28,1.98,28,324
15.0,66.0,40.4340376,-3.7068395,4,111.0,1,76,5.33,1,299
13.0,55.0,40.40379382585183,-3.703925150034789,4,145.0,1,8,0.56,9,329
12.0,27.0,40.45802132259507,-3.652840656181912,4,110.5,3,0,0.0,1,342
18.0,63.0,40.43155,-3.66594,4,159.0,30,0,0.0,20,328
13.0,55.0,40.40175,-3.70436,4,145.0,1,3,0.21,9,341
6.0,32.0,40.38646280977893,-3.699022892862656,4,93.0,30,0,0.0,107,146
10.0,36.0,40.5057074,-3.6698972,3,54.0,1,11,0.78,1,326
5.0,10.0,40.34292,-3.68491,3,36.0,2,0,0.0,1,37
17.0,66.0,40.42040524537817,-3.703866761194919,4,126.0,3,53,4.52,1,51
9.0,43.0,40.42571209415061,-3.606206795006321,4,79.0,30,0,0.0,272,340
17.0,61.0,40.408806067185566,-3.701005063608047,3,45.0,1,0,0.0,1,348
18.0,63.0,40.42883,-3.66894,4,105.0,1,53,3.71,1,67
17.0,61.0,40.409171142159074,-3.705755406425364,4,100.0,4,9,0.75,1,250
17.0,66.0,40.421647,-3.701279199999999,4,99.0,1,55,4.66,12,317
8.0,41.0,40.4038624,-3.663716999999999,4,69.0,2,53,4.24,1,172
17.0,61.0,40.41276,-3.70708,4,130.0,3,57,4.05,24,16
14.0,71.0,40.47295495363999,-3.6935295276474034,3,116.0,1,5,0.36,3,342
3.0,29.0,40.41324,-3.728,4,97.0,1,34,2.38,292,284
15.0,64.0,40.4294134,-3.6965613,4,106.0,3,14,2.22,30,23
9.0,4.0,40.42751140844805,-3.617171352702324,3,38.0,20,1,0.57,6,281
17.0,80.0,40.41950824901165,-3.7055808673527046,3,83.0,2,5,0.36,27,171
14.0,63.0,40.45694629202,-3.699359620342512,4,98.0,1,6,0.43,292,323
17.0,80.0,40.41834,-3.70171,4,162.0,1,42,2.95,292,339
9.0,5.0,40.42777068708693,-3.615387426703096,3,34.0,20,1,0.28,6,322
16.0,59.0,40.4428308973301,-3.6797139216446766,4,113.0,5,1,1.0,6,175
17.0,61.0,40.40829,-3.7025,4,109.0,2,69,4.94,24,156
13.0,60.0,40.40087397813634,-3.6951230243286095,3,56.0,4,31,2.16,31,254
13.0,60.0,40.40087397813634,-3.6951015666564913,3,50.0,4,32,2.32,31,247
5.0,44.0,40.33275,-3.70102,4,90.0,11,6,0.53,2,329
17.0,80.0,40.4153352,-3.7060104,3,80.0,5,0,0.0,1,83
11.0,70.0,40.42203809999999,-3.7151736,4,134.0,1,4,0.28,4,310
9.0,45.0,40.44371650000001,-3.583470299999999,4,92.0,1,70,4.88,21,67
13.0,60.0,40.40089031876151,-3.6951230243286095,3,33.0,2,19,1.33,31,263
14.0,65.0,40.457580306009504,-3.691481347307366,4,96.0,30,21,1.47,2,255
13.0,59.0,40.40979944618974,-3.717867523278804,4,100.0,2,0,0.0,1,75
18.0,63.0,40.431867742880776,-3.666381761116138,4,114.0,7,3,0.6,1,48
6.0,39.0,40.39474,-3.73166,4,94.0,1,79,5.5,4,79
13.0,72.0,40.38647991314269,-3.686375470924845,3,46.0,3,17,1.19,1,222
16.0,64.0,40.45198193841669,-3.675458409131127,4,95.0,30,17,1.38,2,233
17.0,79.0,40.41426,-3.69914,4,88.0,3,37,2.61,1,53
13.0,46.0,40.39672227067629,-3.694225956652988,4,143.0,1,45,3.15,65,261
17.0,76.0,40.4221535,-3.7108885,4,145.0,1,1,0.13,61,320
11.0,70.0,40.43261,-3.71843,4,98.0,3,36,2.61,22,307
16.0,70.0,40.42098104558144,-3.6750582460656687,4,125.0,1,0,0.0,407,333
15.0,66.0,40.43537,-3.70568,3,58.0,1,43,3.46,1,243
16.0,59.0,40.44866853059381,-3.674570679616631,4,78.0,1,41,2.85,292,268
13.0,55.0,40.40396825352048,-3.7047373825253302,4,138.0,1,2,0.19,9,341
17.0,66.0,40.42661890708949,-3.7062166456330967,4,131.0,1,24,1.84,3,254
17.0,79.0,40.41361910355495,-3.6971364581117214,3,70.0,1,0,0.0,3,52
17.0,61.0,40.40771316254914,-3.710603674039719,3,65.0,1,1,0.09,1,249
6.0,42.0,40.39198115177041,-3.709654363124841,4,97.0,3,36,2.51,1,244
17.0,77.0,40.42529133119051,-3.699632236170489,4,119.0,4,0,0.0,6,190
15.0,64.0,40.43185093821987,-3.700660671261107,4,69.0,5,5,0.45,1,219
17.0,66.0,40.42481,-3.70489,4,113.0,1,12,1.08,3,342
14.0,52.0,40.451148,-3.7077924,4,71.0,5,25,1.75,1,19
12.0,27.0,40.4647846,-3.6382771,4,127.0,1,2,1.07,1,45
13.0,49.0,40.39624,-3.69775,4,88.0,1,60,4.29,14,304
10.0,41.0,40.43157304457361,-3.644977553284277,4,77.0,1,30,2.46,181,315
17.0,66.0,40.42676071413271,-3.702365364191121,4,161.0,1,30,2.24,1,292
17.0,79.0,40.412217,-3.6981056,4,161.0,1,5,0.53,17,289
11.0,15.0,40.46443,-3.7226,4,102.0,7,5,0.36,7,337
14.0,57.0,40.467883606286165,-3.698660526240767,3,38.0,1,12,0.84,1,74
10.0,41.0,40.43158,-3.64294,4,106.0,1,10,0.7,181,284
17.0,77.0,40.42243489918242,-3.6972972726078095,3,66.0,4,19,1.41,9,41
9.0,45.0,40.44071,-3.56941,4,70.0,3,6,0.51,13,279
11.0,70.0,40.42203809999999,-3.7151736,4,128.5,1,6,0.42,4,329
16.0,66.0,40.44086945252694,-3.67458470958861,4,90.0,1,39,2.79,292,310
2.0,49.0,40.40891,-3.6375,4,84.0,18,9,0.64,1,287
6.0,25.0,40.39152,-3.73987,4,66.0,2,63,4.42,5,173
13.0,55.0,40.40171066321911,-3.704691033560514,4,153.0,1,13,0.93,9,343
13.0,55.0,40.40372840872132,-3.7057096449482447,4,145.0,1,4,0.29,9,333
8.0,12.0,40.38130125731254,-3.6500640709725145,4,48.0,4,0,0.0,1,265
17.0,61.0,40.40809,-3.69984,4,52.0,1,3,0.22,28,364
10.0,41.0,40.43200724331435,-3.641431688093369,4,107.0,1,5,0.35,1,256
17.0,61.0,40.40915,-3.70585,4,84.0,4,29,2.69,1,255
17.0,79.0,40.4134757,-3.7009466,3,157.0,1,1,0.09,6,69
17.0,79.0,40.4134757,-3.7009466,3,128.0,1,4,0.31,6,74
17.0,79.0,40.4134757,-3.7009466,3,160.0,1,2,0.18,6,73
17.0,79.0,40.41423,-3.70179,3,154.0,1,5,0.56,6,69
17.0,79.0,40.41434,-3.70068,3,159.0,1,0,0.0,6,67
17.0,80.0,40.41792913764613,-3.706978926551283,4,125.0,5,64,4.65,28,262
17.0,79.0,40.41388,-3.70108,3,53.0,3,66,4.71,2,107
18.0,63.0,40.43667,-3.67345,3,40.0,1,0,0.0,1,348
17.0,77.0,40.41968,-3.69868,3,70.0,4,30,2.25,9,45
17.0,79.0,40.4113759,-3.6947061,4,128.0,2,62,4.36,12,45
16.0,73.0,40.4173796,-3.6926749,3,109.0,1,3,0.21,1,307
17.0,77.0,40.42314,-3.70025,4,123.0,2,3,0.24,1,65
13.0,49.0,40.39624,-3.69775,4,74.0,1,59,4.19,14,305
14.0,71.0,40.472743846600906,-3.692373387993151,4,115.0,1,7,0.5,3,322
14.0,71.0,40.4726091939965,-3.692247742567456,4,102.0,1,34,2.45,3,335
15.0,39.0,40.43195,-3.71333,4,126.0,1,30,2.11,43,34
15.0,39.0,40.433651874607534,-3.711560899218021,3,44.0,1,41,3.19,3,253
16.0,64.0,40.45615138536106,-3.675657597987307,3,60.0,3,1,0.09,17,357
13.0,59.0,40.40572,-3.72077,4,85.0,1,14,1.02,181,338
8.0,41.0,40.40134,-3.6637,4,147.0,1,11,1.68,5,68
2.0,10.0,40.40503,-3.62675,3,53.0,1,35,2.82,2,334
16.0,73.0,40.406687269811,-3.6850494146347046,3,28.0,2,21,1.5,7,71
17.0,76.0,40.41261,-3.71289,4,90.0,2,73,5.24,2,38
17.0,76.0,40.41091105137763,-3.710162578154925,4,114.0,3,51,4.1,2,306
12.0,54.0,40.48897062830722,-3.664947848674086,4,67.0,15,7,0.53,1,246
13.0,46.0,40.39403,-3.69434,4,76.0,2,2,0.17,1,76
3.0,10.0,40.38247,-3.76467,3,45.0,10,0,0.0,3,271
8.0,41.0,40.40025268522725,-3.660483972799859,4,105.0,1,0,0.0,407,57
13.0,60.0,40.40477,-3.69327,4,113.0,27,14,1.0,13,41
3.0,10.0,40.38167,-3.76673,3,50.0,7,1,0.09,3,332
3.0,10.0,40.38309,-3.76475,3,43.0,10,0,0.0,3,268
14.0,65.0,40.4591179,-3.6991172,3,29.0,1,38,2.77,18,237
15.0,64.0,40.4338312,-3.702379,4,135.0,7,53,3.94,2,93
3.0,10.0,40.383581498915454,-3.7635216885089022,3,20.0,30,22,1.58,4,226
17.0,66.0,40.42502148322691,-3.701290476004104,4,152.0,3,58,4.15,5,180
3.0,26.0,40.40772,-3.75025,3,38.0,1,0,0.0,1,351
17.0,77.0,40.42340925947191,-3.7005335037322062,4,145.0,3,57,4.19,1,232
17.0,77.0,40.423534,-3.69502,4,133.0,4,3,0.25,1,249
15.0,64.0,40.43441047465,-3.701390647914568,3,50.0,1,3,0.21,1,246
15.0,66.0,40.43269,-3.70858,3,64.0,3,30,2.46,1,102
17.0,61.0,40.4095977,-3.6996624,4,103.0,4,40,3.05,3,138
6.0,45.0,40.39191697947653,-3.716464407422542,4,66.0,1,34,2.46,181,307
15.0,66.0,40.43297710594649,-3.7097320455362808,4,147.0,1,6,0.44,1,273
6.0,42.0,40.39097866105133,-3.714531813614157,4,77.0,1,39,3.12,181,338
6.0,45.0,40.39248,-3.71583,4,69.0,1,16,1.29,181,328
8.0,41.0,40.40134,-3.6637,4,147.0,1,5,0.45,5,73
17.0,66.0,40.42121011272259,-3.702659328797611,4,94.0,1,29,2.33,181,304
17.0,77.0,40.4223736,-3.698956099999999,4,150.0,6,31,2.58,4,114
8.0,41.0,40.40183,-3.66457,4,139.0,2,9,1.37,5,62
8.0,41.0,40.40081,-3.66449,4,145.0,1,3,0.27,5,72
8.0,41.0,40.40134,-3.6637,4,130.0,1,10,0.91,5,80
16.0,66.0,40.44159,-3.67393,4,105.0,2,69,5.61,8,159
5.0,44.0,40.33189,-3.70158,4,97.0,1,10,0.71,95,336
6.0,39.0,40.39588322367404,-3.735982869912343,3,31.0,1,134,9.55,1,218
17.0,66.0,40.424671296684856,-3.703056124026255,4,129.0,3,45,3.25,2,125
8.0,12.0,40.3838794,-3.6528521,3,40.0,1,0,0.0,1,365
17.0,79.0,40.4150776853878,-3.69547628363123,4,118.0,3,18,1.91,25,28
6.0,25.0,40.3905,-3.73875,3,39.0,2,0,0.0,2,211
7.0,33.0,40.3729856,-3.629390599999999,3,35.0,1,28,2.39,2,269
9.0,45.0,40.44419,-3.58324,4,72.0,5,17,1.25,2,70
2.0,2.0,40.39847546268484,-3.6430929907097207,3,29.0,2,35,2.55,1,326
8.0,41.0,40.39969,-3.66329,4,84.0,1,0,0.0,87,1
14.0,57.0,40.46912,-3.70185,4,110.0,1,64,4.59,5,186
15.0,64.0,40.4334749,-3.6999289,4,94.0,1,0,0.0,13,237
16.0,84.0,40.461035632598566,-3.673242136663261,4,149.0,14,5,0.43,6,90
17.0,61.0,40.40977,-3.69449,4,121.0,1,40,2.84,1,39
6.0,32.0,40.3872699,-3.700003999999999,4,93.0,28,5,0.39,107,273
13.0,49.0,40.39658118548411,-3.698837717361978,4,160.0,1,6,0.48,22,314
6.0,32.0,40.3872699,-3.700003999999999,4,107.0,28,4,0.39,107,253
13.0,49.0,40.3941,-3.69778,4,117.0,1,3,0.9,22,297
10.0,47.0,40.43352,-3.65475,4,60.0,1,10,0.81,28,364
6.0,56.0,40.36995769517168,-3.702949000058872,3,79.0,1,0,0.0,10,293
18.0,63.0,40.43219,-3.66843,4,101.0,1,41,3.08,292,218
16.0,51.0,40.4029,-3.67597,4,88.0,5,13,1.02,36,260
17.0,61.0,40.40762435472455,-3.698583709449624,4,143.0,1,15,1.09,54,77
13.0,49.0,40.39624,-3.69775,4,77.0,1,75,5.43,14,304
17.0,80.0,40.41849,-3.70316,4,115.0,2,35,2.69,16,349
17.0,66.0,40.42479965349005,-3.700858802311216,4,79.0,2,63,4.7,3,9
6.0,25.0,40.3866935,-3.7363536,3,25.0,1,9,0.64,1,69
17.0,61.0,40.40637911957233,-3.708769068789816,4,149.0,1,3,0.35,5,148
17.0,61.0,40.40987,-3.69987,4,155.0,3,70,5.04,1,235
10.0,45.0,40.4305978,-3.6499029,4,113.0,1,71,5.84,2,244
17.0,77.0,40.42802,-3.70177,4,111.0,1,19,1.53,292,116
17.0,77.0,40.42677616237902,-3.700369217044703,4,119.0,1,24,1.93,292,124
17.0,66.0,40.42632,-3.70193,4,122.0,1,18,1.48,292,119
17.0,77.0,40.42789,-3.70014,4,124.0,1,21,1.75,292,144
17.0,66.0,40.42693869595802,-3.701793762434873,4,152.0,1,15,1.42,292,27
17.0,77.0,40.42627,-3.70046,4,155.0,1,47,3.86,292,34
17.0,77.0,40.42809,-3.70017,4,146.0,1,17,1.25,292,51
17.0,77.0,40.4285584357617,-3.701409649549007,4,155.0,1,23,1.89,292,47
17.0,66.0,40.42653762620264,-3.701779961807315,4,151.0,1,15,1.26,292,47
17.0,66.0,40.4268569581626,-3.7017543992415294,4,143.0,1,17,1.4,292,30
17.0,77.0,40.42788927388426,-3.699936129794749,4,155.0,1,33,2.45,292,21
17.0,66.0,40.42677,-3.70207,4,146.0,1,17,1.24,292,54
6.0,28.0,40.3899605,-3.7088769,3,40.0,3,31,2.53,1,81
5.0,15.0,40.33787,-3.67742,3,46.0,1,9,0.65,1,343
17.0,66.0,40.42631,-3.70188,4,142.0,1,5,0.44,292,76
12.0,10.0,40.473429781750255,-3.660372933919435,3,40.0,1,2,0.24,5,162
14.0,71.0,40.47198083160232,-3.700659578880209,4,81.0,7,4,0.29,36,265
16.0,70.0,40.41786790929113,-3.675399577628714,3,50.0,1,10,0.76,1,347
10.0,41.0,40.42699009435351,-3.634167842327882,4,105.0,1,22,1.84,3,267
1.0,13.0,40.39517124660439,-3.623347042609201,3,55.0,1,0,0.0,1,263
17.0,76.0,40.42061,-3.70977,3,86.0,1,54,4.34,2,242
13.0,60.0,40.40169827407397,-3.696534633636474,4,108.0,1,16,1.2,5,58
4.0,40.0,40.47526776839332,-3.579608814971843,3,50.0,4,0,0.0,6,344
4.0,40.0,40.47489881720502,-3.57944886571701,3,50.0,5,0,0.0,6,323
6.0,45.0,40.3861825287207,-3.725481793115226,4,84.0,4,75,5.41,5,148
5.0,44.0,40.34633032440816,-3.7093050525568096,3,40.0,2,3,0.26,2,102
18.0,73.0,40.42150072340369,-3.67475403431816,4,110.0,1,3,0.31,407,47
6.0,20.0,40.38345,-3.70577,3,60.0,1,49,3.55,1,62
13.0,60.0,40.4016983,-3.6965346,4,122.0,1,13,1.09,5,48
13.0,60.0,40.4018875,-3.6920895,4,130.0,2,24,1.97,1,228
13.0,60.0,40.4016983,-3.6965346,4,135.0,1,29,2.1,5,28
6.0,45.0,40.38948902059549,-3.720587021252249,3,32.0,1,0,0.0,2,355
17.0,79.0,40.41356827401602,-3.701107653349392,3,51.0,3,58,4.19,2,89
17.0,80.0,40.41868307046723,-3.7066042491268174,4,122.0,1,24,1.81,3,158
3.0,29.0,40.4104224,-3.7288425,4,157.0,3,65,5.26,1,50
10.0,41.0,40.4270881,-3.6341893,3,65.0,1,8,0.61,3,348
8.0,41.0,40.39788,-3.66538,3,30.0,3,28,2.2,1,325
13.0,60.0,40.4016983,-3.6965346,4,139.0,1,14,1.13,5,30
12.0,54.0,40.50653,-3.65664,4,123.0,7,13,0.96,3,105
13.0,60.0,40.40337,-3.69201,4,122.0,1,37,3.0,3,329
14.0,57.0,40.46172,-3.6996,4,111.0,1,73,5.81,18,246
6.0,39.0,40.39287253439856,-3.725681944941001,4,51.0,1,111,8.04,1,81
6.0,32.0,40.386805148066365,-3.699075165310996,4,95.0,28,3,0.36,107,230
17.0,77.0,40.4243159,-3.6967174,4,143.0,7,1,0.19,1,28
16.0,70.0,40.4192357,-3.6776106,3,42.0,1,63,4.95,3,13
6.0,28.0,40.388469501395335,-3.701171405434216,4,80.0,28,4,0.33,107,140
17.0,66.0,40.429792135798,-3.710849625660968,4,143.0,1,47,3.79,4,306
15.0,39.0,40.43144,-3.71227,4,142.0,1,43,4.59,4,331
13.0,72.0,40.38988,-3.6876,4,139.0,1,13,0.98,1,253
12.0,61.0,40.46956,-3.65105,4,91.0,7,6,0.51,6,77
10.0,81.0,40.45593,-3.65744,4,158.0,5,8,0.83,5,149
9.0,45.0,40.44871053693867,-3.5773592967961982,4,83.0,1,35,2.95,292,136
15.0,64.0,40.43257,-3.69881,4,87.0,2,87,7.02,2,114
8.0,48.0,40.3858843,-3.669511999999999,3,24.0,1,52,3.76,1,56
17.0,61.0,40.40854757935265,-3.6989827196248792,3,28.0,1,55,4.31,6,76
11.0,70.0,40.42474,-3.71519,4,142.0,2,36,2.92,3,193
10.0,81.0,40.4576,-3.66114,3,49.0,1,105,7.82,1,75
13.0,49.0,40.39187,-3.69595,4,105.0,2,44,3.68,3,285
17.0,77.0,40.423986359526914,-3.691261702718617,4,113.0,1,8,0.66,33,265
10.0,61.0,40.4354,-3.65431,4,92.0,1,25,2.02,292,79
8.0,48.0,40.38874,-3.66699,3,48.0,1,55,4.19,1,145
17.0,77.0,40.42509623898743,-3.691769018769264,4,73.0,3,39,3.08,22,301
6.0,20.0,40.38119530911452,-3.707322478294373,3,31.0,2,48,3.5,1,342
17.0,61.0,40.40916,-3.70104,4,120.0,1,120,8.82,1,23
17.0,77.0,40.42285108093488,-3.696068618195536,4,116.0,3,32,2.58,1,240
17.0,79.0,40.41478,-3.70169,4,54.0,30,0,0.0,272,365
18.0,82.0,40.4219629,-3.690712,3,93.0,5,0,0.0,1,44
10.0,41.0,40.4329258,-3.6422627,3,55.0,1,1,0.09,1,361
15.0,64.0,40.4363,-3.70376,4,105.0,2,4,0.33,2,49
14.0,63.0,40.452768867822506,-3.6993944265912098,4,116.0,2,2,0.18,2,51
8.0,12.0,40.38069,-3.65278,4,65.0,5,15,1.15,10,354
8.0,41.0,40.4035446,-3.6624854,4,77.0,7,14,1.07,1,98
17.0,61.0,40.41117836463525,-3.7037069115853343,3,29.0,1,16,4.49,1,55
11.0,70.0,40.42203809999999,-3.7151736,4,164.0,1,1,0.11,4,309
17.0,66.0,40.42128875509911,-3.70295421968118,3,58.0,1,15,1.15,20,172
16.0,70.0,40.41769213222058,-3.676927865907917,4,138.0,1,32,2.51,292,121
6.0,39.0,40.40213,-3.72302,4,130.0,3,49,3.88,1,246
18.0,82.0,40.42158908937662,-3.6857609000869167,4,153.0,3,7,0.54,25,43
17.0,77.0,40.42542384616062,-3.69976453121337,4,140.0,1,17,1.35,23,80
10.0,14.0,40.47750528884647,-3.6964866215874568,3,52.0,1,3,0.24,2,225
10.0,61.0,40.4367549,-3.6517617,3,101.0,1,16,1.22,120,360
10.0,61.0,40.4367549,-3.6517617,3,101.0,1,13,0.99,120,353
10.0,61.0,40.4367549,-3.6517617,4,105.0,1,18,1.39,120,346
10.0,61.0,40.4367549,-3.6517617,4,98.0,1,15,1.14,120,351
10.0,61.0,40.4367549,-3.6517617,3,109.0,1,15,1.17,120,357
10.0,61.0,40.4367549,-3.6517617,3,109.0,1,4,0.34,120,358
10.0,61.0,40.4367549,-3.6517617,3,109.0,1,17,1.28,120,357
10.0,61.0,40.4367549,-3.6517617,3,109.0,1,4,0.31,120,359
13.0,46.0,40.39735,-3.6955,4,82.0,10,11,1.45,1,61
17.0,66.0,40.4251393,-3.7056848,4,152.0,4,22,1.8,1,134
17.0,66.0,40.4230188,-3.7062103,3,70.0,2,37,3.94,2,1
14.0,71.0,40.46672,-3.69279,4,54.0,30,0,0.0,272,365
16.0,70.0,40.4173463,-3.678160399999999,4,134.0,4,2,0.22,1,131
4.0,40.0,40.47111,-3.58065,4,112.0,3,9,0.67,23,342
8.0,41.0,40.39834746119233,-3.661897426387344,4,84.0,1,0,0.0,87,301
15.0,67.0,40.44252850702078,-3.703601664060304,4,139.0,2,56,4.5,51,343
17.0,61.0,40.41268,-3.70078,3,42.0,3,47,3.96,13,44
6.0,25.0,40.38846,-3.73519,4,61.0,2,67,4.99,2,104
6.0,25.0,40.38639,-3.73555,4,61.0,1,64,4.8,2,89
17.0,76.0,40.41292029940762,-3.708560282803344,4,158.0,1,4,0.32,33,309
14.0,63.0,40.44862,-3.69976,3,39.0,2,14,1.33,1,330
18.0,63.0,40.44171219001899,-3.662839010894361,3,40.0,1,9,0.75,12,337
17.0,76.0,40.4100258,-3.710006299999999,4,151.0,30,1,0.64,249,86
17.0,76.0,40.4223901161625,-3.7108266064572826,4,104.0,1,34,2.65,1,146
15.0,67.0,40.44096375416574,-3.70338257436169,4,111.0,2,42,3.38,51,350
15.0,70.0,40.44231,-3.70521,4,112.0,2,62,5.11,51,348
17.0,76.0,40.41078,-3.70989,3,53.0,2,22,1.68,1,16
10.0,45.0,40.422369,-3.644582,3,50.0,1,17,1.58,3,349
13.0,55.0,40.40124,-3.70463,3,33.0,1,0,0.0,1,365
14.0,52.0,40.44718535844416,-3.706460148096084,3,26.0,6,0,0.0,2,72
17.0,79.0,40.41298,-3.69976,4,87.0,1,43,3.57,1,314
14.0,63.0,40.4504394417862,-3.702585231592349,4,107.0,10,4,0.55,107,89
13.0,55.0,40.4054483751848,-3.711627014861028,4,90.0,28,27,2.2,14,95
3.0,26.0,40.40393,-3.74953,4,74.0,3,5,0.4,1,48
6.0,7.0,40.37521441602496,-3.6901376986724777,4,53.0,2,37,2.94,31,251
17.0,61.0,40.40850944392037,-3.7105881371923446,4,68.0,1,82,6.15,1,286
14.0,50.0,40.45926200789614,-3.708823880847314,4,123.0,1,13,1.03,6,69
6.0,56.0,40.36996631106313,-3.7030398500494046,4,75.0,1,17,1.38,10,298
6.0,56.0,40.36834365166982,-3.7023970135714976,4,73.0,1,4,0.32,10,296
17.0,76.0,40.41602364705712,-3.712640217215096,3,57.0,2,16,1.31,33,128
10.0,41.0,40.4270881,-3.6341893,3,65.0,1,4,0.34,3,351
17.0,66.0,40.42912476011532,-3.708723436220177,4,56.0,30,6,0.54,1,274
17.0,76.0,40.41647,-3.71238,3,85.0,2,31,2.75,33,139
17.0,76.0,40.41582,-3.71202,3,89.0,2,20,1.6,33,145
17.0,61.0,40.41238,-3.7005,4,72.0,3,53,4.24,1,89
13.0,55.0,40.40265413131389,-3.7024382632134656,4,55.0,30,0,0.0,272,325
18.0,63.0,40.43216771214022,-3.672223316581313,3,144.0,1,24,2.81,6,335
13.0,49.0,40.39802159173298,-3.699736102888759,4,95.0,30,0,0.0,272,364
8.0,12.0,40.39175490059917,-3.641413897275924,3,49.0,1,4,0.45,5,92
6.0,56.0,40.38037,-3.6936,3,49.0,5,10,0.93,2,149
18.0,68.0,40.43194,-3.67293,3,140.0,1,35,3.48,6,310
17.0,76.0,40.4180143147783,-3.712009098919657,3,74.0,2,24,1.96,33,138
11.0,70.0,40.42537053033119,-3.713434110839619,4,131.0,2,16,1.37,3,207
11.0,18.0,40.42095,-3.71855,4,129.0,1,1,0.08,28,356
9.0,45.0,40.44447545364228,-3.5841574070432283,4,114.0,3,28,2.12,1,77
6.0,45.0,40.39164719081612,-3.721411527973497,3,37.0,2,62,4.66,2,120
3.0,11.0,40.39915957839578,-3.744160942733288,3,35.0,2,31,2.37,1,25
17.0,80.0,40.41902327040054,-3.702068701386452,3,59.0,1,45,3.69,9,115
17.0,66.0,40.421554317229806,-3.7011222168803215,3,42.0,1,32,2.68,9,137
17.0,66.0,40.421589794910815,-3.7010933831334114,3,38.0,1,44,3.26,9,133
10.0,41.0,40.43047953017845,-3.643407920257117,4,99.0,1,13,1.05,4,38
6.0,42.0,40.3873476,-3.716436,4,126.0,2,62,4.67,3,47
10.0,45.0,40.425758474641405,-3.658159938252904,3,40.0,1,43,3.46,3,327
6.0,7.0,40.37521032931135,-3.690191342852776,4,57.0,2,51,3.92,31,255
17.0,80.0,40.41803,-3.70187,3,59.0,1,52,3.97,9,131
17.0,80.0,40.41972,-3.70105,3,52.0,1,40,3.05,9,127
17.0,66.0,40.4206,-3.7023,3,56.0,1,42,3.2,9,134
11.0,15.0,40.45808,-3.71145,4,80.0,1,14,1.12,2,127
15.0,66.0,40.43212311755474,-3.705458549732272,4,132.0,1,4,0.35,2,283
9.0,5.0,40.426714,-3.6162901,3,28.0,20,1,0.1,6,269
3.0,29.0,40.40602,-3.73814,4,126.0,1,46,3.49,292,82
10.0,41.0,40.43259132685364,-3.645819941573001,4,80.0,2,4,0.34,4,36
18.0,63.0,40.43352029136329,-3.67220645759752,3,140.0,1,31,3.1,6,304
18.0,68.0,40.43213985861823,-3.6741380763321234,3,144.0,1,34,3.38,6,308
18.0,63.0,40.43381653689926,-3.6728005916416975,3,56.5,1,27,3.09,6,311
18.0,63.0,40.43389716235652,-3.6726431986084735,3,140.0,1,10,1.18,6,311
18.0,63.0,40.44088395952224,-3.663783185184002,3,35.0,1,0,0.0,17,337
17.0,79.0,40.41702947429825,-3.7001454667262057,4,143.0,2,4,0.32,72,3
13.0,59.0,40.4114943,-3.7203702,4,150.0,3,6,0.45,1,13
17.0,80.0,40.41844811921257,-3.7022081129172273,3,59.0,2,70,5.65,1,129
9.0,45.0,40.44926950744197,-3.5751318702463,4,90.0,1,3,0.26,5,229
9.0,4.0,40.42774,-3.61736,3,34.0,20,2,0.16,6,117
16.0,80.0,40.401998803312445,-3.667327566789568,4,92.0,1,3,0.24,95,348
13.0,55.0,40.4040744,-3.7044149,3,55.0,2,28,2.48,1,335
10.0,41.0,40.4211218,-3.6309623,3,45.0,1,0,0.0,1,338
17.0,66.0,40.42775206295762,-3.706017684751408,4,100.0,4,0,0.0,1,164
16.0,66.0,40.43888520017165,-3.677747965919087,3,19.0,10,20,1.57,3,138
1.0,13.0,40.4060201,-3.606859699999999,4,44.0,1,98,7.41,1,182
13.0,72.0,40.3902,-3.69143,4,91.0,1,2,0.18,87,293
17.0,66.0,40.42639,-3.70462,4,93.0,1,14,1.2,1,178
8.0,12.0,40.38919215822323,-3.6418280411217103,4,47.0,2,55,4.29,1,130
9.0,45.0,40.44850479999999,-3.5762684,4,81.0,2,79,6.62,1,186
12.0,61.0,40.47869196768293,-3.648883617419505,3,63.0,1,14,1.2,2,155
17.0,61.0,40.41244,-3.70106,3,74.0,4,23,1.89,1,17
17.0,80.0,40.41609,-3.70391,3,70.0,1,36,2.68,12,359
14.0,52.0,40.45154876495537,-3.709260628714424,3,47.0,1,16,1.29,2,256
17.0,61.0,40.41265918244856,-3.7026936275673497,3,39.0,3,30,2.28,13,39
17.0,61.0,40.41287229345821,-3.707025802809543,4,142.0,1,50,3.77,9,342
10.0,45.0,40.48235,-3.7217,4,80.0,1,46,3.61,292,53
10.0,45.0,40.48308,-3.72094,4,82.0,1,35,2.84,292,40
6.0,32.0,40.386231634476296,-3.699206931006812,4,70.0,28,4,0.34,107,68
16.0,70.0,40.41925449999999,-3.6734468,4,145.0,30,0,0.0,249,353
16.0,84.0,40.46317,-3.68874,4,128.0,1,31,2.41,334,3
17.0,61.0,40.40856,-3.70757,4,113.0,1,37,2.98,11,34
17.0,61.0,40.40816,-3.701,4,67.0,30,0,0.0,272,365
17.0,61.0,40.40670596874497,-3.700407328550615,4,65.0,30,0,0.0,272,365
14.0,52.0,40.449712848505214,-3.709330393583098,4,95.0,1,33,2.49,28,146
8.0,12.0,40.38905031452808,-3.648175146081508,4,75.0,1,19,1.47,10,279
8.0,12.0,40.39089202722485,-3.647200175328308,4,72.0,1,23,1.74,10,293
8.0,12.0,40.39073312374474,-3.646807351833154,4,72.0,1,11,0.91,10,289
6.0,42.0,40.39557,-3.70797,4,122.0,1,18,1.47,1,91
14.0,52.0,40.44879256886901,-3.706453055273841,4,94.0,1,8,0.76,4,33
17.0,76.0,40.41652,-3.70915,4,140.0,2,0,0.0,9,314
10.0,47.0,40.43258,-3.65347,4,96.0,1,0,0.0,334,218
10.0,47.0,40.43337,-3.65362,4,96.0,1,0,0.0,334,191
10.0,47.0,40.43351,-3.65343,4,96.0,1,21,1.73,334,297
10.0,47.0,40.432900498582384,-3.65170353593501,4,97.0,1,15,1.56,334,317
10.0,47.0,40.43316336896317,-3.6531856466105657,4,122.0,1,14,1.15,334,311
17.0,76.0,40.4121679,-3.7120104,4,112.0,3,2,0.17,75,244
17.0,76.0,40.4210968,-3.709806099999999,4,105.0,30,0,0.0,249,258
17.0,76.0,40.4210968,-3.709806099999999,4,96.0,30,1,0.1,249,306
13.0,72.0,40.387892968396365,-3.692077808094005,4,109.0,2,46,3.54,51,339
17.0,77.0,40.42172505397336,-3.695592558302765,4,117.0,5,61,5.5,3,202
17.0,66.0,40.42931,-3.71127,4,107.0,3,15,1.28,1,209
17.0,66.0,40.42395349082611,-3.703898158052824,4,83.0,24,10,0.79,1,175
18.0,63.0,40.44024,-3.66452,3,56.0,1,8,0.69,12,235
17.0,80.0,40.41755,-3.70597,4,100.0,1,42,3.21,2,90
17.0,80.0,40.41716,-3.7043,3,70.0,1,37,3.0,6,91
17.0,61.0,40.40835542647191,-3.703543906192108,4,97.0,2,63,4.97,1,236
6.0,39.0,40.40099022244122,-3.723056636915673,4,98.0,3,4,0.34,3,29
16.0,70.0,40.41717,-3.67748,4,121.0,1,0,0.0,95,324
6.0,22.0,40.37434,-3.75208,3,45.0,7,11,0.88,2,349
15.0,69.0,40.437700202154815,-3.6986643748106856,4,60.0,30,0,0.0,272,365
12.0,61.0,40.471240972416126,-3.637303984967841,4,99.0,1,0,0.0,87,302
12.0,61.0,40.47341,-3.63664,4,110.5,1,2,0.52,87,342
18.0,63.0,40.43427880993647,-3.668733643551204,4,132.0,2,100,7.69,5,131
14.0,50.0,40.4555064,-3.7027972,4,130.0,30,0,0.0,249,355
17.0,77.0,40.42248875304537,-3.6974142132732353,4,150.0,6,35,2.73,4,106
10.0,45.0,40.48194748248811,-3.721310198307038,4,115.0,2,8,0.65,1,320
17.0,77.0,40.422089983780616,-3.697401157795938,3,80.0,6,38,3.06,4,179
18.0,82.0,40.42286199999999,-3.6901218,4,164.0,2,17,1.35,1,287
3.0,26.0,40.40429,-3.74945,3,38.0,1,87,6.94,1,155
17.0,76.0,40.4169912,-3.7113202,3,62.0,2,37,2.97,33,79
14.0,65.0,40.45927078325548,-3.692276279596413,4,128.0,1,27,2.07,43,253
14.0,65.0,40.459664397005774,-3.692469142642695,4,137.0,1,13,1.03,43,290
17.0,77.0,40.41991,-3.69953,4,161.0,3,31,2.89,1,276
9.0,5.0,40.42704375248806,-3.6153200831975,3,34.0,20,4,0.4,6,207
14.0,52.0,40.4487726,-3.7069778,4,102.0,2,48,4.1,1,85
18.0,60.0,40.42948189237896,-3.664534371219976,3,68.0,1,15,1.33,1,339
9.0,32.0,40.43678252946645,-3.60856287880643,4,82.0,3,30,2.43,1,99
13.0,55.0,40.4038,-3.71267,4,87.0,1,132,10.42,4,340
16.0,59.0,40.4470704,-3.6905118,4,164.0,1,1,0.2,72,76
14.0,65.0,40.4582343,-3.6955659,4,156.0,1,0,0.0,72,51
4.0,40.0,40.47364602832381,-3.575785115214468,3,63.0,1,122,12.0,3,282
17.0,77.0,40.42547376359844,-3.696053260144701,4,154.0,1,1,0.1,77,322
6.0,32.0,40.381,-3.69554,3,68.0,30,0,0.0,2,78
17.0,61.0,40.406931811089656,-3.699116283439417,4,149.0,7,40,3.2,2,45
13.0,55.0,40.40382,-3.70249,3,40.0,1,0,0.0,1,72
17.0,66.0,40.42348,-3.70476,4,108.0,3,39,3.14,1,232
12.0,54.0,40.506503584642864,-3.654568720770878,4,128.0,7,25,2.04,11,85
17.0,66.0,40.4224216,-3.7074789,4,110.0,3,46,3.83,9,112
14.0,63.0,40.45271,-3.69395,4,116.0,7,9,0.86,36,345
17.0,76.0,40.41641174948817,-3.710431162020564,3,62.0,2,51,4.16,33,139
17.0,76.0,40.41797098909751,-3.7101872390054895,3,81.0,2,19,1.97,33,134
18.0,63.0,40.44168088552729,-3.663142403720616,3,53.0,1,16,1.42,12,329
8.0,41.0,40.39846,-3.66568,4,54.0,2,52,4.19,3,56
10.0,41.0,40.43323730662233,-3.64598773419857,4,104.0,2,61,5.06,8,164
10.0,41.0,40.4326994,-3.6455281,4,103.0,2,72,6.02,8,158
10.0,41.0,40.4326994,-3.6455281,4,127.0,2,68,5.64,8,154
10.0,41.0,40.4326994,-3.6455281,4,126.0,2,73,6.08,8,157
10.0,41.0,40.4326994,-3.6455281,4,122.0,2,75,6.28,8,150
16.0,65.0,40.4742332,-3.6856507,4,130.0,1,8,0.69,24,15
6.0,45.0,40.39575336575536,-3.718158136538093,4,71.0,1,20,1.67,6,288
18.0,82.0,40.42518720036094,-3.680345755680509,4,95.0,2,16,1.3,15,316
11.0,46.0,40.44754679761909,-3.715457913943987,4,129.0,1,18,1.39,15,335
17.0,61.0,40.40959747163689,-3.701810181530752,4,100.0,2,25,2.2,2,317
17.0,66.0,40.42489123706244,-3.7051473819995033,4,113.0,1,7,0.54,15,332
18.0,68.0,40.43169,-3.67906,4,100.0,1,48,3.99,15,317
17.0,61.0,40.4094785,-3.6990492,4,86.0,1,93,7.14,1,24
6.0,22.0,40.362559638467374,-3.757101222974712,3,50.0,1,0,0.0,1,83
18.0,63.0,40.4398333696897,-3.664010729308755,3,36.0,1,6,0.49,12,334
17.0,66.0,40.423722296155645,-3.703817189361765,4,95.0,3,28,2.26,30,23
18.0,63.0,40.436398851493365,-3.6732257986063135,4,53.0,30,9,0.89,2,256
17.0,79.0,40.4188,-3.69696,4,95.0,30,0,0.0,1,89
3.0,10.0,40.38210136298955,-3.7817285464683374,3,46.0,3,7,0.6,2,365
9.0,32.0,40.4431321,-3.6108441,4,87.0,2,51,4.09,18,168
17.0,76.0,40.41812,-3.71209,3,62.0,2,45,3.62,33,147
18.0,68.0,40.4319,-3.67908,4,137.0,2,16,1.25,15,93
17.0,76.0,40.41749311216445,-3.710492842690024,3,85.0,2,53,4.33,33,143
9.0,32.0,40.4431321,-3.6108441,4,92.0,1,46,3.57,18,160
14.0,65.0,40.4591179,-3.6991172,3,31.0,1,43,3.48,18,247
6.0,32.0,40.38634,-3.69936,4,68.0,28,5,0.58,107,134
16.0,59.0,40.44853,-3.67208,4,88.0,1,17,1.39,15,322
17.0,61.0,40.41273371010666,-3.700741841488487,3,32.0,3,36,2.97,13,52
18.0,68.0,40.43486,-3.6783229,3,30.0,30,6,0.51,1,265
15.0,66.0,40.43264,-3.71024,4,66.0,1,4,0.37,28,364
17.0,76.0,40.41411858710895,-3.711980800000008,4,150.0,2,15,1.31,2,286
17.0,66.0,40.42462,-3.70782,4,115.0,1,6,0.48,15,345
16.0,59.0,40.4491663,-3.6767241,4,95.0,30,1,0.67,4,278
17.0,76.0,40.411563752926966,-3.710888841406774,3,54.0,1,23,1.89,1,76
16.0,66.0,40.44316696934786,-3.674390853116873,3,43.0,1,0,0.0,3,347
10.0,45.0,40.42040879825709,-3.651581020167311,4,130.0,1,17,1.95,8,307
17.0,61.0,40.4073117,-3.7000337,4,143.0,1,1,0.1,1,41
10.0,47.0,40.43347,-3.65326,4,87.0,1,18,1.49,334,282
10.0,45.0,40.43191412464992,-3.653592607444107,4,104.0,1,24,1.98,334,314
10.0,47.0,40.43317248827638,-3.653138594854367,4,85.0,1,13,1.07,334,303
10.0,45.0,40.43151,-3.65369,4,114.0,1,27,2.36,334,313
10.0,45.0,40.43182409154151,-3.653540452926816,4,119.0,1,23,1.85,334,232
10.0,45.0,40.431266200923965,-3.651962076088168,4,101.0,1,17,1.47,334,312
10.0,45.0,40.43129123014599,-3.6530584523926346,4,128.0,1,20,1.77,334,300
10.0,47.0,40.43346,-3.65282,4,112.0,1,29,2.54,334,300
10.0,45.0,40.43150599316206,-3.653718282033703,4,97.0,1,38,3.07,334,306
10.0,45.0,40.4312,-3.653,4,102.0,1,20,1.76,334,313
10.0,45.0,40.43156199432285,-3.6520944475315535,4,104.0,1,27,2.18,334,308
9.0,32.0,40.44308,-3.61228,3,79.0,2,6,0.5,2,362
10.0,41.0,40.42507,-3.62933,4,105.0,2,0,0.0,3,3
3.0,10.0,40.37896,-3.77803,3,30.0,1,0,0.0,1,358
18.0,73.0,40.422021813897054,-3.677101902345224,3,59.0,1,59,4.71,1,98
17.0,77.0,40.42221575737771,-3.699352727825125,4,138.0,1,18,1.7,7,332
6.0,42.0,40.39571210590182,-3.711757193311701,3,38.0,2,1,0.91,3,29
6.0,42.0,40.39466747624654,-3.709825721572594,3,39.0,2,7,1.93,3,21
6.0,32.0,40.387740759095855,-3.6988541107732056,4,80.0,28,2,0.24,107,236
10.0,45.0,40.42866940564431,-3.6511331453712303,4,95.0,3,67,5.23,2,132
15.0,67.0,40.43853436800919,-3.699600023861088,4,99.0,28,22,1.81,14,67
15.0,39.0,40.434737903714456,-3.715208028822439,4,113.0,1,19,1.58,5,322
15.0,39.0,40.43439,-3.71353,4,82.0,1,9,0.77,5,311
15.0,39.0,40.43283375431359,-3.714879026674746,4,109.0,1,5,0.44,5,306
17.0,61.0,40.40801,-3.70823,4,71.0,2,40,3.23,5,221
17.0,61.0,40.4092027,-3.7074591,4,143.0,3,22,1.92,1,177
17.0,66.0,40.42530726511731,-3.703465539920274,4,91.0,3,87,7.39,4,175
9.0,45.0,40.44087672590275,-3.569936309958766,4,74.0,4,10,0.81,13,253
13.0,55.0,40.4011014,-3.710791,3,34.0,2,33,3.2,3,39
17.0,77.0,40.42216320692756,-3.698133033490086,3,82.0,2,29,2.31,3,16
16.0,65.0,40.46865,-3.68642,4,100.0,15,4,0.43,25,322
16.0,65.0,40.46846,-3.68635,4,103.0,15,4,0.42,25,307
10.0,53.0,40.47727,-3.70965,4,94.0,1,7,0.65,6,95
10.0,53.0,40.4776,-3.70965,4,101.0,1,5,0.41,6,84
3.0,12.0,40.38511,-3.75426,4,119.0,1,4,0.61,6,8
9.0,4.0,40.428615592967645,-3.618324403155397,4,100.0,1,0,0.0,1,354
17.0,80.0,40.41504966787576,-3.702674328581719,3,65.0,2,115,9.18,12,291
10.0,53.0,40.47712427707788,-3.716180588324436,4,88.0,14,2,0.21,36,338
6.0,20.0,40.37887077225367,-3.704750957393344,4,115.0,1,67,5.33,8,58
17.0,61.0,40.40812,-3.69838,4,152.0,5,65,6.17,2,98
17.0,61.0,40.41081904462413,-3.6973008640459377,4,91.0,4,48,4.57,2,127
17.0,80.0,40.41574,-3.7041,3,81.0,2,92,7.26,12,309
9.0,24.0,40.4312284,-3.6291652,3,33.0,1,102,8.9,2,1
17.0,80.0,40.41550120154269,-3.704419136521584,3,72.0,2,105,8.42,12,298
17.0,76.0,40.4122,-3.70969,4,118.0,2,57,4.97,1,307
17.0,61.0,40.41362,-3.70304,3,122.0,2,100,8.13,12,313
18.0,60.0,40.42516,-3.66763,4,121.0,1,30,2.51,181,325
2.0,2.0,40.40269,-3.65159,4,116.0,2,53,4.53,1,221
16.0,59.0,40.44791559999999,-3.6739493,4,133.0,2,98,7.9,24,209
6.0,28.0,40.38548199123594,-3.71111709927333,3,49.0,2,85,6.87,4,77
17.0,66.0,40.4262114,-3.7089196,4,102.0,1,1,1.0,10,300
17.0,79.0,40.41035,-3.69434,4,128.0,2,48,3.98,12,46
6.0,17.0,40.38238686013013,-3.7303414413528566,3,45.0,1,22,1.78,1,159
9.0,45.0,40.4416242,-3.5688573,4,83.0,4,3,0.25,13,300
13.0,46.0,40.40014,-3.69701,4,92.0,1,15,1.24,1,321
14.0,57.0,40.46387882001952,-3.705527854659071,3,35.0,2,6,0.49,1,350
17.0,66.0,40.422646,-3.7073005,4,120.0,1,14,1.13,47,41
17.0,66.0,40.422646,-3.7073005,4,108.0,1,16,1.33,47,41
17.0,66.0,40.422646,-3.7073005,4,118.0,1,27,2.23,47,38
17.0,66.0,40.422646,-3.7073005,4,118.0,1,15,1.22,47,25
17.0,66.0,40.422646,-3.7073005,4,118.0,1,11,0.9,47,41
17.0,66.0,40.422646,-3.7073005,4,113.0,1,29,2.38,47,33
12.0,54.0,40.47769,-3.62994,3,59.0,1,95,7.66,2,114
8.0,48.0,40.39441,-3.66654,3,30.0,3,3,0.3,2,44
17.0,61.0,40.40788,-3.70425,4,79.0,2,55,4.71,4,332
14.0,63.0,40.44846,-3.69931,4,135.0,1,42,3.4,43,27
17.0,61.0,40.41164,-3.70565,4,90.0,15,6,0.81,1,257
6.0,39.0,40.39720599283503,-3.732926970773778,4,85.0,15,5,0.52,2,75
17.0,66.0,40.42099,-3.70229,4,117.0,1,66,5.29,12,303
9.0,24.0,40.4321,-3.62834,3,33.0,1,112,9.74,2,251
3.0,12.0,40.3851086,-3.7542586,4,114.0,1,1,1.0,6,5
16.0,51.0,40.4038,-3.68116,4,73.0,2,40,3.23,1,215
17.0,61.0,40.4097768,-3.7085026,4,76.0,1,2,0.21,407,194
14.0,57.0,40.4645963,-3.6996695,4,145.0,1,2,0.18,11,283
17.0,76.0,40.413601479912,-3.70795508743847,3,65.0,2,6,0.49,1,318
14.0,57.0,40.4645963,-3.6996695,4,135.0,1,9,0.94,11,245
10.0,62.0,40.4682752,-3.6670376,4,98.0,4,7,0.58,16,276
16.0,65.0,40.46832890738604,-3.6864678251528336,4,121.0,15,5,0.66,25,281
10.0,62.0,40.4682752,-3.6670376,4,100.0,4,9,0.79,16,251
6.0,42.0,40.389666061123975,-3.712764139377887,3,48.0,2,11,0.89,4,89
4.0,40.0,40.4707584,-3.578571,3,44.0,1,180,14.25,1,13
12.0,61.0,40.47085557733424,-3.6334641138783046,4,124.0,3,13,1.81,3,196
17.0,76.0,40.411134650299886,-3.709267072827415,4,92.0,1,42,3.36,2,300
8.0,10.0,40.378545277169486,-3.666402757554999,3,45.0,29,0,0.0,2,179
17.0,77.0,40.42839730981318,-3.699988313019276,4,143.0,5,6,0.56,2,4
14.0,71.0,40.471718932123466,-3.701086081117038,4,63.0,10,2,0.79,36,347
17.0,66.0,40.42651392221893,-3.703348026874264,4,143.0,4,29,2.64,4,68
17.0,77.0,40.42321,-3.6984,4,133.0,1,60,4.92,1,57
7.0,33.0,40.36578536904531,-3.623083231538674,3,31.0,1,37,2.98,2,340
12.0,61.0,40.4742764,-3.6474156,4,108.0,1,47,3.76,13,290
18.0,63.0,40.44025,-3.66482,3,36.0,5,2,0.17,12,333
6.0,17.0,40.37717,-3.74677,4,51.0,30,7,0.61,3,295
14.0,57.0,40.46564895850268,-3.6984857050835855,4,150.0,1,4,0.81,11,264
17.0,77.0,40.421648,-3.6988742,4,164.0,1,18,1.65,292,196
14.0,57.0,40.46354,-3.69867,4,145.0,1,5,0.79,11,249
10.0,45.0,40.47701,-3.72536,4,148.0,2,19,1.61,1,36
14.0,57.0,40.46531388125681,-3.700364997538008,4,155.0,1,2,0.21,11,216
5.0,35.0,40.35993538232343,-3.6839485779184433,3,63.0,2,14,1.2,2,328
14.0,71.0,40.4676,-3.68955,4,152.0,1,11,0.94,54,334
13.0,49.0,40.39513417649296,-3.6987404923640583,4,74.0,1,50,4.19,14,275
12.0,54.0,40.4880662,-3.6714228,4,83.0,2,44,3.59,14,71
14.0,52.0,40.45145,-3.7075,3,43.0,1,33,2.7,2,342
17.0,61.0,40.40682,-3.70262,3,29.0,3,29,2.51,13,41
17.0,61.0,40.41044350000001,-3.7079744,4,68.0,30,1,0.1,2,323
10.0,45.0,40.42356,-3.6575,3,44.0,2,36,2.96,1,34
17.0,80.0,40.4148114,-3.7036534,4,137.0,1,58,4.78,36,110
17.0,61.0,40.409677809941805,-3.7009223182619135,4,77.0,3,4,0.33,1,334
1.0,13.0,40.3974,-3.54768,4,79.0,30,1,0.13,9,348
6.0,28.0,40.38750594953352,-3.703847416388632,3,44.0,1,12,0.99,11,342
14.0,71.0,40.47076,-3.70121,4,148.0,2,8,0.64,1,348
17.0,61.0,40.41266,-3.70554,3,33.0,3,59,4.86,13,1
17.0,77.0,40.42425604926196,-3.698638651120664,4,101.0,1,0,0.0,407,216
9.0,5.0,40.42108328608909,-3.615483058497487,3,39.0,1,163,13.18,1,121
10.0,41.0,40.43363674434902,-3.6422260771750055,4,53.0,6,58,4.7,1,151
11.0,15.0,40.46469550190805,-3.719143692026873,4,50.0,28,5,0.54,1,159
17.0,77.0,40.421646871692815,-3.699741819313737,4,155.0,1,21,1.88,4,73
17.0,77.0,40.42154988118606,-3.6979307725512096,4,143.0,2,55,4.61,3,1
17.0,77.0,40.4218,-3.69628,3,109.0,2,17,1.43,4,147
17.0,76.0,40.41424020222646,-3.7090159658273154,4,143.0,1,37,3.1,141,11
11.0,15.0,40.460089609236405,-3.7115095749339706,4,125.0,5,22,1.88,13,154
17.0,66.0,40.42182,-3.70215,3,70.0,1,40,3.33,12,350
17.0,66.0,40.4202474011646,-3.702908402786397,3,72.0,1,78,6.26,12,345
17.0,66.0,40.42093,-3.70211,3,72.0,1,55,4.51,12,344
15.0,64.0,40.43054914127861,-3.702795161351816,3,41.0,1,63,5.34,1,318
3.0,11.0,40.4064992939327,-3.722888380950926,4,102.0,1,45,3.68,2,230
18.0,63.0,40.43853739370981,-3.672602456431636,4,93.0,2,5,0.69,7,330
8.0,48.0,40.39155586630844,-3.671391857841673,4,98.0,9,3,0.31,20,339
8.0,10.0,40.37846136541852,-3.666220010376669,3,32.0,29,0,0.0,2,363
17.0,66.0,40.42668847979015,-3.7023528469069222,4,136.0,1,17,1.5,1,339
11.0,15.0,40.46645519434738,-3.723258952028199,3,29.0,1,8,0.67,10,322
10.0,47.0,40.4372506,-3.6403862,3,66.0,2,76,6.25,2,308
14.0,63.0,40.4482055,-3.6991915,3,70.0,1,27,2.2,1,30
17.0,66.0,40.42976,-3.70805,4,96.0,28,2,0.19,1,173
17.0,61.0,40.4096717,-3.7046391,4,106.0,7,21,2.19,1,143
17.0,66.0,40.42363157795517,-3.703967699790308,4,93.0,5,14,1.17,30,21
13.0,49.0,40.39180233267808,-3.697008076820705,4,129.0,1,8,0.66,22,352
8.0,37.0,40.39313643377369,-3.66204588896024,4,87.0,1,10,0.98,3,304
11.0,9.0,40.4697053,-3.7814712,3,39.0,30,1,0.08,3,364
10.0,36.0,40.49305631461636,-3.6849051510574062,4,86.0,1,4,0.38,87,348
11.0,9.0,40.4697053,-3.7814712,3,35.0,30,0,0.0,3,364
11.0,9.0,40.4697053,-3.7814712,3,53.0,30,0,0.0,3,364
14.0,57.0,40.46153429358394,-3.698866479098797,3,66.0,1,17,1.39,2,362
12.0,27.0,40.46138757809818,-3.648723225987711,3,36.0,1,4,0.35,2,256
17.0,66.0,40.422646,-3.7073005,4,108.0,1,32,2.59,47,53
17.0,66.0,40.42344,-3.70479,4,119.0,1,5,0.42,28,361
14.0,50.0,40.45776,-3.711,3,128.0,1,8,0.81,5,353
17.0,76.0,40.41492029854381,-3.709245862719541,4,158.0,1,24,1.97,10,269
11.0,46.0,40.45739776274709,-3.712492156177999,3,114.0,1,16,1.38,5,349
17.0,66.0,40.422646,-3.7073005,4,108.0,1,14,1.2,47,29
15.0,64.0,40.43320977934502,-3.698611333966255,3,55.0,2,28,2.68,2,34
17.0,76.0,40.42024055633017,-3.7107593232788174,3,37.0,4,25,2.08,1,72
5.0,10.0,40.34336,-3.69004,3,54.0,1,0,0.0,1,365
8.0,48.0,40.38285,-3.6656,3,51.0,1,0,0.0,1,365
16.0,70.0,40.416693587281,-3.6722062406981486,4,125.0,30,0,0.0,1,287
12.0,10.0,40.472803577035535,-3.659794069826603,3,45.0,1,18,1.48,1,350
16.0,84.0,40.46307,-3.68886,3,53.0,1,6,0.49,1,77
13.0,59.0,40.41194,-3.72071,4,84.0,3,71,5.88,3,252
6.0,22.0,40.3722,-3.74549,4,104.0,1,20,1.69,6,86
17.0,61.0,40.4108205,-3.7084701,3,44.0,1,44,3.6,1,342
17.0,79.0,40.41450981316428,-3.702289045220644,4,134.0,1,41,3.42,1,343
9.0,45.0,40.44941,-3.58093,4,76.0,10,10,0.88,1,79
17.0,80.0,40.41834118274763,-3.705809639609432,4,61.0,28,5,0.46,3,253
17.0,76.0,40.42078486811268,-3.710198486200152,4,73.0,30,3,1.11,272,365
17.0,76.0,40.42086,-3.70816,4,74.0,30,1,0.79,272,364
17.0,76.0,40.42017,-3.71003,4,82.0,30,1,0.12,272,364
16.0,66.0,40.44681,-3.6643,4,88.0,2,56,4.58,1,62
17.0,66.0,40.422646,-3.7073005,4,108.0,1,43,3.55,47,36
12.0,61.0,40.4744451,-3.6408008,3,131.0,1,37,3.4,4,320
17.0,66.0,40.422646,-3.7073005,4,108.0,1,8,0.74,47,35
17.0,66.0,40.42233285061892,-3.701933369536236,3,71.0,1,24,2.02,12,352
7.0,33.0,40.3735965,-3.61875,4,105.0,2,13,1.23,1,248
17.0,66.0,40.422646,-3.7073005,4,108.0,1,26,2.18,47,43
3.0,11.0,40.4031565942426,-3.744050735047456,4,93.0,1,7,0.59,5,355
17.0,77.0,40.42369,-3.69831,4,128.0,1,25,2.23,1,336
14.0,63.0,40.44874,-3.70043,4,81.0,1,83,6.96,1,60
17.0,61.0,40.40878311486936,-3.709622015601584,4,92.0,1,0,0.0,407,337
8.0,41.0,40.39471888569395,-3.659702490035405,3,30.0,1,18,1.83,3,244
17.0,61.0,40.41364,-3.70582,4,131.0,1,7,0.63,15,334
17.0,61.0,40.411324850865135,-3.6998213047736175,3,105.0,1,53,4.33,10,308
15.0,67.0,40.44171559999999,-3.6993872,4,110.0,4,5,0.48,1,176
10.0,41.0,40.42635,-3.63939,4,105.0,1,22,1.86,6,71
10.0,45.0,40.4303,-3.65553,4,117.0,2,44,3.7,1,91
13.0,60.0,40.4019477045071,-3.697442586053848,4,126.0,7,18,1.79,75,138
2.0,23.0,40.409093038809175,-3.656142641556692,4,95.0,1,2,0.44,1,321
12.0,61.0,40.4770361,-3.6411374,4,152.0,1,4,0.45,120,191
12.0,61.0,40.4770361,-3.6411374,4,105.0,1,5,0.43,120,238
12.0,61.0,40.4770361,-3.6411374,4,105.0,1,3,0.29,120,349
12.0,61.0,40.4770361,-3.6411374,4,105.0,1,1,0.11,120,276
12.0,61.0,40.4770361,-3.6411374,4,117.0,1,2,0.2,120,296
3.0,29.0,40.409297832662304,-3.735568409790704,4,81.0,1,17,1.49,181,98
17.0,66.0,40.4255461,-3.706269,4,67.0,25,4,0.69,2,266
12.0,54.0,40.49482130694044,-3.6152289561923263,3,60.0,1,15,1.23,1,192
17.0,61.0,40.41371,-3.70642,4,138.0,2,81,6.81,8,47
10.0,41.0,40.4306207323058,-3.6415738239884377,3,44.0,1,11,0.91,1,365
17.0,77.0,40.4248851,-3.6985488,4,134.0,2,12,1.05,18,336
17.0,61.0,40.4137,-3.70493,4,164.0,3,67,5.71,2,100
14.0,50.0,40.4595315,-3.7087969,3,43.0,1,47,3.94,1,341
11.0,18.0,40.4267352,-3.7316839,3,52.0,1,15,1.26,1,364
5.0,44.0,40.34358605438037,-3.706676096001599,3,50.0,1,28,2.3,1,352
15.0,67.0,40.44539399835739,-3.7026562354736337,4,70.0,2,36,3.11,31,255
15.0,67.0,40.44539399835739,-3.7025060317688,4,79.0,2,32,2.82,31,246
17.0,80.0,40.416836419819184,-3.706920693199648,4,68.0,30,3,0.9,19,289
17.0,77.0,40.4205958,-3.6986786,3,58.0,1,117,9.56,53,18
17.0,77.0,40.4206,-3.69868,3,63.0,1,135,11.19,53,20
17.0,80.0,40.4185962,-3.7046271,3,29.0,2,91,7.52,16,60
6.0,17.0,40.386829698675534,-3.7313174430971054,3,39.0,2,9,0.76,120,78
3.0,26.0,40.40609130001803,-3.751973224140016,4,85.0,2,37,3.52,1,4
17.0,66.0,40.421999126888345,-3.7058687752235966,3,32.0,1,73,6.35,19,298
17.0,79.0,40.41138,-3.69471,4,59.0,28,4,0.4,7,229
17.0,61.0,40.40627,-3.70266,4,100.0,1,6,0.52,28,355
17.0,66.0,40.42341,-3.70739,3,42.0,1,27,6.33,19,228
17.0,79.0,40.41138,-3.69471,4,59.0,28,4,0.42,7,312
7.0,33.0,40.38016,-3.61943,3,34.0,1,15,1.26,1,365
1.0,13.0,40.3978,-3.54607,4,85.0,30,0,0.0,9,226
11.0,70.0,40.42136,-3.71581,4,147.0,3,52,4.42,2,206
6.0,28.0,40.38639821071564,-3.703757389897668,3,40.0,1,34,2.83,2,22
4.0,15.0,40.4507272,-3.580583,3,50.0,1,8,0.67,4,169
8.0,48.0,40.3941293690276,-3.66794871547592,3,56.0,1,4,0.33,7,365
15.0,64.0,40.4308,-3.70124,4,108.0,1,1,0.22,407,336
13.0,84.0,40.39923243760517,-3.67720413706344,4,97.0,1,2,0.18,334,301
16.0,51.0,40.39955525230551,-3.6770954558158193,4,129.0,1,16,1.45,334,293
13.0,84.0,40.39978,-3.67876,4,124.0,1,18,1.64,334,312
13.0,84.0,40.3988,-3.6769,4,130.0,1,14,1.26,334,310
16.0,51.0,40.39971431003313,-3.677422213898928,4,154.0,1,18,1.6,334,293
13.0,84.0,40.39947428182583,-3.678566709131864,4,105.0,1,15,1.34,334,294
13.0,84.0,40.39756,-3.67826,4,164.0,1,9,0.83,334,86
13.0,84.0,40.39757557026521,-3.677747272944185,4,129.0,1,13,1.2,334,307
13.0,84.0,40.39837599749566,-3.676990308698953,4,117.0,1,5,0.45,334,225
16.0,51.0,40.39965,-3.67742,4,164.0,1,11,1.0,334,291
13.0,84.0,40.39756,-3.67881,4,164.0,1,2,0.18,334,292
16.0,51.0,40.39948,-3.67727,4,117.0,1,7,0.81,334,76
16.0,51.0,40.399790850736586,-3.677605663402513,4,140.0,1,20,1.84,334,303
13.0,84.0,40.397401419228245,-3.677141550575674,4,164.0,1,6,0.54,334,293
16.0,51.0,40.39905,-3.6769,4,94.0,1,1,0.1,334,225
13.0,84.0,40.39742975139137,-3.678976682753423,4,110.0,1,18,1.63,334,283
16.0,51.0,40.39974278876315,-3.677288646588461,4,140.0,1,20,1.81,334,1
13.0,84.0,40.39942273999679,-3.678357921465133,4,123.0,1,5,0.46,334,7
16.0,51.0,40.39975623988211,-3.67754695782579,4,127.0,1,8,0.75,334,293
16.0,51.0,40.39958167771465,-3.6771873340824017,4,140.0,1,8,0.78,334,2
13.0,84.0,40.39773884724033,-3.6774084621872247,4,147.0,1,20,1.84,334,4
16.0,51.0,40.399108979367256,-3.676948098845515,4,140.0,1,28,2.5,334,317
13.0,84.0,40.39790520413786,-3.676998774090075,4,111.0,1,28,2.79,334,1
6.0,42.0,40.390918078833366,-3.713994137942791,4,107.0,1,6,0.52,1,58
17.0,66.0,40.42852,-3.70228,3,141.0,2,11,0.92,1,353
16.0,59.0,40.4467,-3.67429,4,90.0,1,2,0.3,2,355
18.0,73.0,40.42753950421092,-3.677584830372545,4,159.0,1,16,1.38,33,3
14.0,50.0,40.46115,-3.70564,4,63.0,2,41,3.48,1,96
15.0,64.0,40.43166319361252,-3.70049526287673,4,138.0,1,0,0.0,407,255
15.0,64.0,40.43011085131848,-3.7000498207035366,4,138.0,1,0,0.0,407,90
12.0,61.0,40.4684,-3.65016,4,140.0,1,0,0.0,1,313
15.0,66.0,40.43512817233924,-3.705278679694637,3,50.0,1,15,1.3,3,227
5.0,44.0,40.33462046036757,-3.7012395259954074,4,106.0,1,26,2.22,6,72
17.0,77.0,40.42316,-3.6992,3,84.0,2,15,1.36,4,350
13.0,72.0,40.38464996733437,-3.69007246345817,4,79.0,3,33,2.86,292,49
17.0,61.0,40.40714041254523,-3.70757633467617,4,160.0,15,27,2.31,62,12
8.0,48.0,40.39451,-3.66791,3,79.0,1,1,0.09,7,364
15.0,67.0,40.44528,-3.70251,4,89.0,2,34,2.97,31,258
15.0,67.0,40.44523,-3.70264,4,88.0,2,41,3.72,31,255
13.0,55.0,40.40491,-3.7043,4,94.0,1,3,0.47,6,325
17.0,79.0,40.41528028419347,-3.6990327757148656,3,50.0,2,7,0.66,1,312
13.0,55.0,40.40461,-3.70294,4,95.0,1,44,3.85,5,325
17.0,79.0,40.4113759,-3.6947061,4,72.0,28,5,0.47,7,332
17.0,61.0,40.4122263,-3.7038173,4,152.0,1,13,1.26,72,25
8.0,48.0,40.3908429,-3.668921,4,92.0,3,14,1.2,3,1
10.0,53.0,40.47608,-3.71126,4,101.0,1,22,2.06,5,185
7.0,33.0,40.37434,-3.62174,4,67.0,2,34,3.04,7,65
10.0,53.0,40.47557,-3.71092,4,101.0,1,34,3.15,5,168
8.0,48.0,40.3938628,-3.6676584,4,137.0,1,2,0.42,36,332
17.0,66.0,40.42020274772189,-3.702741825818744,3,51.0,1,66,5.48,12,329
17.0,61.0,40.40866,-3.69912,4,72.0,28,4,0.48,33,260
8.0,48.0,40.39220600145278,-3.670377304500835,4,139.0,1,34,2.97,2,69
6.0,39.0,40.4006,-3.72271,4,64.0,30,0,0.0,1,132
14.0,65.0,40.46185,-3.69691,4,116.0,30,0,0.0,20,344
6.0,11.0,40.382463251205664,-3.728835402047406,3,30.0,1,9,0.8,1,362
14.0,65.0,40.46200929475184,-3.695074106549094,4,116.0,30,0,0.0,20,335
14.0,65.0,40.46191,-3.6949,4,116.0,30,0,0.0,20,338
14.0,65.0,40.463509306216096,-3.696325028777327,4,116.0,30,0,0.0,20,331
14.0,65.0,40.46323,-3.69644,4,116.0,30,0,0.0,20,346
14.0,57.0,40.46351,-3.69696,4,87.0,30,0,0.0,20,168
14.0,63.0,40.44676308139452,-3.701819845165691,3,54.0,1,1,0.33,3,354
17.0,61.0,40.407322257632345,-3.702692812030655,3,52.0,2,26,2.2,2,59
16.0,66.0,40.44298,-3.67029,3,58.0,10,9,0.79,9,48
12.0,61.0,40.47235,-3.64346,4,110.5,3,4,0.37,7,1
17.0,61.0,40.4095623,-3.6986058,4,143.0,3,37,3.14,2,217
17.0,76.0,40.41259,-3.70962,4,159.0,1,4,0.35,33,290
10.0,81.0,40.454503,-3.6603121,4,131.0,30,3,0.43,249,76
18.0,73.0,40.42544704103216,-3.677550775945272,4,138.0,10,1,0.11,3,356
8.0,41.0,40.39723792761789,-3.66621228004989,4,160.0,3,4,0.37,29,313
12.0,54.0,40.4861014,-3.6151884,4,72.0,1,2,0.17,1,293
8.0,48.0,40.39365405839442,-3.66949556840234,3,79.0,1,2,0.17,7,364
18.0,60.0,40.42223059353008,-3.666591686792074,4,65.0,3,32,2.82,1,43
10.0,61.0,40.43594617376879,-3.656078535367902,3,50.0,30,1,0.09,1,364
17.0,61.0,40.40736,-3.71003,4,143.0,4,32,3.78,2,28
11.0,47.0,40.45842,-3.77934,4,158.0,2,44,3.92,2,325
3.0,11.0,40.4054141,-3.7234061,4,73.0,3,10,0.99,2,5
8.0,37.0,40.38767,-3.65379,4,78.0,2,48,4.19,2,286
17.0,79.0,40.41411,-3.7023,3,104.0,2,100,8.55,12,319
6.0,25.0,40.390468214585326,-3.7397417739787744,3,26.0,3,17,1.46,1,355
17.0,61.0,40.41151199999999,-3.6979669,3,70.0,2,9,0.77,1,1
14.0,50.0,40.46258603401741,-3.705352927382747,4,116.0,1,0,0.0,292,4
17.0,79.0,40.4117505,-3.6956744,4,85.0,2,42,3.65,16,151
12.0,61.0,40.46395,-3.66168,4,130.0,7,9,0.85,1,328
14.0,52.0,40.4511,-3.70648,4,121.0,1,0,0.0,95,297
11.0,70.0,40.42265515685536,-3.7145477139251577,3,57.0,1,4,0.41,5,349
13.0,46.0,40.3976,-3.69503,3,31.0,1,72,13.85,1,103
17.0,61.0,40.4128878,-3.704070699999999,4,99.0,4,34,2.95,3,98
5.0,44.0,40.332967321071365,-3.7014194289090048,4,111.0,1,21,1.88,28,171
14.0,57.0,40.468,-3.70328,4,118.0,1,19,1.76,334,105
17.0,61.0,40.4122263,-3.7038173,4,143.0,1,18,1.53,72,4
17.0,61.0,40.41114,-3.69852,4,162.0,1,47,4.01,4,149
15.0,67.0,40.44437,-3.70289,4,140.0,3,9,0.76,29,3
12.0,61.0,40.4770361,-3.6411374,4,138.0,1,2,0.19,120,236
17.0,80.0,40.4189752,-3.7023106,4,151.0,3,9,0.78,5,190
17.0,66.0,40.42041,-3.70254,4,123.0,1,7,0.6,2,277
12.0,61.0,40.4770361,-3.6411374,4,127.0,1,3,0.36,120,51
12.0,61.0,40.4770361,-3.6411374,4,127.0,1,3,0.42,120,73
12.0,61.0,40.4770361,-3.6411374,4,110.5,1,1,0.65,120,19
12.0,61.0,40.4770361,-3.6411374,4,110.5,1,2,0.26,120,18
12.0,61.0,40.4770361,-3.6411374,4,110.5,1,4,0.41,120,20
12.0,61.0,40.4770361,-3.6411374,4,127.0,1,2,0.27,120,95
17.0,76.0,40.4191508,-3.7090647,3,81.0,1,20,1.7,1,353
17.0,79.0,40.4113759,-3.6947061,4,53.0,28,1,0.11,7,76
17.0,79.0,40.4113759,-3.6947061,4,61.0,28,6,0.56,7,257
16.0,70.0,40.4203283,-3.676730399999999,4,164.0,1,0,0.0,407,348
17.0,61.0,40.4122263,-3.7038173,4,164.0,1,19,1.62,72,40
17.0,61.0,40.4122263,-3.7038173,4,164.0,1,19,1.62,72,19
17.0,61.0,40.4122263,-3.7038173,4,164.0,1,4,0.39,72,22
10.0,45.0,40.48251,-3.71974,4,113.0,1,3,0.31,12,284
16.0,66.0,40.44713,-3.66173,4,78.0,1,1,1.0,87,318
16.0,66.0,40.446113666639306,-3.661759283903287,4,77.0,1,1,0.09,87,325
6.0,25.0,40.39153439290818,-3.741103919607422,3,39.0,1,1,0.09,1,257
6.0,58.0,40.38043579066208,-3.712605996804791,3,58.0,1,10,0.85,1,365
17.0,61.0,40.40783,-3.69915,3,35.0,1,1,0.09,4,348
3.0,29.0,40.40917,-3.73598,4,134.0,3,20,1.78,1,328
17.0,66.0,40.42246425581557,-3.702705573381175,3,50.0,1,26,2.22,12,348
14.0,63.0,40.45134,-3.70271,4,116.0,30,0,0.0,20,280
14.0,63.0,40.45069,-3.70291,4,116.0,30,0,0.0,20,238
10.0,62.0,40.47695325630104,-3.6723715777850505,3,79.0,3,0,0.0,1,360
14.0,63.0,40.44986654251561,-3.701601936929823,1,25.0,1,38,3.28,29,223
17.0,80.0,40.41576,-3.70427,4,112.0,2,12,1.03,2,199
10.0,45.0,40.4255703,-3.6545481,4,117.0,2,62,5.3,2,205
17.0,77.0,40.4274456,-3.7002951,4,54.0,20,2,0.2,6,62
5.0,35.0,40.35939909233463,-3.682521955978351,3,57.0,2,20,1.75,2,326
17.0,77.0,40.42858293243315,-3.7013908369159423,4,68.0,20,6,0.99,6,37
17.0,77.0,40.42666,-3.69941,4,83.0,20,4,0.44,6,51
6.0,58.0,40.38385,-3.71146,3,31.0,2,6,0.53,3,321
17.0,76.0,40.41589,-3.70891,3,136.0,2,80,7.02,8,193
17.0,66.0,40.42381163263202,-3.705605965870434,4,159.0,1,24,2.22,292,7
10.0,41.0,40.42301,-3.63721,4,115.0,1,47,4.39,26,259
10.0,41.0,40.42283,-3.63721,4,115.0,1,72,7.08,26,248
10.0,41.0,40.42479,-3.63732,4,115.0,1,14,1.4,26,253
14.0,50.0,40.456883,-3.7033363,3,44.0,2,25,2.17,1,86
4.0,40.0,40.47386136834464,-3.575598960985178,4,114.0,1,17,1.51,4,340
17.0,76.0,40.41566482337541,-3.708978407084942,4,153.0,2,94,8.22,8,204
9.0,24.0,40.4306958872176,-3.6279299675230727,4,117.0,1,50,4.36,1,25
17.0,61.0,40.41136752567014,-3.70219548868242,4,94.0,1,0,0.0,407,314
17.0,61.0,40.41100641947588,-3.7028450493214256,4,104.0,1,0,0.0,407,277
17.0,61.0,40.40929529011341,-3.702696885835085,4,112.0,1,1,0.22,407,274
17.0,61.0,40.40932977597974,-3.700602022534922,4,98.0,1,1,0.65,407,333
17.0,61.0,40.41049287194567,-3.7076431972739408,4,94.0,1,0,0.0,407,319
17.0,61.0,40.41079,-3.70829,4,90.0,1,1,0.55,407,274
17.0,61.0,40.41041,-3.70765,4,129.0,1,0,0.0,407,83
17.0,61.0,40.40978,-3.7085,4,92.0,1,0,0.0,407,98
17.0,76.0,40.41089681204236,-3.709005148019356,4,92.0,1,0,0.0,407,305
14.0,63.0,40.45078,-3.70316,4,124.0,2,43,3.78,1,324
16.0,51.0,40.40229858279273,-3.6784828283118665,4,140.0,3,39,3.39,1,138
8.0,48.0,40.39391621051987,-3.670157518677814,4,130.0,2,48,4.19,7,58
12.0,61.0,40.47397,-3.65137,3,39.0,1,1,0.09,2,361
17.0,77.0,40.42698,-3.69887,4,128.0,1,1,0.57,407,106
17.0,77.0,40.42703,-3.69882,4,110.0,1,0,0.0,407,268
17.0,77.0,40.42620693333782,-3.699507424172953,4,153.0,1,0,0.0,407,308
17.0,77.0,40.4282378325495,-3.7000250458486073,4,118.0,1,0,0.0,407,328
17.0,76.0,40.41412675581441,-3.711980800000008,4,123.0,2,45,3.91,2,237
16.0,73.0,40.41185,-3.6765,3,102.0,2,12,1.06,1,308
6.0,39.0,40.3921050084009,-3.739146989045063,4,73.0,2,52,4.83,5,184
14.0,63.0,40.44966836854748,-3.6990357883605873,4,73.0,2,45,4.14,4,141
17.0,77.0,40.42663,-3.69901,4,153.0,1,0,0.0,407,288
17.0,77.0,40.42660916063915,-3.7008775223289554,4,140.0,1,0,0.0,407,42
8.0,48.0,40.3947515414165,-3.664403344442631,4,102.0,3,1,0.18,23,269
17.0,77.0,40.4246082373357,-3.698355658702142,4,134.0,1,0,0.0,407,254
17.0,77.0,40.42489263980826,-3.6987544454510872,4,104.0,1,1,0.41,407,218
17.0,77.0,40.4234,-3.70049,4,163.0,1,0,0.0,407,234
17.0,77.0,40.42461,-3.69897,4,159.0,1,0,0.0,407,332
17.0,77.0,40.42496,-3.6998,4,116.0,1,0,0.0,407,343
13.0,59.0,40.40278837872462,-3.7196850700032287,4,103.0,2,55,5.08,4,70
17.0,77.0,40.42490115689756,-3.700526244193823,4,153.0,1,1,0.5,407,332
17.0,77.0,40.42484542538536,-3.700612784020079,4,116.0,1,0,0.0,407,312
17.0,77.0,40.42313237062806,-3.698477275889479,4,110.0,1,0,0.0,407,103
17.0,77.0,40.42325802996213,-3.7004126225411778,4,104.0,1,0,0.0,407,103
17.0,77.0,40.42291811439629,-3.700431598357388,4,128.0,1,0,0.0,407,27
6.0,28.0,40.38945076918284,-3.704772442543856,4,87.0,4,18,1.58,1,265
17.0,77.0,40.422990093206565,-3.7005680451933904,4,115.0,1,1,0.12,407,319
12.0,54.0,40.48946726708416,-3.667799753811312,4,99.0,1,28,2.43,18,155
12.0,61.0,40.4770361,-3.6411374,4,117.0,1,2,0.21,120,301
15.0,39.0,40.437293107051175,-3.7164976447820655,4,90.0,2,68,6.0,1,184
17.0,76.0,40.41581441064119,-3.7090206518769264,3,143.0,2,95,8.33,8,211
17.0,61.0,40.40894919422598,-3.702325522899628,4,138.0,2,55,5.29,8,161
17.0,79.0,40.4131739469896,-3.7007809776998046,3,145.0,2,12,1.08,3,1
11.0,34.0,40.47029731018531,-3.826120297165433,3,67.0,2,26,2.36,13,350
11.0,34.0,40.47236,-3.82502,3,82.0,2,14,1.25,13,345
17.0,61.0,40.4092535646758,-3.702471149247812,4,112.0,2,43,4.23,51,324
16.0,59.0,40.43954,-3.68087,4,128.0,28,2,0.18,8,1
5.0,35.0,40.35248950778322,-3.685114060053716,3,46.0,1,29,2.53,2,320
17.0,66.0,40.428073,-3.70449,4,105.0,2,26,2.35,5,321
17.0,77.0,40.42829562695408,-3.700624055514696,4,59.0,20,2,0.29,6,98
17.0,61.0,40.41022,-3.70398,3,62.0,1,39,3.37,2,342
17.0,61.0,40.408845,-3.7024479,4,102.0,6,32,2.89,1,135
5.0,15.0,40.35202548233189,-3.6838484321849054,4,120.0,1,11,0.98,1,89
9.0,45.0,40.44685075823485,-3.5722873453956843,4,87.0,1,49,4.45,1,78
1.0,13.0,40.39678895809472,-3.5525192787805486,3,41.0,1,5,0.44,1,349
14.0,52.0,40.4509643890099,-3.7060281505924855,4,82.0,4,8,0.76,1,282
17.0,61.0,40.41025,-3.7016,4,65.0,30,2,0.17,51,347
17.0,66.0,40.4269219,-3.7022461,4,108.0,30,1,0.31,249,268
16.0,59.0,40.4436294,-3.6758133,4,85.0,1,38,3.42,4,224
14.0,50.0,40.45804823374538,-3.709437818571197,4,74.0,1,27,2.76,2,121
18.0,60.0,40.4291311,-3.6643124,3,50.0,1,47,4.09,1,334
7.0,33.0,40.37738,-3.61888,3,34.0,1,15,1.38,2,320
10.0,41.0,40.42917,-3.64337,4,110.0,1,44,3.98,6,60
16.0,59.0,40.44853724495205,-3.668113157118793,4,95.0,2,48,5.71,2,224
13.0,46.0,40.39332883231529,-3.694467084627031,4,89.0,2,7,0.63,3,31
14.0,63.0,40.44971327267032,-3.69897141534423,4,76.0,2,38,3.4,4,140
4.0,40.0,40.47449,-3.5763,4,87.0,1,31,2.72,2,209
17.0,79.0,40.411711649485085,-3.6955076828598976,4,90.0,20,7,0.76,33,159
17.0,79.0,40.41218,-3.6944,4,117.0,20,8,0.77,33,230
15.0,67.0,40.44068517713846,-3.695588258457033,4,125.0,28,10,0.93,62,184
14.0,57.0,40.47040632358855,-3.7024101908214697,4,52.0,1,3,0.58,87,349
15.0,67.0,40.43943,-3.69421,4,100.0,28,4,0.4,62,295
12.0,61.0,40.47531,-3.65139,3,45.0,1,2,0.18,2,362
11.0,70.0,40.43345,-3.71853,4,115.0,1,0,0.0,1,347
5.0,3.0,40.3604562,-3.6943171,3,88.0,2,7,0.61,5,259
14.0,63.0,40.4487807,-3.6950342,3,82.0,1,38,3.4,4,95
8.0,12.0,40.3910370774612,-3.647354319691658,3,27.0,1,8,0.71,1,350
6.0,17.0,40.3822,-3.7306,3,17.0,30,0,0.0,1,165
15.0,64.0,40.4366953,-3.7011492,4,140.0,30,1,0.33,249,263
12.0,61.0,40.473527595656655,-3.6350918514670103,4,78.0,15,6,1.07,10,346
11.0,34.0,40.468302880637154,-3.816960994552634,3,68.0,2,2,0.18,1,364
13.0,46.0,40.39556,-3.69458,4,90.0,4,2,0.18,1,59
13.0,55.0,40.40013,-3.70158,4,98.0,14,5,0.54,1,220
8.0,48.0,40.39464,-3.67053,4,108.0,2,40,3.65,1,63
17.0,61.0,40.41091559504723,-3.704486627661596,4,91.0,1,75,6.76,1,206
2.0,23.0,40.406969929335645,-3.653059972107704,4,134.0,1,21,2.22,4,201
17.0,61.0,40.41297817207027,-3.705339215083456,3,55.0,2,44,4.02,1,8
12.0,61.0,40.47913956624525,-3.649095309601019,3,90.0,1,7,0.64,2,332
6.0,58.0,40.38115,-3.71126,4,119.0,1,39,3.61,141,144
17.0,61.0,40.40921995987453,-3.703566262069347,4,140.0,20,6,0.59,107,104
18.0,63.0,40.43602105352292,-3.668614283306135,4,125.0,3,14,1.27,1,30
15.0,64.0,40.43100629485134,-3.70476362060719,4,116.0,30,6,0.65,9,186
14.0,52.0,40.44982,-3.70724,4,150.0,1,22,1.94,28,139
17.0,61.0,40.40911,-3.70313,4,93.0,1,32,2.92,4,169
14.0,50.0,40.4597,-3.70893,4,108.0,1,25,2.44,5,33
16.0,70.0,40.41601,-3.6747,4,81.0,30,0,0.0,272,303
6.0,28.0,40.3866247,-3.7039903,4,127.0,2,21,2.42,3,283
17.0,76.0,40.41210705558974,-3.712077504873418,3,113.0,2,22,1.96,1,301
13.0,49.0,40.3931171,-3.6968634,4,100.0,2,42,3.99,1,39
17.0,79.0,40.41219780000001,-3.6941512,4,143.0,3,30,2.69,1,131
14.0,50.0,40.460833260626536,-3.705494419127481,4,116.0,1,0,0.0,292,8
15.0,64.0,40.431603273997744,-3.7039675369419056,4,86.0,1,1,0.42,87,323
16.0,64.0,40.45608,-3.67153,4,93.0,1,0,0.0,87,319
17.0,66.0,40.42111068215462,-3.704651236569335,4,111.0,2,56,5.08,141,256
6.0,7.0,40.36828443474241,-3.6896667409841273,4,124.0,1,13,1.2,43,356
5.0,35.0,40.35152080032437,-3.6878865930047495,3,26.0,3,13,1.23,1,1
2.0,2.0,40.40016184818585,-3.639942150423285,3,36.0,1,41,3.75,1,207
9.0,24.0,40.42904553437834,-3.63025926199734,3,37.0,1,0,0.0,1,347
5.0,3.0,40.3604562,-3.6943171,3,36.0,2,4,0.36,5,305
7.0,21.0,40.38347520033302,-3.615242425438959,3,32.0,1,78,7.09,2,223
14.0,57.0,40.46603,-3.70733,4,74.0,30,0,0.0,272,364
11.0,34.0,40.47033849471825,-3.824428453241092,3,73.0,2,18,1.6,13,338
17.0,79.0,40.411359002748775,-3.696370777520939,4,80.0,25,12,1.37,33,252
17.0,79.0,40.41222,-3.69534,4,100.0,20,4,0.43,33,150
17.0,79.0,40.41075426790722,-3.694938883353039,4,85.0,20,7,0.95,33,230
8.0,41.0,40.40106,-3.663,3,36.0,3,21,1.86,1,322
6.0,25.0,40.39011,-3.73551,3,35.0,1,32,2.84,1,146
15.0,66.0,40.43533,-3.7104817,3,110.0,1,4,0.44,120,350
15.0,66.0,40.43533,-3.7104817,3,111.0,1,1,0.2,120,361
15.0,66.0,40.43533,-3.7104817,3,117.0,1,0,0.0,120,326
15.0,66.0,40.43533,-3.7104817,3,118.0,1,0,0.0,120,345
10.0,75.0,40.45425,-3.65781,4,136.0,2,48,4.27,1,294
17.0,80.0,40.4191,-3.70683,4,69.0,28,1,0.1,3,59
9.0,32.0,40.4455519,-3.6091008,3,35.0,1,3,1.41,1,358
8.0,12.0,40.385190312037686,-3.6498543181119647,4,56.0,7,6,0.53,36,365
5.0,3.0,40.3604562,-3.6943171,3,36.0,2,5,0.44,5,336
5.0,3.0,40.3604562,-3.6943171,3,88.0,2,4,0.36,5,326
17.0,80.0,40.42012,-3.70528,4,131.0,1,0,0.0,1,11
7.0,33.0,40.37503051547584,-3.621982285768212,4,76.0,2,37,3.44,7,55
13.0,55.0,40.39939221405584,-3.707852759329041,3,55.0,1,0,0.0,4,365
17.0,61.0,40.4091578,-3.6984182,4,55.0,30,4,0.44,13,322
17.0,61.0,40.409561132645614,-3.6974025630765976,4,116.0,1,7,0.62,5,264
17.0,80.0,40.4190964,-3.706827699999999,4,52.0,28,5,0.49,3,226
11.0,47.0,40.45070545087656,-3.7845206603346657,4,94.0,30,2,0.2,4,199
15.0,64.0,40.42983,-3.70068,4,150.0,1,0,0.0,407,307
15.0,64.0,40.43016668062837,-3.7004699506720513,4,140.0,1,0,0.0,407,99
15.0,64.0,40.4308,-3.70124,4,146.0,1,1,0.18,407,316
17.0,79.0,40.41437986001785,-3.700429021861003,4,149.0,1,22,2.42,334,303
5.0,15.0,40.3528652,-3.6797523,3,60.0,1,1,0.09,4,364
17.0,77.0,40.42659,-3.70066,4,128.0,1,0,0.0,407,202
16.0,59.0,40.445206524443336,-3.676341754897454,4,126.0,1,18,1.75,1,115
18.0,60.0,40.42173,-3.66673,4,70.0,1,3,0.41,95,317
10.0,45.0,40.42845,-3.65584,3,36.0,1,0,0.0,1,351
17.0,79.0,40.41098,-3.69477,4,120.0,25,8,1.43,33,165
17.0,79.0,40.41233,-3.69655,4,86.0,25,10,1.32,33,174
17.0,79.0,40.4126,-3.69461,4,80.0,20,7,1.04,33,241
9.0,43.0,40.430313796553456,-3.602668468641192,3,100.0,1,7,0.64,2,87
16.0,80.0,40.40034047022647,-3.6696045845746994,4,133.0,3,36,3.32,2,129
8.0,41.0,40.40024,-3.65999,4,88.0,1,1,0.47,19,238
8.0,41.0,40.39808,-3.65879,4,88.0,1,23,2.29,19,255
17.0,61.0,40.40984950732053,-3.702209953599272,4,105.0,1,11,1.07,2,342
18.0,63.0,40.44192,-3.66346,3,43.0,15,0,0.0,17,337
17.0,77.0,40.42128426827688,-3.697881773114205,4,143.0,2,41,3.88,1,121
17.0,61.0,40.411713258679846,-3.704302485239378,3,22.0,20,6,0.62,2,255
17.0,66.0,40.42730560220026,-3.705048287319087,4,120.0,1,24,2.29,9,162
4.0,40.0,40.47359,-3.58051,4,87.0,1,1,0.14,28,365
17.0,66.0,40.42174047472444,-3.703353122121134,4,146.0,3,0,0.0,3,342
17.0,79.0,40.41287,-3.69501,4,107.0,20,12,1.32,33,243
17.0,79.0,40.41098176796324,-3.694433356204315,4,98.0,25,9,1.64,33,249
17.0,79.0,40.41133465159058,-3.694320228078129,4,106.0,20,11,1.21,33,220
17.0,79.0,40.411109617072775,-3.694752706630083,4,86.0,25,9,0.93,33,232
13.0,46.0,40.39507,-3.69276,4,87.0,2,18,1.65,3,26
17.0,61.0,40.40973,-3.70105,4,93.0,2,23,3.05,1,328
15.0,69.0,40.43611943525192,-3.6920129040449736,3,122.0,1,0,0.0,6,342
13.0,49.0,40.39624,-3.69775,4,92.0,1,28,2.52,14,234
17.0,77.0,40.42451265396813,-3.697469704946237,4,125.0,3,33,3.13,2,61
17.0,66.0,40.422444268371926,-3.706832436114099,3,73.0,2,3,0.28,3,73
9.0,32.0,40.43578,-3.60921,4,83.0,2,28,2.86,1,266
15.0,69.0,40.43302642669274,-3.693802657816729,4,140.0,10,1,0.12,3,355
12.0,54.0,40.50588,-3.65559,4,107.0,7,16,1.66,11,78
17.0,76.0,40.42155,-3.7086286,4,150.0,2,18,1.75,2,337
13.0,49.0,40.39508,-3.69866,3,60.0,1,15,1.36,1,349
17.0,61.0,40.40948789999999,-3.6980942,4,61.0,29,8,0.74,2,260
18.0,60.0,40.4304543,-3.6634886,4,153.0,5,21,1.96,5,56
18.0,60.0,40.4304543,-3.6634886,4,131.0,5,21,1.94,5,63
17.0,66.0,40.42351424086907,-3.701223465535394,4,117.0,1,1,0.09,95,324
17.0,76.0,40.42240020765048,-3.7099890415877903,4,117.0,21,3,0.39,21,187
12.0,54.0,40.4881983,-3.6134615,4,154.0,30,2,0.32,249,330
13.0,59.0,40.40407580557284,-3.7199495077289617,4,85.0,2,20,1.82,1,72
8.0,41.0,40.4017,-3.66347,4,99.0,1,15,1.44,28,175
13.0,60.0,40.4017437076582,-3.69217436760664,3,48.0,7,1,0.5,1,353
12.0,27.0,40.4659,-3.62965,4,114.0,1,31,3.09,181,60
17.0,66.0,40.425894440135785,-3.7054906965503713,4,127.0,2,48,4.39,3,220
17.0,61.0,40.40928,-3.70594,4,119.0,1,0,0.0,2,314
16.0,59.0,40.44938,-3.6678,4,95.0,2,50,6.1,2,193
17.0,79.0,40.4113749292151,-3.694521155206772,4,111.0,25,4,0.42,33,252
17.0,79.0,40.41076495425542,-3.6952933028039454,4,116.0,20,10,1.01,33,223
12.0,54.0,40.4622423,-3.637752899999999,4,93.0,4,7,0.73,1,44
17.0,79.0,40.41250933922572,-3.695955571788293,4,114.0,25,10,1.33,33,250
14.0,63.0,40.4545748,-3.700501899999999,4,103.0,1,43,4.46,120,343
15.0,69.0,40.43146026045103,-3.6953170374667272,4,142.0,1,0,0.0,54,171
17.0,66.0,40.4262892822899,-3.706445282484839,4,87.0,1,1,0.28,54,267
16.0,59.0,40.43848322853818,-3.684702956591375,4,104.0,1,4,0.43,54,318
17.0,76.0,40.42266666886537,-3.7110557779669766,4,106.0,1,27,4.24,1,223
17.0,76.0,40.41413976428312,-3.7146998467341312,3,77.0,1,25,2.27,1,353
3.0,5.0,40.39612875431625,-3.771832957863808,3,32.0,1,22,2.05,1,330
6.0,39.0,40.39008385017619,-3.730935884316557,3,39.0,1,1,0.09,1,365
17.0,77.0,40.42080908125095,-3.699445545805548,3,70.0,2,4,0.47,6,108
17.0,61.0,40.41100371329816,-3.6998466130196648,4,126.0,3,52,5.53,2,309
15.0,69.0,40.42609,-3.69074,4,118.0,1,0,0.0,407,253
17.0,76.0,40.41063786840287,-3.709754626010234,4,89.0,1,0,0.0,407,318
7.0,33.0,40.36438378741576,-3.6207394943957096,4,104.0,2,36,3.42,3,257
17.0,76.0,40.41109727179217,-3.711515880566636,3,58.0,3,14,1.28,1,76
14.0,63.0,40.45458,-3.7005,3,103.0,1,17,1.72,120,349
14.0,63.0,40.45458,-3.7005,3,103.0,1,27,2.76,120,347
14.0,63.0,40.45458,-3.7005,3,103.0,1,27,2.74,120,353
14.0,63.0,40.45458,-3.7005,3,109.0,1,14,1.32,120,349
17.0,61.0,40.41265346743084,-3.7049530917342266,4,135.0,3,18,1.71,75,163
14.0,63.0,40.45458,-3.7005,3,110.0,1,14,1.3,120,352
14.0,63.0,40.45458,-3.7005,3,110.0,1,11,1.25,120,359
17.0,80.0,40.41526080627231,-3.706778359385683,4,138.0,3,16,1.47,7,339
17.0,80.0,40.41506581447578,-3.703069896070945,3,69.0,2,7,0.64,2,321
8.0,41.0,40.398822067034295,-3.658723662633236,4,86.0,1,3,0.3,19,252
17.0,77.0,40.42338624666809,-3.700301728283789,3,64.0,2,4,0.37,6,58
13.0,60.0,40.402493249367375,-3.695520447768752,4,110.0,2,35,3.37,1,258
17.0,76.0,40.4096091077926,-3.711099046344591,4,120.0,7,36,3.44,2,71
18.0,82.0,40.422,-3.68537,4,135.0,5,13,1.35,1,133
16.0,70.0,40.42018,-3.67531,4,150.0,3,29,2.75,2,14
13.0,55.0,40.40359335990003,-3.706451762951666,4,99.0,2,55,5.46,1,128
8.0,41.0,40.39805,-3.65944,4,86.0,1,2,0.57,19,251
8.0,41.0,40.40002,-3.6608,4,91.0,1,11,1.12,19,251
8.0,41.0,40.39814,-3.65865,4,88.0,1,3,0.51,19,263
8.0,41.0,40.39996322198475,-3.658999644826548,4,90.0,1,4,0.52,19,256
8.0,41.0,40.39832,-3.65889,4,88.0,1,5,0.54,19,256
8.0,41.0,40.3997710189584,-3.660808087317472,4,90.0,1,0,0.0,19,256
17.0,76.0,40.40883,-3.71539,3,45.0,2,4,0.51,2,287
14.0,57.0,40.46574,-3.70369,4,60.0,3,2,0.53,36,349
2.0,23.0,40.40696530255188,-3.652796857059002,3,29.0,3,6,0.6,1,351
17.0,76.0,40.41082,-3.71034,4,85.0,1,48,4.97,1,271
8.0,10.0,40.38086,-3.67322,3,81.0,1,0,0.0,1,365
6.0,39.0,40.40187367811747,-3.722460195422173,3,60.0,1,3,0.28,1,80
9.0,4.0,40.42901041619024,-3.618947387848825,3,33.0,1,1,0.58,1,347
17.0,61.0,40.408221,-3.7017148,3,52.0,3,26,2.39,2,337
6.0,45.0,40.39192,-3.71943,3,36.0,1,0,0.0,2,365
17.0,66.0,40.424153,-3.7048552,4,128.0,4,6,0.71,1,15
16.0,65.0,40.47009034665897,-3.6868515480874193,4,117.0,15,3,0.4,25,256
17.0,66.0,40.4242083,-3.7050607,4,89.0,1,14,1.49,6,253
15.0,70.0,40.445211268895385,-3.7069050595164303,3,70.0,3,22,2.05,1,13
6.0,17.0,40.3850343,-3.7299514,3,33.0,1,77,7.09,1,322
18.0,83.0,40.43727,-3.68183,4,162.0,30,5,0.52,9,275
16.0,66.0,40.44028003096074,-3.674578436443536,4,135.0,28,2,0.94,93,199
14.0,52.0,40.44970583406482,-3.703625061394904,3,52.0,1,30,2.84,1,55
17.0,80.0,40.41556569999999,-3.7029841,4,128.0,2,48,4.42,3,211
17.0,61.0,40.40947,-3.70143,4,83.0,3,6,0.78,2,51
6.0,11.0,40.3837225,-3.725440599999999,3,34.0,2,31,2.89,1,161
9.0,45.0,40.44407,-3.58551,4,88.0,1,27,2.65,181,24
16.0,70.0,40.4192357,-3.6776106,3,42.0,1,32,3.02,3,41
17.0,61.0,40.40908,-3.7087,4,106.0,1,28,2.76,4,152
16.0,30.0,40.41118,-3.66422,3,44.0,1,0,0.0,1,337
17.0,66.0,40.424957,-3.7039722,3,63.0,1,52,4.86,1,329
18.0,63.0,40.435277597359736,-3.6650307406555904,4,99.0,1,4,0.72,407,215
18.0,63.0,40.43503133856622,-3.664645380106207,4,149.0,1,0,0.0,407,58
12.0,61.0,40.468079813725616,-3.653910834393319,4,76.0,3,17,1.62,1,242
16.0,66.0,40.44131,-3.6749,4,99.0,30,1,0.1,272,336
14.0,50.0,40.45697,-3.70305,4,118.0,3,7,1.18,4,282
17.0,79.0,40.41498327978522,-3.702264005468144,4,95.0,1,56,5.2,12,205
16.0,51.0,40.40153,-3.67587,4,120.0,4,6,0.71,36,363
17.0,80.0,40.41642,-3.70196,4,98.0,1,68,6.28,12,192
17.0,80.0,40.41541716217534,-3.706188049423131,3,44.0,1,15,1.46,2,152
17.0,77.0,40.42313,-3.69845,3,57.0,2,3,0.83,6,140
17.0,77.0,40.42417,-3.69996,4,87.0,30,4,0.41,72,61
6.0,25.0,40.38085639930586,-3.747519738972187,3,32.0,1,20,1.91,1,350
14.0,52.0,40.45536,-3.70787,3,62.0,1,16,1.49,1,161
13.0,60.0,40.40461,-3.69451,4,100.0,4,34,3.17,66,206
6.0,42.0,40.3943837,-3.7117317,4,57.0,30,6,0.7,31,322
13.0,49.0,40.39535,-3.69737,3,25.0,1,41,3.92,3,196
6.0,39.0,40.393253942494425,-3.737723818987335,1,29.0,3,4,0.39,1,80
13.0,55.0,40.40073,-3.70369,4,80.0,1,0,0.0,87,336
4.0,40.0,40.47262721606218,-3.5781434175693168,4,78.0,2,8,0.82,2,133
7.0,33.0,40.37927212313596,-3.6182396424909102,3,35.0,1,47,4.65,2,317
3.0,10.0,40.37835,-3.76862,3,100.0,1,5,0.53,4,365
15.0,66.0,40.43228609723016,-3.706328912546321,3,52.0,1,37,3.48,1,350
17.0,80.0,40.4183,-3.70157,4,136.0,30,0,0.0,2,270
17.0,80.0,40.41414334801453,-3.704443995336061,4,132.0,1,2,0.19,4,94
17.0,66.0,40.42047,-3.70359,3,66.0,1,3,0.47,9,239
17.0,66.0,40.42706595485358,-3.704019769311533,4,140.0,1,18,2.07,1,103
17.0,66.0,40.422284424488936,-3.702694008625989,3,70.0,1,4,0.47,9,265
17.0,77.0,40.4201699,-3.6983218,4,150.0,2,46,4.37,2,237
14.0,50.0,40.45957,-3.7029054,3,95.0,1,1,0.11,13,12
14.0,50.0,40.45957,-3.7029054,3,106.0,1,1,0.22,13,7
14.0,50.0,40.45957,-3.7029054,3,135.0,1,7,0.9,13,1
14.0,50.0,40.45957,-3.7029054,3,50.0,1,0,0.0,13,8
14.0,50.0,40.45957,-3.7029054,3,142.0,1,4,0.46,13,7
14.0,50.0,40.45957,-3.7029054,3,160.0,1,2,0.19,13,6
14.0,50.0,40.45957,-3.7029054,3,158.0,1,6,0.58,13,10
14.0,50.0,40.45957,-3.7029054,3,142.0,1,3,0.34,13,7
14.0,50.0,40.45957,-3.7029054,3,50.0,1,3,0.32,13,25
17.0,77.0,40.422742641007325,-3.69781404274668,4,76.0,30,0,0.0,272,198
10.0,47.0,40.43721,-3.64652,4,94.0,1,41,3.88,2,1
18.0,63.0,40.43142,-3.6639,4,124.0,1,0,0.0,407,110
18.0,63.0,40.4340831,-3.6643536,4,87.0,1,1,0.33,407,344
14.0,57.0,40.46556,-3.70225,4,77.0,30,0,0.0,272,365
14.0,50.0,40.4597,-3.70893,4,116.0,1,52,5.05,5,50
18.0,63.0,40.4340831,-3.6643536,4,118.0,1,1,0.77,407,287
17.0,76.0,40.41303,-3.71158,4,61.0,3,22,2.22,2,183
17.0,76.0,40.41949236979697,-3.708354057049144,4,125.0,2,5,0.48,3,213
8.0,10.0,40.38176,-3.6704,1,18.0,1,36,4.44,2,147
3.0,12.0,40.3928207,-3.7568012,4,55.0,20,0,0.0,1,192
6.0,58.0,40.3798932715255,-3.714894841475736,4,93.0,7,2,0.56,8,365
9.0,24.0,40.43809029691512,-3.6366578928062103,4,80.0,2,34,3.54,4,162
11.0,18.0,40.42313,-3.724,4,124.0,1,0,0.0,2,177
10.0,45.0,40.43256233853696,-3.6490199714899054,3,41.0,1,29,2.73,6,352
14.0,63.0,40.45043945346172,-3.702587714531862,4,116.0,2,1,0.21,107,72
5.0,3.0,40.35096,-3.69843,3,29.0,1,13,1.24,2,345
17.0,80.0,40.41948656316264,-3.7009854242205615,4,121.0,2,33,3.18,51,338
17.0,77.0,40.4208393,-3.6990886,4,113.0,2,48,4.53,3,68
1.0,13.0,40.39426,-3.62165,3,44.0,2,25,2.37,3,351
1.0,13.0,40.39392900853186,-3.622945974649812,3,34.0,2,20,1.97,3,344
6.0,11.0,40.38075876429416,-3.731168573545191,4,68.0,2,3,0.31,1,175
10.0,41.0,40.42635,-3.64322,3,60.0,1,8,0.77,3,21
6.0,22.0,40.37033,-3.7399,3,60.0,1,14,1.33,1,84
17.0,77.0,40.42025,-3.70063,4,93.0,1,5,0.56,28,361
17.0,76.0,40.42266984228382,-3.7114921338911695,3,129.0,1,121,11.98,10,106
18.0,63.0,40.43073897634545,-3.666508087413016,4,159.0,30,0,0.0,20,203
17.0,76.0,40.42138255069307,-3.711443517659233,3,132.0,1,30,2.87,10,98
16.0,51.0,40.40435,-3.68057,3,30.0,2,21,2.07,7,336
17.0,76.0,40.42288303187405,-3.7111153084661215,3,77.0,1,116,11.12,10,105
17.0,61.0,40.40999266681592,-3.7057404782286634,3,48.0,3,26,2.54,5,348
17.0,76.0,40.40979644049714,-3.7142827335616655,4,157.0,1,23,2.25,1,156
17.0,66.0,40.42396,-3.70241,4,120.0,1,6,0.97,1,313
15.0,67.0,40.4442368,-3.698173,4,140.0,30,0,0.0,249,350
6.0,58.0,40.38319,-3.71535,4,93.0,14,2,0.22,22,291
6.0,58.0,40.38118,-3.71587,4,93.0,14,1,0.12,22,254
6.0,58.0,40.38112,-3.71608,4,93.0,14,2,0.37,22,269
6.0,58.0,40.380976311258905,-3.714670060355968,4,93.0,14,1,0.54,22,321
6.0,58.0,40.38163,-3.71584,4,93.0,14,2,0.3,22,270
14.0,50.0,40.4604649,-3.7081416,4,121.0,1,71,7.29,18,245
10.0,41.0,40.42606767116134,-3.6423971560795336,3,61.0,1,22,2.14,3,29
18.0,63.0,40.43672969700848,-3.671035006699218,3,56.5,3,0,0.0,1,179
18.0,82.0,40.42368531048302,-3.682488240301609,3,48.0,30,0,0.0,1,364
3.0,11.0,40.3977298526021,-3.743914051085449,4,80.0,30,0,0.0,272,365
6.0,42.0,40.39361,-3.71233,4,143.0,3,17,2.2,3,60
17.0,77.0,40.42193,-3.70066,4,113.0,2,55,5.32,3,249
10.0,45.0,40.42983170702835,-3.652685580007194,4,138.0,1,1,0.1,1,349
6.0,39.0,40.39176301194304,-3.732058794275019,3,39.0,1,0,0.0,7,365
16.0,51.0,40.40577369106728,-3.681996057937492,3,93.0,2,59,7.25,2,45
15.0,39.0,40.4331871,-3.7163458,3,49.0,1,58,5.56,1,313
13.0,59.0,40.4136439,-3.7177678,3,89.0,2,66,6.41,1,288
14.0,50.0,40.45951,-3.70725,3,55.0,1,15,2.05,4,112
8.0,48.0,40.3911811,-3.6670178,4,134.0,1,14,1.6,120,351
14.0,63.0,40.4504230995293,-3.700894060834381,3,89.0,1,6,0.58,1,82
13.0,59.0,40.407502441793056,-3.7157684192061424,3,35.0,2,8,1.03,1,9
16.0,59.0,40.44107,-3.6814,3,59.0,1,0,0.0,2,287
6.0,17.0,40.38648213074137,-3.732475780822522,4,85.0,7,20,1.95,1,287
5.0,15.0,40.3537,-3.68068,3,63.0,1,2,0.23,4,363
5.0,15.0,40.35326,-3.67901,3,63.0,1,4,0.43,4,365
10.0,45.0,40.43129021092072,-3.653557990023208,4,92.0,3,7,0.7,1,1
12.0,10.0,40.4777317,-3.6615504,3,33.0,2,11,2.46,1,62
16.0,51.0,40.40608616839808,-3.6818202286491193,3,43.0,3,2,0.21,2,107
17.0,76.0,40.41794,-3.70973,4,120.0,30,1,0.1,272,365
17.0,66.0,40.4252032,-3.7047574,4,71.0,2,30,2.96,3,339
9.0,24.0,40.4277305,-3.6300777,3,39.0,1,9,0.91,1,93
8.0,41.0,40.39569708726669,-3.6592507180926432,4,101.0,2,46,4.48,1,85
17.0,66.0,40.42848271336402,-3.703501078892378,4,160.0,30,21,2.1,4,171
16.0,70.0,40.41936,-3.67758,4,145.0,1,0,0.0,407,311
16.0,70.0,40.42115,-3.67731,4,136.0,1,0,0.0,407,309
16.0,70.0,40.42129,-3.67554,4,112.0,1,0,0.0,407,327
16.0,70.0,40.41945,-3.67732,4,112.0,1,0,0.0,407,339
16.0,70.0,40.419654427896056,-3.676098995845983,4,108.0,1,1,0.19,407,335
16.0,70.0,40.41921343829023,-3.676281499324204,4,145.0,30,1,0.36,407,332
16.0,70.0,40.41919773523468,-3.677042716966109,4,105.0,1,0,0.0,407,326
16.0,70.0,40.41969116030429,-3.677599824056386,4,113.0,1,0,0.0,407,323
16.0,70.0,40.41981,-3.6776,4,108.0,1,0,0.0,407,344
16.0,70.0,40.41913,-3.67756,4,108.0,1,0,0.0,407,71
16.0,70.0,40.41929540475002,-3.677484166479508,4,134.0,1,0,0.0,407,319
16.0,70.0,40.4200305791157,-3.677630603475868,4,106.0,1,0,0.0,407,346
9.0,5.0,40.42190875679688,-3.6226028698770016,3,40.0,2,4,0.4,1,99
4.0,40.0,40.4747739,-3.5772054,4,90.0,1,43,4.22,1,279
11.0,70.0,40.427625299481136,-3.7164130273361033,4,125.0,1,2,0.21,87,257
18.0,63.0,40.431708144147,-3.670984048719566,4,159.0,1,12,1.16,3,299
6.0,17.0,40.377044443643314,-3.744681988007184,4,68.0,1,5,0.49,1,4
12.0,54.0,40.48717082336174,-3.664261656428229,4,85.0,1,1,0.24,5,25
4.0,40.0,40.47452844122721,-3.575085550546646,3,63.0,1,145,14.36,3,274
13.0,60.0,40.40525122927767,-3.691872720763154,4,70.0,3,8,0.83,2,237
17.0,80.0,40.41619750273115,-3.7065359458528526,3,116.0,2,26,2.53,2,160
17.0,66.0,40.42637218174447,-3.710300461270273,4,100.0,1,2,0.26,292,343
13.0,55.0,40.40366,-3.70548,4,55.0,1,1,0.16,54,332
16.0,66.0,40.44637,-3.66391,4,86.0,1,2,0.25,54,318
5.0,35.0,40.35598832871835,-3.6907296807173022,4,90.0,1,1,0.12,54,288
13.0,59.0,40.4056018,-3.7135842,3,59.0,1,0,0.0,17,149
17.0,66.0,40.42564,-3.70567,4,135.0,1,8,0.8,2,306
17.0,66.0,40.42797,-3.70808,4,135.0,1,32,3.9,2,140
13.0,59.0,40.4056018,-3.7135842,3,53.0,1,8,0.89,17,152
13.0,59.0,40.4056018,-3.7135842,3,49.0,1,0,0.0,17,154
13.0,59.0,40.4056018,-3.7135842,3,60.0,1,5,0.56,17,147
17.0,61.0,40.409791,-3.7008724,4,133.0,3,6,0.64,1,3
16.0,51.0,40.4055,-3.68129,4,140.0,4,1,0.12,2,72
14.0,50.0,40.4597,-3.70893,4,109.0,1,36,3.5,5,48
6.0,56.0,40.3705642,-3.6981327,4,53.0,2,42,4.14,31,259
14.0,57.0,40.4656301,-3.695904,4,68.0,15,5,0.68,14,286
9.0,32.0,40.43806259999999,-3.612694499999999,4,73.0,3,55,5.31,1,25
17.0,80.0,40.41973,-3.70313,4,95.0,1,20,2.13,181,48
17.0,61.0,40.407682129797735,-3.702495322111777,4,145.0,1,48,4.65,11,344
9.0,45.0,40.44395936009757,-3.58380169026459,4,145.0,1,15,1.49,43,173
17.0,76.0,40.42249,-3.71056,4,152.0,1,65,6.41,11,340
13.0,60.0,40.40217111217999,-3.698519133031368,3,54.0,1,17,1.97,2,336
17.0,61.0,40.41059,-3.6981,4,102.0,1,35,4.12,4,335
17.0,61.0,40.41046,-3.69832,4,159.0,1,43,4.57,4,238
18.0,60.0,40.42354,-3.66499,4,90.0,3,56,5.4,6,48
17.0,61.0,40.41159,-3.70294,4,127.0,1,9,1.32,77,334
17.0,80.0,40.41872371995668,-3.704641152335552,4,65.0,1,8,0.93,54,313
17.0,79.0,40.4113759,-3.6947061,4,56.0,28,0,0.0,5,335
14.0,57.0,40.4623716,-3.6981992,4,65.0,15,8,0.81,14,258
17.0,66.0,40.4256862015836,-3.702482278289711,4,128.0,1,43,4.22,6,74
17.0,61.0,40.40843,-3.70148,4,128.0,20,2,0.24,33,255
15.0,64.0,40.43258,-3.70075,4,62.0,30,1,0.73,272,365
1.0,6.0,40.41058,-3.61044,3,41.0,1,34,3.32,2,129
17.0,77.0,40.42362083367743,-3.692993224910384,4,120.0,1,2,0.34,407,193
17.0,77.0,40.42155737812555,-3.69261999409261,4,150.0,1,1,0.61,407,298
17.0,66.0,40.42739732777573,-3.704925844887217,4,145.0,1,71,7.05,53,28
14.0,63.0,40.45451983905192,-3.701121621758532,3,44.0,4,6,0.61,1,268
13.0,55.0,40.39874,-3.70741,3,41.0,1,5,0.52,4,365
10.0,36.0,40.4908429,-3.6964116,4,84.0,1,39,4.48,1,292
14.0,65.0,40.4591179,-3.6991172,3,39.0,1,26,2.64,18,249
17.0,76.0,40.41348,-3.70813,4,135.0,1,49,4.85,7,335
17.0,76.0,40.410741751558206,-3.710280609291173,4,116.0,1,47,5.2,5,282
10.0,41.0,40.42650783044217,-3.641696901064469,3,32.0,1,0,0.0,2,365
8.0,10.0,40.38218,-3.68672,1,20.0,1,0,0.0,1,136
17.0,79.0,40.41439,-3.69507,3,75.0,2,29,2.95,1,40
16.0,59.0,40.443531,-3.6875416,4,162.0,3,0,0.0,1,268
3.0,11.0,40.39564182668354,-3.741969577968121,3,38.0,3,19,1.92,2,257
6.0,11.0,40.38099,-3.72936,3,23.0,2,20,2.04,1,339
17.0,79.0,40.41387,-3.697,4,110.0,30,0,0.0,1,257
5.0,3.0,40.34974861362156,-3.699185326695442,3,23.0,30,0,0.0,1,256
17.0,61.0,40.40780413954414,-3.700384164161305,3,46.0,1,13,1.29,4,352
16.0,51.0,40.40512020649027,-3.6804396599738096,4,71.0,30,0,0.0,272,334
11.0,70.0,40.42343,-3.71459,4,128.5,5,15,1.66,24,4
13.0,60.0,40.40295798327222,-3.696401320206986,4,99.0,2,27,2.73,1,252
6.0,42.0,40.39541095288227,-3.714556485767281,4,125.0,3,9,1.84,3,55
8.0,41.0,40.4040166,-3.6609916,3,29.0,1,29,2.98,2,298
3.0,11.0,40.40337123182303,-3.744235870317546,4,94.0,1,9,1.37,5,346
11.0,70.0,40.42489,-3.71451,3,86.0,2,39,4.06,4,2
8.0,48.0,40.39315577388167,-3.6683566868305206,3,29.0,1,15,1.53,2,344
1.0,6.0,40.40737790334321,-3.605973378845233,3,30.0,1,15,1.6,1,355
9.0,24.0,40.43916790699511,-3.623460494501461,4,76.0,5,4,1.85,2,320
12.0,54.0,40.4858753494769,-3.666195768703124,4,80.0,1,8,1.34,5,30
17.0,76.0,40.42227,-3.70924,4,95.0,20,2,0.43,107,110
17.0,80.0,40.41721,-3.70048,4,156.0,3,13,1.29,13,61
8.0,48.0,40.39166,-3.6679,3,27.0,2,2,0.22,2,77
14.0,57.0,40.46513,-3.70372,4,109.0,1,14,1.46,2,162
9.0,24.0,40.4373332,-3.6361246,4,90.0,2,44,4.41,4,154
3.0,29.0,40.41199,-3.73265,4,79.0,1,61,6.27,6,104
8.0,41.0,40.3995833,-3.6626111,4,45.0,2,53,5.25,1,261
6.0,28.0,40.38832671331669,-3.712126251861531,3,45.0,2,0,0.0,4,364
6.0,28.0,40.38797295920961,-3.712479761396777,3,48.0,2,7,0.73,4,364
17.0,61.0,40.41154198795679,-3.702550742585153,3,75.0,1,41,4.47,2,334
12.0,61.0,40.4689092,-3.6546739,4,143.0,4,3,0.36,107,37
17.0,66.0,40.42177588727399,-3.7024095188998247,4,114.0,1,14,1.6,87,296
17.0,61.0,40.40890580000001,-3.709268,4,106.0,1,24,2.45,47,89
6.0,25.0,40.38897167276607,-3.7384267264928552,4,73.0,2,16,1.67,1,71
17.0,61.0,40.40985268257754,-3.7001216595982656,4,123.0,1,11,1.26,8,311
14.0,52.0,40.4540343,-3.707713,3,52.0,1,4,0.4,1,362
14.0,65.0,40.4625879,-3.6935038,4,118.0,30,0,0.0,249,325
14.0,65.0,40.4625879,-3.6935038,4,137.0,30,0,0.0,249,91
10.0,41.0,40.4282,-3.64152,3,27.0,1,0,0.0,2,362
15.0,64.0,40.43119377427225,-3.700263199471764,4,159.0,1,7,0.81,8,336
12.0,54.0,40.45763745095834,-3.619186020635976,3,96.0,1,7,0.91,1,362
17.0,80.0,40.4173766,-3.707797199999999,4,120.0,1,2,0.43,4,184
17.0,76.0,40.41573017277991,-3.7090136110782623,3,102.0,2,66,6.64,8,216
15.0,67.0,40.4452031,-3.7016323,3,42.0,30,5,0.5,161,107
15.0,67.0,40.4452031,-3.7016323,3,54.0,30,2,0.2,161,106
17.0,79.0,40.4128,-3.69602,4,83.0,20,7,0.85,33,93
17.0,79.0,40.41263,-3.69471,4,90.0,20,8,0.92,33,226
16.0,30.0,40.4129778406295,-3.6683573573827744,3,74.0,1,7,0.75,1,157
1.0,13.0,40.40472017400423,-3.6068197583269335,3,52.0,1,0,0.0,1,365
17.0,80.0,40.4160666,-3.7068541,4,159.0,3,23,2.29,21,141
18.0,73.0,40.42604357954569,-3.671439218716805,4,156.0,30,9,1.11,1,182
16.0,66.0,40.44873,-3.6656,3,148.0,2,2,0.61,3,326
11.0,70.0,40.4259586,-3.7135521,3,113.0,2,40,4.12,4,3
11.0,70.0,40.4259586,-3.7135521,3,96.0,2,43,4.34,4,9
13.0,55.0,40.40458,-3.71171,4,80.0,3,24,2.55,1,136
5.0,35.0,40.353568993193385,-3.684893846511841,3,10.0,1,0,0.0,1,121
17.0,61.0,40.408797705,-3.700871381,4,53.0,1,7,0.72,4,293
16.0,59.0,40.45202,-3.67084,4,128.0,1,4,0.47,292,19
13.0,55.0,40.403499281667656,-3.7028860334125655,4,98.0,1,1,0.11,92,315
9.0,45.0,40.44282561905571,-3.5816266474806904,4,74.0,1,38,3.86,21,53
17.0,66.0,40.42039424131762,-3.705240865606692,3,100.0,1,32,3.38,5,17
6.0,25.0,40.3882777,-3.7357254,4,88.0,1,20,2.21,2,294
17.0,80.0,40.4163049,-3.7081061,4,141.0,2,36,4.14,2,282
3.0,11.0,40.39559355984736,-3.741757683455944,3,35.0,3,8,0.89,2,266
14.0,57.0,40.46841,-3.70451,3,54.0,1,17,1.78,1,327
17.0,61.0,40.41006040095343,-3.701229870065933,4,143.0,1,56,5.62,7,187
16.0,73.0,40.40812,-3.68943,4,109.0,1,2,0.26,407,273
9.0,24.0,40.43907946222178,-3.630063526541243,4,109.0,1,15,1.55,334,331
9.0,24.0,40.43836,-3.62976,4,109.0,1,23,2.35,334,322
14.0,65.0,40.45821,-3.69386,4,101.0,2,48,5.0,1,339
16.0,51.0,40.40625,-3.67481,3,47.0,1,1,0.12,3,345
16.0,70.0,40.42133,-3.67383,4,122.0,1,0,0.0,407,68
13.0,49.0,40.39786,-3.69916,3,50.0,2,6,1.35,1,354
18.0,60.0,40.42493570807032,-3.668220252516941,4,77.0,3,55,5.5,6,53
13.0,46.0,40.40021718647334,-3.69775128738527,3,89.0,2,9,1.38,1,303
6.0,32.0,40.38126032901663,-3.701270639263037,4,77.0,1,20,2.36,7,331
13.0,60.0,40.4069201,-3.6936317,3,64.0,1,18,1.88,2,109
5.0,44.0,40.33338029999999,-3.7016068,4,72.0,5,9,2.62,7,341
9.0,5.0,40.425643481568144,-3.61622202410556,3,27.0,1,20,2.03,2,102
9.0,32.0,40.4432236,-3.6134959,3,63.0,2,2,0.47,2,365
17.0,79.0,40.4113759,-3.6947061,4,56.0,28,5,0.75,5,268
17.0,79.0,40.41364706415538,-3.6991951555725135,4,70.0,30,0,0.0,2,364
17.0,61.0,40.41069,-3.69683,3,60.0,3,20,2.13,1,62
10.0,53.0,40.4766195,-3.713287,4,93.0,3,3,0.34,23,87
10.0,53.0,40.4766195,-3.713287,4,115.0,3,6,0.8,23,15
6.0,28.0,40.38884374311261,-3.700268062735144,4,88.0,1,9,0.96,181,201
13.0,60.0,40.40412717304842,-3.698271718473437,3,104.0,1,7,0.74,120,346
13.0,60.0,40.40214,-3.69999,3,112.0,1,2,0.22,120,350
12.0,61.0,40.4733937,-3.6405514,3,100.0,1,0,0.0,7,314
12.0,61.0,40.4733937,-3.6405514,3,84.0,1,0,0.0,7,323
12.0,61.0,40.4733937,-3.6405514,3,107.0,1,1,1.0,7,314
10.0,44.0,40.51448,-3.67571,4,145.0,4,13,1.52,120,65
16.0,65.0,40.473,-3.68685,4,151.0,2,26,2.72,120,80
17.0,79.0,40.41637,-3.6956,4,136.0,1,0,0.0,407,169
6.0,25.0,40.38747765803205,-3.739204336095739,3,39.0,1,6,0.61,1,352
6.0,28.0,40.38733333698523,-3.702783243956744,4,65.0,30,13,1.39,1,62
7.0,33.0,40.3720976098571,-3.631967884053093,4,68.0,2,20,2.19,3,276
6.0,25.0,40.38692543973888,-3.7360962524271697,4,80.0,2,18,1.89,2,76
14.0,65.0,40.4591179,-3.6991172,3,36.0,1,14,1.52,18,258
17.0,61.0,40.4097088,-3.7059328,4,117.0,3,37,4.04,1,235
13.0,46.0,40.39742827014582,-3.6945238259924698,4,78.0,1,2,0.54,54,320
13.0,46.0,40.39596,-3.69534,4,55.0,1,7,0.73,54,334
13.0,46.0,40.39768851179971,-3.696571260826231,4,73.0,1,3,0.42,54,329
13.0,59.0,40.4041898,-3.7149922,4,88.0,1,13,1.36,47,99
17.0,76.0,40.41577585560164,-3.708971031010151,3,106.0,2,60,6.23,8,228
17.0,61.0,40.40889063456393,-3.7025874870972433,4,82.0,1,4,0.46,181,55
14.0,65.0,40.45783590983446,-3.694980761081072,4,101.0,4,19,1.99,6,227
13.0,46.0,40.39593,-3.69532,4,50.0,1,1,0.18,54,302
14.0,50.0,40.46204164672574,-3.706661900774676,4,108.0,1,11,1.15,36,365
12.0,54.0,40.4852,-3.66715,4,92.0,2,27,2.99,2,240
14.0,57.0,40.464951,-3.7045778,4,93.0,4,8,1.14,43,348
10.0,45.0,40.4307818,-3.6534199,4,132.0,3,29,3.31,1,231
14.0,57.0,40.4683549,-3.7069386,4,95.0,4,8,1.06,43,353
10.0,41.0,40.424074,-3.635567699999999,4,150.0,2,1,0.13,2,211
14.0,65.0,40.45783,-3.694,4,88.0,4,35,3.66,6,234
17.0,66.0,40.42089,-3.70538,4,79.0,3,41,4.36,30,13
8.0,48.0,40.39450247156544,-3.667182530703908,4,80.0,1,8,0.98,8,289
18.0,82.0,40.42382506923224,-3.6908212896441936,4,109.0,3,26,2.72,1,33
10.0,45.0,40.42433941837423,-3.656673159325267,3,55.0,7,3,0.46,1,318
17.0,79.0,40.41565362372309,-3.7015334013668495,4,143.0,3,11,1.28,4,155
17.0,66.0,40.42853,-3.70385,3,54.0,2,29,2.99,1,256
8.0,41.0,40.39791,-3.66739,4,86.0,2,43,4.48,1,305
14.0,50.0,40.45870771835872,-3.707679749677096,4,136.0,2,1,0.11,3,365
3.0,10.0,40.381915222275445,-3.7630969270494727,3,28.0,30,3,0.41,4,271
8.0,41.0,40.39478499819654,-3.6608911870195584,3,52.0,1,11,1.51,2,331
3.0,12.0,40.3930227,-3.7548211,4,74.0,3,3,0.35,1,256
17.0,77.0,40.42362226698702,-3.6986951529979706,4,103.0,2,42,4.34,3,34
18.0,83.0,40.43559609380464,-3.683060603569833,4,159.0,3,14,1.62,1,4
1.0,13.0,40.40780551394615,-3.5631918592519343,4,135.0,2,0,0.0,1,364
14.0,52.0,40.45650366032813,-3.7121169076260654,3,92.0,2,0,0.0,2,365
16.0,51.0,40.40282407420648,-3.6745742524758778,4,115.0,4,7,1.0,46,66
17.0,76.0,40.41172,-3.70976,4,153.0,1,0,0.0,407,111
16.0,51.0,40.40520166647954,-3.67539890273017,4,87.0,1,12,1.34,3,293
17.0,61.0,40.4132921,-3.7020479,4,85.0,2,34,3.53,16,55
14.0,71.0,40.46805221894943,-3.6969710678426986,4,99.0,30,0,0.0,272,340
6.0,11.0,40.38438384195268,-3.721316620945485,3,48.0,1,35,4.29,1,23
10.0,45.0,40.4827669,-3.7215082,3,43.0,1,13,3.79,1,290
7.0,33.0,40.37456,-3.62577,3,34.5,1,11,1.17,1,355
17.0,77.0,40.42495,-3.69345,4,143.0,1,0,0.0,407,25
18.0,60.0,40.4228612,-3.6659826,4,134.0,30,0,0.0,249,254
16.0,65.0,40.46981223643455,-3.6847399854195806,4,100.0,15,4,0.55,25,303
16.0,65.0,40.470562156040806,-3.684934457007098,4,103.0,15,4,0.52,25,317
17.0,61.0,40.41180581428333,-3.700527642091968,4,143.0,1,0,0.0,407,23
16.0,65.0,40.4698,-3.68692,4,103.0,15,1,0.18,25,333
16.0,65.0,40.47008,-3.68658,4,103.0,15,3,0.84,25,310
17.0,61.0,40.40924,-3.69398,4,146.0,1,0,0.0,407,363
3.0,11.0,40.40274,-3.74424,4,83.0,1,26,2.74,1,49
17.0,61.0,40.4057129736871,-3.70056329352725,3,45.0,2,12,1.25,1,257
15.0,66.0,40.43661,-3.70868,4,65.0,1,2,0.21,12,341
17.0,76.0,40.42230233202776,-3.7094398509898343,4,110.0,1,5,0.57,8,145
3.0,29.0,40.40933,-3.724449,4,86.0,1,2,0.23,13,320
17.0,61.0,40.40803491838106,-3.699676245932694,4,77.0,1,2,0.24,181,275
17.0,61.0,40.407733395981175,-3.7005364205137057,4,77.0,1,9,1.55,181,275
17.0,61.0,40.40627,-3.69986,4,100.0,1,26,4.79,181,252
3.0,29.0,40.41086610013558,-3.732461628471965,4,97.0,1,20,2.09,292,25
6.0,42.0,40.39556040000001,-3.7119439,4,70.0,30,3,1.5,7,348
9.0,24.0,40.43748,-3.6358,4,96.0,7,7,0.83,75,250
15.0,67.0,40.44047512926749,-3.6952608194465686,4,147.0,1,2,0.22,5,180
18.0,73.0,40.42822,-3.6764,4,65.0,1,9,1.08,87,287
17.0,66.0,40.42208229787644,-3.7015724065312425,4,103.0,28,12,1.28,93,242
17.0,66.0,40.42422,-3.70751,4,127.0,1,35,3.82,2,327
9.0,45.0,40.44850479999999,-3.5762684,3,48.0,1,16,2.5,1,82
17.0,61.0,40.40994,-3.69984,4,74.0,28,7,0.77,93,241
17.0,61.0,40.409233787387485,-3.699554106436398,4,59.0,1,25,2.73,1,38
16.0,73.0,40.40874,-3.68332,3,36.0,2,14,1.49,1,11
13.0,59.0,40.40704,-3.72147,3,54.0,2,47,5.18,2,71
17.0,66.0,40.4232637,-3.7041694,3,56.0,1,49,5.21,1,175
13.0,59.0,40.4061025,-3.7203888,3,49.0,3,33,3.44,2,58
9.0,5.0,40.42603626788867,-3.615211438610461,3,38.0,20,0,0.0,6,281
14.0,71.0,40.47202561394348,-3.6910833113117865,4,147.0,2,20,2.21,120,70
6.0,32.0,40.38197,-3.70464,4,57.0,1,33,3.43,20,55
6.0,39.0,40.39021,-3.73221,4,81.0,1,4,0.79,3,327
8.0,48.0,40.38765783016356,-3.668903522193432,4,81.0,2,9,3.51,1,189
12.0,27.0,40.462594447211615,-3.6459276903526177,4,113.0,4,7,0.82,2,347
17.0,80.0,40.41734,-3.70262,3,85.0,1,14,2.32,2,121
14.0,71.0,40.47236,-3.69103,4,142.0,1,25,2.6,120,61
14.0,71.0,40.47102078953152,-3.6911125190224414,4,129.0,1,16,1.99,120,67
14.0,71.0,40.47109397793982,-3.691165577592253,4,164.0,2,31,3.36,120,78
7.0,33.0,40.36832,-3.61888,3,30.0,1,6,1.28,1,359
14.0,50.0,40.4582804521034,-3.707148467478921,4,88.0,5,4,0.42,63,277
17.0,61.0,40.40992873113494,-3.700411484581687,3,38.0,1,10,1.29,4,346
17.0,80.0,40.41612523213164,-3.704658847082516,3,55.0,2,27,2.82,7,334
17.0,66.0,40.4284544,-3.702801099999999,4,81.0,1,0,0.0,24,310
17.0,66.0,40.42109651396499,-3.7019516920320577,4,102.0,30,1,0.38,407,5
12.0,54.0,40.50095301723304,-3.6587602372336514,4,85.0,1,0,0.0,407,347
16.0,59.0,40.43801265670668,-3.6846075460053926,4,110.0,1,0,0.0,407,286
18.0,73.0,40.42276113264885,-3.675047090726312,4,153.0,30,0,0.0,407,318
16.0,73.0,40.41352047978636,-3.688879598978895,4,156.0,30,0,0.0,407,236
14.0,52.0,40.4560566,-3.7067854,4,52.0,29,10,1.32,9,287
16.0,70.0,40.42116,-3.67582,4,140.0,30,0,0.0,407,302
3.0,12.0,40.39320937387826,-3.755671519464548,3,40.0,3,33,3.71,1,350
17.0,76.0,40.41259,-3.7082,4,113.0,30,0,0.0,407,58
17.0,76.0,40.41282414096472,-3.707662746004713,3,60.0,2,23,2.88,4,218
9.0,45.0,40.44319,-3.58356,4,80.0,1,29,3.27,21,67
14.0,50.0,40.460483268298255,-3.705850007927877,4,82.0,5,2,0.85,63,304
14.0,50.0,40.46053,-3.70683,4,113.0,6,3,0.38,63,288
6.0,20.0,40.382368488040775,-3.705309048912801,4,56.0,1,51,5.93,20,54
15.0,69.0,40.43769,-3.69408,4,140.0,10,0,0.0,63,319
17.0,66.0,40.42543875919136,-3.704380862376923,4,131.0,1,17,2.24,5,332
17.0,77.0,40.4212,-3.69942,4,75.0,1,49,5.18,6,67
18.0,68.0,40.42988,-3.67802,4,146.0,30,0,0.0,407,57
18.0,63.0,40.4364643,-3.6753109,4,102.0,1,4,0.5,24,279
17.0,77.0,40.4230403,-3.6985326,4,90.0,2,24,2.55,2,46
15.0,67.0,40.443447896223766,-3.699892484282264,4,138.0,30,0,0.0,407,277
17.0,77.0,40.42018133282267,-3.698403441308858,4,104.0,30,0,0.0,407,224
17.0,76.0,40.42009309349972,-3.708409013879062,4,140.0,2,3,0.41,3,33
17.0,80.0,40.4190202,-3.7013664,3,60.0,2,72,7.66,1,296
17.0,66.0,40.422740952680506,-3.707594273512156,3,59.0,2,3,0.32,3,258
2.0,2.0,40.405,-3.65287,4,108.0,1,15,1.6,4,281
13.0,60.0,40.4047078,-3.7012525,3,38.0,2,12,1.4,1,99
16.0,65.0,40.47005677253773,-3.686240425404775,4,147.0,3,1,1.0,3,305
17.0,61.0,40.4115382,-3.7075416,4,126.0,3,31,3.31,8,91
12.0,61.0,40.46863223825911,-3.655748349997151,4,155.0,20,9,1.75,107,36
10.0,36.0,40.49332,-3.69784,3,41.0,2,19,2.08,3,328
12.0,61.0,40.46777356160116,-3.655350611397747,4,110.5,10,6,0.75,107,1
6.0,32.0,40.38523088463606,-3.6998219782482367,4,90.0,14,5,0.82,107,133
6.0,32.0,40.38686841876849,-3.6998104290431777,4,80.0,20,2,0.43,107,153
17.0,61.0,40.4115382,-3.7075416,4,143.0,3,36,3.84,8,53
12.0,61.0,40.4697299847179,-3.6553580750648265,4,150.0,4,5,0.66,107,29
12.0,54.0,40.4997117853077,-3.658329274627583,4,79.0,30,0,0.0,407,222
17.0,76.0,40.41468515427887,-3.7091392527261138,4,110.0,1,61,6.49,8,343
6.0,25.0,40.37921448462111,-3.748034701526145,3,100.0,1,1,0.11,1,365
10.0,38.0,40.46366,-3.66427,3,75.0,3,0,0.0,1,364
18.0,82.0,40.4276164,-3.685441299999999,4,159.0,3,18,1.92,30,7
8.0,41.0,40.3969453,-3.6623954,3,148.0,1,5,1.1,8,364
9.0,24.0,40.429265802473154,-3.6269021269836488,4,64.0,2,66,8.05,1,3
17.0,61.0,40.4115382,-3.7075416,4,162.0,3,36,3.84,8,86
18.0,68.0,40.436296821889584,-3.678747521607326,4,122.0,30,0,0.0,407,337
17.0,66.0,40.42104545578527,-3.7033988638855626,4,99.0,30,0,0.0,407,274
17.0,66.0,40.42058556416543,-3.701974399743508,4,74.0,30,0,0.0,407,88
8.0,12.0,40.39231342388556,-3.647576731144607,4,109.0,3,19,2.32,3,168
17.0,61.0,40.40927363428679,-3.7000369194474825,4,47.0,1,18,2.1,4,289
4.0,40.0,40.47340772116804,-3.5763285729039507,3,64.0,1,95,12.08,3,287
17.0,61.0,40.40751,-3.70892,4,95.0,3,36,3.91,3,47
16.0,30.0,40.42028,-3.66784,3,56.0,8,2,0.36,3,363
8.0,48.0,40.39761273423681,-3.668610649094447,4,91.0,2,47,5.57,1,15
17.0,61.0,40.40775346997198,-3.7004531333549777,4,56.0,1,16,1.85,4,304
17.0,61.0,40.40777,-3.69992,4,58.0,1,20,2.31,4,266
17.0,66.0,40.42516349349874,-3.71070989509802,3,129.0,1,15,3.21,17,82
17.0,66.0,40.4283262,-3.7079638,4,79.0,2,38,4.6,16,31
17.0,76.0,40.40903,-3.71332,4,105.0,1,5,0.56,78,355
17.0,76.0,40.40918920874776,-3.713211439229718,4,105.0,1,2,0.24,78,356
15.0,69.0,40.42939,-3.69628,4,110.0,3,21,2.22,2,42
17.0,76.0,40.41092398179341,-3.712954098304784,4,113.0,1,9,1.0,78,351
3.0,26.0,40.40192,-3.74744,3,38.0,1,0,0.0,1,361
17.0,66.0,40.4259015531631,-3.703542108840338,4,98.0,30,10,1.12,15,175
17.0,61.0,40.41239893113212,-3.702044495756261,4,72.0,1,50,5.3,1,8
17.0,61.0,40.4128,-3.70605,3,66.0,2,27,3.38,4,228
17.0,77.0,40.42020783228448,-3.6995129892154353,4,106.0,1,46,5.15,5,299
17.0,66.0,40.42292004841352,-3.704840881014348,4,79.0,3,33,3.87,1,197
16.0,30.0,40.41945,-3.66785,3,54.0,8,1,0.2,3,363
16.0,51.0,40.4044344,-3.6748816,4,110.0,30,1,0.14,249,193
15.0,67.0,40.4438851,-3.6961138,4,140.0,30,0,0.0,249,168
17.0,66.0,40.429927802430655,-3.709446426543744,3,118.0,1,15,1.64,6,105
4.0,57.0,40.47156,-3.58781,4,151.0,1,34,3.64,14,109
17.0,77.0,40.42084,-3.69646,4,88.0,28,0,0.0,1,270
17.0,61.0,40.40803,-3.70557,3,54.0,2,97,10.39,4,317
17.0,61.0,40.40615,-3.70592,3,62.0,2,92,9.86,4,322
17.0,61.0,40.410921515853296,-3.7081620720921182,4,89.0,1,41,4.86,3,17
17.0,76.0,40.421374497454686,-3.7101102532450665,4,100.0,2,7,0.89,181,89
17.0,61.0,40.40993281335108,-3.701658418858044,3,59.0,1,40,4.56,4,335
17.0,77.0,40.4203663,-3.6975998,4,117.0,2,14,2.5,1,278
17.0,61.0,40.40809,-3.70012,3,48.0,1,25,2.87,4,347
14.0,52.0,40.4561535,-3.7069026,4,61.0,29,15,2.13,9,287
17.0,61.0,40.40772,-3.7012,3,59.0,1,28,3.22,4,338
17.0,61.0,40.40998,-3.70116,3,55.0,1,32,3.39,4,329
15.0,66.0,40.43101,-3.70669,3,119.0,1,26,2.77,6,96
6.0,39.0,40.39335,-3.73057,4,86.0,1,2,0.42,1,356
17.0,61.0,40.40979471,-3.70573461,4,158.0,1,33,3.6,11,338
16.0,59.0,40.4516010288444,-3.685765319301224,4,62.0,1,4,0.46,1,352
1.0,13.0,40.40942138026016,-3.551533533897819,3,43.0,1,19,2.03,1,257
17.0,77.0,40.41978,-3.69801,3,49.0,4,14,1.57,9,39
8.0,41.0,40.3984821,-3.6675589,3,96.0,1,63,7.27,2,356
8.0,41.0,40.3984821,-3.6675589,3,96.0,1,21,2.33,2,351
15.0,66.0,40.4343,-3.70842,4,149.0,1,50,5.45,1,32
17.0,76.0,40.40913702043044,-3.711362709145861,4,150.0,1,2,0.23,78,360
17.0,76.0,40.41055240152452,-3.713255883510881,4,150.0,1,2,0.37,78,349
17.0,76.0,40.41074,-3.71268,4,141.0,1,1,0.21,78,338
17.0,77.0,40.42367459522831,-3.697265535593033,3,79.0,3,29,3.41,1,22
17.0,66.0,40.42731,-3.70281,3,78.0,1,18,2.12,1,49
15.0,64.0,40.434291965346205,-3.700499469159039,4,140.0,1,1,0.12,12,365
15.0,69.0,40.43634,-3.6993,3,51.0,2,10,1.09,6,358
10.0,62.0,40.47605,-3.67218,3,85.0,7,0,0.0,1,362
14.0,65.0,40.45734,-3.69346,4,140.0,4,0,0.0,1,89
15.0,64.0,40.43432067962426,-3.69958031736081,3,45.0,2,15,1.88,6,358
11.0,70.0,40.42720124459412,-3.7152270269998864,4,125.0,1,0,0.0,3,358
14.0,71.0,40.47220760199825,-3.694207043741962,3,100.0,2,38,4.51,120,72
16.0,78.0,40.4152246,-3.6747229,4,148.0,1,0,0.0,13,334
17.0,79.0,40.4109068,-3.6950181,4,115.0,2,46,5.07,12,99
14.0,71.0,40.47143,-3.69042,4,125.0,14,0,0.0,1,343
17.0,76.0,40.409521069055984,-3.713101606549349,4,113.0,1,4,0.46,78,338
8.0,48.0,40.39505911737346,-3.6723668631233575,3,24.0,1,2,0.43,1,43
17.0,61.0,40.40753301923348,-3.7002132630777114,4,91.0,1,13,1.42,10,270
17.0,61.0,40.40869955492465,-3.702203049320047,4,118.0,1,3,0.36,10,264
18.0,73.0,40.42209066424639,-3.679358729083195,4,125.0,2,4,0.46,1,290
6.0,20.0,40.38557,-3.70722,4,45.0,2,8,0.88,5,165
17.0,66.0,40.4207598,-3.704672099999999,3,102.0,1,44,4.82,11,286
16.0,66.0,40.44948522442153,-3.665666100344621,3,69.0,2,27,2.96,3,334
17.0,66.0,40.4207598,-3.704672099999999,3,122.0,1,48,5.24,11,313
9.0,45.0,40.44799748407914,-3.577451594173908,4,71.0,2,20,2.35,3,335
17.0,66.0,40.4207598,-3.704672099999999,3,114.0,1,59,6.46,11,296
16.0,59.0,40.44969417744458,-3.665973682371112,3,69.0,2,13,1.46,3,340
14.0,71.0,40.47378802062334,-3.69424251752641,3,100.0,2,43,8.27,120,65
18.0,82.0,40.42514,-3.6852,4,146.0,2,15,1.75,63,60
18.0,60.0,40.42109696139828,-3.668565941128347,3,79.0,8,6,0.71,3,341
14.0,57.0,40.46491,-3.70957,4,73.0,2,49,5.55,10,329
11.0,18.0,40.41672,-3.72355,4,110.0,1,2,0.24,54,349
6.0,22.0,40.37064021672767,-3.750966377556324,4,131.0,2,24,2.65,3,259
14.0,65.0,40.4590121,-3.6955626,4,110.0,2,10,1.28,1,354
16.0,64.0,40.45363869109755,-3.6749018017548463,3,93.0,1,4,0.9,15,319
1.0,6.0,40.41123866033168,-3.613522105488222,4,131.0,1,96,10.51,3,298
14.0,52.0,40.4521326,-3.7090879,3,79.0,1,0,0.0,3,345
8.0,41.0,40.3991528,-3.663212,3,58.0,1,2,0.24,28,344
16.0,64.0,40.45403,-3.6744,3,99.0,1,5,0.71,15,322
16.0,64.0,40.45417786086933,-3.675199930881944,3,101.0,1,2,0.41,15,317
16.0,64.0,40.455749038113744,-3.674949027505925,3,108.0,1,2,0.23,15,288
16.0,64.0,40.45601,-3.67708,3,55.0,1,14,2.31,15,336
16.0,64.0,40.45382576698162,-3.6772425875809662,3,96.0,1,3,0.64,15,326
16.0,64.0,40.45453176524117,-3.676772986554181,3,105.0,1,13,1.63,15,327
14.0,57.0,40.46460349637742,-3.6951721561377022,4,144.0,1,36,4.74,5,3
11.0,15.0,40.462469,-3.7192283,4,128.0,1,5,0.6,10,319
13.0,46.0,40.3937,-3.69476,4,128.0,1,7,0.87,10,280
14.0,65.0,40.46137120608,-3.695857948947933,4,132.0,1,10,1.55,10,46
17.0,80.0,40.4189495,-3.7006876,4,146.0,30,3,0.39,5,269
17.0,80.0,40.41662742401143,-3.703240287138253,4,131.0,2,64,6.98,1,66
8.0,41.0,40.39681,-3.66098,3,38.0,1,20,2.19,1,201
6.0,42.0,40.3951,-3.70821,4,103.0,3,40,4.4,4,103
16.0,73.0,40.41783424512799,-3.6893086656256457,3,99.0,1,6,0.88,28,312
17.0,61.0,40.40784677795802,-3.7042849496452823,3,64.0,2,26,2.83,4,298
16.0,80.0,40.39760998221917,-3.672872956596496,4,76.0,3,17,2.16,2,331
16.0,80.0,40.39951,-3.67154,4,71.0,4,15,1.91,2,322
14.0,57.0,40.46256,-3.70177,4,85.0,2,14,2.47,51,349
14.0,50.0,40.46028555250587,-3.702647000452187,4,88.0,2,10,1.76,51,352
14.0,50.0,40.4602889230703,-3.703470884233221,4,86.0,2,9,1.64,51,351
12.0,27.0,40.4627768245788,-3.6481875088081552,3,47.0,1,3,0.36,2,226
14.0,50.0,40.46044,-3.70378,4,91.0,2,13,2.41,51,348
14.0,50.0,40.4603,-3.70365,4,91.0,2,14,2.84,51,347
18.0,73.0,40.427699423160064,-3.671553241699491,4,94.0,25,0,0.0,24,334
17.0,66.0,40.4272104,-3.703619,4,80.0,30,3,0.8,12,76
14.0,50.0,40.46049,-3.70177,4,86.0,2,24,4.5,51,356
13.0,49.0,40.39529,-3.69651,4,69.0,30,0,0.0,272,365
14.0,57.0,40.4637724232417,-3.6994809804351374,4,35.0,30,1,0.15,22,326
14.0,57.0,40.46428607660271,-3.697525956146751,4,39.0,14,2,0.51,22,295
14.0,57.0,40.46411383147548,-3.698166271428742,4,62.0,30,3,0.41,22,348
14.0,71.0,40.47131439899231,-3.692143882017484,4,96.0,1,3,0.64,12,335
6.0,42.0,40.39038,-3.7157,4,90.0,1,39,5.37,141,269
17.0,76.0,40.408543022939575,-3.7114627285529855,4,106.0,1,1,0.63,5,314
17.0,61.0,40.40826,-3.71016,4,132.0,1,6,1.26,5,319
17.0,61.0,40.40803,-3.71022,4,141.0,1,15,1.79,5,317
17.0,61.0,40.40848,-3.71064,4,157.0,1,16,2.04,5,307
17.0,76.0,40.40879,-3.71155,4,158.0,1,30,3.63,5,302
17.0,61.0,40.40980183748545,-3.704086130379761,4,117.0,3,17,2.01,1,56
14.0,52.0,40.45380930911992,-3.710141238852114,4,121.0,1,1,0.11,10,154
17.0,77.0,40.42079,-3.70019,4,137.0,2,46,5.43,1,182
17.0,76.0,40.41013,-3.71024,4,136.0,1,6,0.68,6,282
17.0,76.0,40.41244,-3.70793,4,110.0,1,3,0.35,78,342
17.0,79.0,40.4113759,-3.6947061,4,56.0,28,4,0.52,5,286
17.0,79.0,40.4113759,-3.6947061,4,66.0,28,4,0.61,5,167
17.0,79.0,40.4113759,-3.6947061,4,66.0,28,3,0.46,5,281
16.0,66.0,40.44584006164296,-3.668469739826675,4,127.0,1,26,3.02,334,338
17.0,61.0,40.4080171296802,-3.699487562085997,4,113.0,4,17,2.15,62,311
15.0,64.0,40.435766219911365,-3.702398181210866,4,135.0,1,13,1.42,28,323
18.0,73.0,40.42485694172913,-3.670308401362002,3,110.0,15,6,0.78,29,329
18.0,73.0,40.42498902338405,-3.670768818143933,3,110.0,15,5,0.75,29,329
18.0,73.0,40.42358805613897,-3.670724858583109,3,100.0,15,5,0.68,29,319
18.0,73.0,40.42452185767762,-3.670723416465491,3,100.0,15,5,0.68,29,329
17.0,76.0,40.42072,-3.70969,3,114.0,1,19,2.3,10,102
17.0,76.0,40.42157036896892,-3.7094978872151376,3,115.0,1,70,8.05,10,89
17.0,76.0,40.42273,-3.71116,3,75.0,1,9,1.14,10,91
1.0,13.0,40.3942,-3.6216,3,42.0,2,5,0.58,3,344
17.0,77.0,40.42063,-3.70122,4,103.0,1,6,0.7,6,299
14.0,71.0,40.47154,-3.69113,3,20.0,3,0,0.0,2,308
17.0,61.0,40.4084796,-3.7017803,4,129.0,10,8,0.93,2,143
8.0,12.0,40.3923,-3.64237,3,49.0,1,11,1.24,5,46
8.0,12.0,40.39090211462569,-3.640683524038848,3,49.0,1,6,0.68,5,75
12.0,61.0,40.473333088229765,-3.637934282026114,4,101.0,3,0,0.0,1,346
17.0,77.0,40.41997,-3.69869,4,112.0,1,29,3.25,3,294
18.0,60.0,40.42292,-3.66864,3,90.0,15,2,0.56,29,322
15.0,64.0,40.4335667,-3.699158699999999,4,95.0,6,30,3.45,1,125
17.0,61.0,40.40902,-3.69952,4,108.0,2,6,0.82,2,198
13.0,55.0,40.40440382850522,-3.7042805179953575,4,73.0,30,9,1.04,7,339
14.0,65.0,40.46364597478825,-3.6963060247579143,4,61.0,4,0,0.0,63,318
18.0,73.0,40.42324558414575,-3.67038757462008,3,90.0,15,0,0.0,29,328
14.0,57.0,40.46411522737621,-3.699706684077016,4,38.0,14,0,0.0,22,291
5.0,3.0,40.35933,-3.69741,3,85.0,30,0,0.0,1,362
12.0,54.0,40.48607,-3.61678,4,103.0,1,1,1.0,407,286
17.0,61.0,40.4107723,-3.7007071,4,102.0,3,18,2.31,1,73
17.0,76.0,40.4093231,-3.7120463,4,109.0,1,32,3.92,65,312
12.0,54.0,40.4844478694138,-3.616952797457294,4,63.0,1,0,0.0,407,87
9.0,45.0,40.44522,-3.58334,4,108.0,3,29,3.55,1,243
13.0,49.0,40.39915,-3.69983,4,80.0,30,1,0.13,2,342
13.0,49.0,40.39924,-3.69973,4,96.0,30,5,0.63,2,351
14.0,71.0,40.47218018845654,-3.694744364013226,4,69.0,1,11,1.32,12,294
14.0,71.0,40.47200919707157,-3.694698935524801,4,113.0,1,11,1.41,12,293
12.0,54.0,40.4989737,-3.6519473,4,123.0,30,2,0.26,249,350
17.0,76.0,40.4204493,-3.7079859,4,163.0,30,1,1.0,249,228
12.0,27.0,40.4640964,-3.6376022,3,47.0,1,2,0.26,28,352
14.0,50.0,40.4582752,-3.7047832,3,51.0,1,28,3.23,18,67
16.0,84.0,40.46012,-3.67798,4,85.0,2,17,1.98,6,79
16.0,84.0,40.45879035150414,-3.6825628179984777,4,105.0,2,17,2.17,6,72
16.0,84.0,40.45980853665254,-3.680750155898239,4,161.0,2,14,1.61,6,325
3.0,29.0,40.41036957839372,-3.7314228994696026,3,38.0,2,16,2.07,1,336
14.0,52.0,40.45152,-3.7048,4,116.0,1,3,0.39,334,1
15.0,69.0,40.43659,-3.6994,4,140.0,1,0,0.0,12,355
18.0,63.0,40.43338859804147,-3.6646343385859055,4,88.0,5,3,1.27,10,147
15.0,66.0,40.43075447106208,-3.709172543888015,3,126.0,1,29,3.25,6,330
17.0,77.0,40.42802952093448,-3.700370281800662,4,146.0,1,2,0.25,292,79
1.0,6.0,40.4069494434222,-3.607948280950932,4,146.0,1,13,1.55,3,155
16.0,51.0,40.4044344,-3.6748816,4,107.0,30,2,0.31,249,76
13.0,55.0,40.40336323561161,-3.703083291296568,4,72.0,1,24,2.71,92,343
17.0,66.0,40.4247,-3.71186,3,129.0,1,5,0.91,17,88
17.0,66.0,40.42467,-3.71122,3,122.0,1,1,0.16,17,342
11.0,70.0,40.42482,-3.71273,3,148.0,1,6,1.22,17,349
17.0,66.0,40.42456187003968,-3.7108713160590057,3,142.0,1,10,2.26,17,98
11.0,70.0,40.42451,-3.71233,3,142.0,1,1,0.15,17,95
17.0,66.0,40.426528556918846,-3.711235985243376,3,142.0,1,10,1.12,17,101
17.0,66.0,40.42880772626372,-3.708628774290639,3,102.0,1,12,1.35,6,105
8.0,41.0,40.40312021105283,-3.660765823234213,3,38.0,2,34,4.06,2,124
17.0,66.0,40.42432,-3.70624,4,61.0,3,12,1.37,1,204
14.0,52.0,40.45105019777093,-3.708701424238213,3,71.0,1,4,0.61,3,360
17.0,66.0,40.424500718357294,-3.710252826603603,4,105.0,1,3,0.59,1,339
16.0,70.0,40.41741138818126,-3.6769274984231006,4,128.0,30,1,0.54,407,101
15.0,66.0,40.43608370086663,-3.710630544304223,4,157.0,1,16,1.83,2,227
17.0,61.0,40.40937159131224,-3.7026485416261967,4,121.0,1,65,7.3,2,297
7.0,33.0,40.37544949999999,-3.620848199999999,4,122.0,1,2,0.23,1,13
10.0,12.0,40.50314376546593,-3.709758876417265,3,42.0,2,23,2.64,1,55
8.0,10.0,40.3842,-3.67168,4,120.0,2,26,3.05,1,61
13.0,49.0,40.39616549014718,-3.698036612578952,3,68.0,1,0,0.0,1,73
15.0,64.0,40.43524,-3.69985,3,88.0,2,23,2.92,6,333
17.0,61.0,40.4091699,-3.7038218,4,143.0,1,9,1.04,28,108
15.0,39.0,40.43676003722407,-3.71605281876077,3,58.0,1,0,0.0,2,340
17.0,76.0,40.41469738190135,-3.7088168209069248,3,59.0,1,1,0.12,1,257
17.0,79.0,40.41632508950288,-3.700277622826062,4,105.0,1,34,4.18,6,347
8.0,41.0,40.4009275,-3.6664412,4,65.0,2,1,0.18,3,95
10.0,53.0,40.4843682,-3.710472199999999,4,65.0,25,3,1.58,3,249
15.0,66.0,40.43775,-3.70973,4,85.0,1,0,0.0,12,365
16.0,64.0,40.458191960422425,-3.678755184048702,4,90.0,1,7,0.81,87,311
9.0,45.0,40.443594,-3.5844548,4,83.0,1,41,4.77,1,121
12.0,54.0,40.48845,-3.67215,3,36.0,1,90,10.31,1,236
6.0,17.0,40.37753,-3.74633,4,51.0,20,1,0.15,3,289
17.0,61.0,40.4106854,-3.7039903,3,46.0,3,2,0.23,2,365
6.0,25.0,40.38641,-3.73734,3,33.0,1,11,1.52,1,256
3.0,11.0,40.40311248834679,-3.737986640357932,4,152.0,1,10,1.18,2,142
17.0,79.0,40.4105708,-3.6943205,4,117.0,1,27,3.39,1,222
17.0,61.0,40.4101473,-3.7018052,4,144.0,1,21,2.72,1,346
17.0,76.0,40.41881,-3.70877,4,125.0,1,38,4.38,6,157
15.0,64.0,40.43174505485091,-3.704947432669953,3,70.0,1,3,0.56,1,331
6.0,42.0,40.39379584809659,-3.7084574648711226,4,71.0,1,34,3.92,292,42
18.0,63.0,40.43311302248194,-3.66806848472221,4,72.0,1,8,1.5,54,257
18.0,63.0,40.43196093084145,-3.669770402109989,3,40.0,1,2,0.83,54,353
18.0,63.0,40.43361667956613,-3.66910703846017,3,55.0,1,0,0.0,54,311
18.0,63.0,40.43335,-3.6677,3,60.0,1,2,0.37,54,333
17.0,77.0,40.4241086376146,-3.6925020969405047,4,138.0,3,10,1.18,9,349
17.0,77.0,40.42367,-3.69804,4,159.0,1,22,2.8,14,296
15.0,39.0,40.43185345020135,-3.7130015041705273,4,90.0,1,1,0.12,12,365
14.0,57.0,40.46215497790205,-3.6981725658710856,4,40.0,14,0,0.0,22,319
14.0,57.0,40.46415,-3.69973,4,69.0,14,3,0.47,22,199
14.0,65.0,40.46058,-3.69405,4,109.0,1,0,0.0,407,100
14.0,57.0,40.46446631834496,-3.6997543741756775,4,40.0,30,1,0.13,22,325
17.0,61.0,40.41045,-3.70864,4,122.0,30,1,0.13,407,258
17.0,76.0,40.41074,-3.70976,4,122.0,30,0,0.0,407,268
17.0,77.0,40.42066,-3.70134,4,85.0,1,5,0.65,3,108
17.0,77.0,40.41976,-3.69804,4,154.0,5,2,0.23,63,300
18.0,60.0,40.42403810316296,-3.665693072923484,3,58.0,1,0,0.0,2,364
17.0,79.0,40.41470532350077,-3.701894468015264,4,99.0,3,20,2.5,1,238
18.0,73.0,40.42770311372973,-3.678340539336205,3,47.0,2,5,0.58,1,257
16.0,78.0,40.41562273248416,-3.676493203704838,4,120.0,28,4,0.7,1,153
10.0,47.0,40.43502,-3.64618,3,42.0,1,35,4.02,2,336
12.0,54.0,40.49921,-3.61187,3,67.0,1,10,2.17,1,340
8.0,10.0,40.38386,-3.67218,4,72.0,5,1,0.15,1,235
2.0,1.0,40.40787,-3.6435,3,48.0,14,3,0.37,5,221
17.0,80.0,40.41625,-3.70564,3,140.0,2,19,2.23,2,161
17.0,79.0,40.4109,-3.69387,4,50.0,28,4,0.7,7,112
16.0,78.0,40.41195,-3.67564,4,153.0,2,0,0.0,3,55
17.0,80.0,40.41586,-3.70629,4,137.0,2,39,4.62,12,281
15.0,67.0,40.43864,-3.69237,4,129.0,1,31,3.88,65,305
13.0,46.0,40.39836,-3.69592,3,42.0,2,26,3.01,2,337
14.0,71.0,40.47284,-3.69143,4,136.0,1,21,2.56,3,335
9.0,5.0,40.42734,-3.61519,3,34.0,20,1,0.59,6,321
10.0,44.0,40.50424,-3.70216,4,79.0,29,5,0.76,1,327
15.0,66.0,40.43063,-3.7071,3,104.0,1,32,3.76,6,75
12.0,54.0,40.48748,-3.66615,4,85.0,1,26,3.94,5,41
12.0,54.0,40.48771,-3.66591,4,85.0,1,8,1.28,5,24
2.0,1.0,40.4067,-3.63985,4,80.0,14,1,1.0,5,2
12.0,27.0,40.46653,-3.65436,4,125.0,1,10,1.64,2,168
18.0,73.0,40.42754,-3.67396,4,153.0,30,1,1.0,407,302
10.0,45.0,40.42021,-3.65092,4,105.0,1,16,1.95,1,331
17.0,76.0,40.42259,-3.71005,4,143.0,2,1,0.18,78,365
14.0,52.0,40.45334,-3.71,3,45.0,1,2,0.32,10,289
14.0,52.0,40.45502,-3.71013,3,59.0,1,5,0.69,10,305
17.0,66.0,40.42603,-3.70281,3,100.0,2,13,1.63,3,348
10.0,47.0,40.43693,-3.64645,3,42.0,1,12,1.57,2,347
10.0,47.0,40.43859,-3.64089,3,46.0,1,0,0.0,1,361
17.0,61.0,40.4063,-3.70112,4,91.0,2,33,3.96,1,71
6.0,39.0,40.39296,-3.72641,3,39.0,1,2,0.24,4,365
11.0,46.0,40.47158,-3.729,4,142.0,2,7,0.85,107,47
10.0,45.0,40.4322,-3.64793,3,40.0,1,34,4.02,6,350
17.0,79.0,40.41826,-3.69559,4,111.0,4,1,0.28,12,83
17.0,80.0,40.4159,-3.70379,4,74.0,28,19,2.39,3,346
4.0,40.0,40.47498,-3.57829,4,85.0,1,6,0.91,2,289
14.0,57.0,40.46972,-3.69987,3,65.0,6,4,0.52,4,364
6.0,39.0,40.39296,-3.72641,3,28.0,1,6,0.77,4,327
10.0,47.0,40.44006,-3.64315,4,94.0,2,21,2.89,1,117
17.0,66.0,40.42527,-3.70489,3,128.0,2,26,3.26,3,334
14.0,63.0,40.44837,-3.69439,1,24.0,1,53,6.39,4,106
17.0,66.0,40.42319,-3.70146,4,78.0,1,5,0.59,87,265
17.0,61.0,40.40846,-3.70069,4,143.0,30,13,2.6,4,11
14.0,57.0,40.4666431,-3.6976969,4,96.0,1,62,7.72,18,222
17.0,61.0,40.40894,-3.69946,4,72.0,30,3,0.74,1,287
9.0,45.0,40.44244,-3.58484,4,95.0,1,27,3.46,8,323
13.0,46.0,40.39659,-3.68451,4,90.0,1,25,3.19,1,290
14.0,63.0,40.4468,-3.70314,3,45.0,2,4,0.51,1,72
17.0,76.0,40.41854,-3.70893,3,93.0,2,0,0.0,4,363
16.0,80.0,40.40044,-3.67127,4,69.0,2,18,2.31,1,155
3.0,26.0,40.40366,-3.7479,3,53.0,3,31,3.69,1,350
17.0,61.0,40.40955959397607,-3.699218183755874,4,63.0,29,10,1.38,2,234
17.0,61.0,40.40914,-3.69956,4,51.0,2,24,3.1,1,12
3.0,10.0,40.38297,-3.76419,3,20.0,30,4,0.55,4,318
3.0,10.0,40.38297,-3.76419,3,20.0,30,1,0.22,4,242
6.0,22.0,40.36492,-3.76116,3,33.0,1,4,0.82,1,349
9.0,45.0,40.4416242,-3.5688573,4,82.0,4,4,0.51,13,252
9.0,45.0,40.44162,-3.56886,4,70.0,2,7,0.89,13,310
10.0,14.0,40.4791,-3.69725,3,40.0,1,1,0.12,2,168
6.0,42.0,40.39451,-3.70833,1,44.0,8,2,0.25,15,102
16.0,78.0,40.41277,-3.67504,3,66.0,1,18,2.48,3,16
17.0,61.0,40.4116,-3.70545,4,95.0,1,29,3.69,1,75
6.0,28.0,40.38769,-3.7074,3,60.0,1,5,0.69,6,358
6.0,28.0,40.38638,-3.70734,3,61.0,1,4,0.75,6,357
6.0,28.0,40.38606,-3.70693,3,61.0,1,10,1.28,6,361
6.0,28.0,40.38775,-3.70544,3,59.0,1,8,1.14,6,357
6.0,28.0,40.38612,-3.70678,3,74.0,1,0,0.0,6,362
15.0,67.0,40.4394518349544,-3.6993163182993847,4,57.0,30,11,1.43,1,214
17.0,76.0,40.42212,-3.7118,4,143.0,2,0,0.0,78,365
17.0,76.0,40.42192,-3.71078,4,143.0,2,1,0.27,78,365
17.0,76.0,40.42207,-3.71015,4,155.0,2,0,0.0,78,363
17.0,76.0,40.42206,-3.71059,4,143.0,2,1,0.19,78,365
18.0,63.0,40.43242,-3.66873,3,47.0,5,5,0.75,1,334
17.0,76.0,40.42252,-3.71194,4,143.0,2,2,0.27,78,365
17.0,76.0,40.42175,-3.71028,4,143.0,2,1,0.18,78,365
4.0,40.0,40.47433,-3.57543,4,110.0,1,104,12.63,5,38
17.0,76.0,40.41571,-3.71224,4,103.0,1,37,4.72,2,38
9.0,32.0,40.43874,-3.61205,3,34.0,1,16,1.94,1,9
14.0,71.0,40.46846,-3.69504,4,142.0,2,8,1.04,9,124
15.0,64.0,40.4304,-3.70508,4,82.0,5,11,1.68,181,299
13.0,46.0,40.39664,-3.69513,4,143.0,2,9,1.74,9,71
12.0,54.0,40.48512,-3.66696,4,137.0,30,0,0.0,249,339
17.0,66.0,40.42382,-3.70565,4,103.0,30,27,3.46,2,234
17.0,61.0,40.41222,-3.70294,4,130.0,2,18,2.3,9,90
17.0,66.0,40.42727,-3.70449,4,159.0,30,0,0.0,249,201
14.0,63.0,40.45412,-3.69141,4,116.0,30,0,0.0,249,199
17.0,61.0,40.40987,-3.70301,4,118.0,1,7,0.88,77,267
17.0,61.0,40.409728618423,-3.7034668757976745,4,122.0,1,6,0.77,77,333
10.0,47.0,40.43758,-3.64322,3,42.0,2,36,4.62,1,338
14.0,52.0,40.45483,-3.70802,4,107.0,1,1,0.12,10,280
12.0,27.0,40.46787,-3.63945,3,50.0,2,31,3.75,1,94
14.0,57.0,40.47079,-3.70356,3,28.0,1,40,5.38,1,98
10.0,47.0,40.43553,-3.64761,4,132.0,2,2,0.45,9,114
18.0,73.0,40.42409,-3.67034,4,156.0,2,0,0.0,9,39
17.0,66.0,40.42901,-3.70957,4,146.0,2,13,1.72,9,59
14.0,63.0,40.44818,-3.70185,1,30.0,1,19,2.52,7,46
17.0,77.0,40.42046,-3.69733,4,152.0,3,39,4.88,2,135
14.0,63.0,40.4471,-3.70111,1,29.0,1,193,23.16,7,87
1.0,13.0,40.40663,-3.5627,3,41.0,1,0,0.0,1,364
14.0,63.0,40.44878,-3.69503,1,65.0,1,21,2.84,4,93
17.0,79.0,40.41498,-3.70198,3,124.0,1,0,0.0,12,315
17.0,79.0,40.41708,-3.69569,4,72.0,10,0,0.0,24,61
14.0,71.0,40.46899046979577,-3.696196675300598,3,40.0,1,86,10.45,2,53
15.0,69.0,40.43645,-3.69859,4,140.0,1,0,0.0,12,365
5.0,10.0,40.3456,-3.69289,3,65.0,1,0,0.0,2,365
15.0,67.0,40.43879,-3.69727,4,140.0,1,2,0.41,12,365
6.0,28.0,40.38687,-3.70354,3,39.0,1,27,3.45,3,24
14.0,63.0,40.44795,-3.70085,1,30.0,1,14,1.8,7,46
14.0,63.0,40.44856,-3.70275,1,29.0,1,67,8.27,7,87
17.0,76.0,40.42095,-3.70935,4,143.0,1,0,0.0,4,42
17.0,66.0,40.42654,-3.70784,4,93.0,1,5,1.5,4,85
14.0,63.0,40.44732,-3.70096,1,30.0,1,77,10.55,7,90
14.0,63.0,40.44923,-3.70081,1,29.0,1,9,1.14,7,86
17.0,79.0,40.41364,-3.699,4,47.0,1,5,0.79,24,360
17.0,61.0,40.40695,-3.70023,4,48.0,1,4,0.52,24,364
6.0,45.0,40.3935,-3.72177,4,81.0,1,5,0.82,24,365
17.0,61.0,40.40748,-3.70309,4,55.0,1,5,0.82,24,365
17.0,76.0,40.42221,-3.70934,4,89.0,1,9,1.15,4,78
17.0,61.0,40.40801,-3.69946,4,88.0,1,19,2.52,181,71
9.0,45.0,40.44162,-3.56886,4,87.0,2,32,4.21,8,174
15.0,39.0,40.43505,-3.71327,4,108.0,1,0,0.0,12,365
17.0,76.0,40.42119,-3.71211,4,143.0,20,2,0.25,78,365
9.0,32.0,40.44539,-3.60744,3,33.0,1,17,2.13,1,342
17.0,80.0,40.41943,-3.70437,3,49.0,2,14,1.85,6,15
14.0,63.0,40.44921,-3.70126,4,63.0,2,36,4.52,1,90
18.0,73.0,40.4276,-3.67826,4,159.0,1,22,2.77,65,309
17.0,80.0,40.4196390342059,-3.7044483103632353,3,54.0,2,32,4.27,6,7
17.0,61.0,40.40956614484693,-3.703662112137713,4,61.0,1,1,0.4,1,282
6.0,56.0,40.38169,-3.69354,4,86.0,1,1,0.25,95,287
17.0,61.0,40.40834,-3.70116,4,88.0,2,18,2.25,3,337
14.0,52.0,40.45068288658709,-3.707250681339869,4,122.0,1,26,3.17,28,131
15.0,66.0,40.4364,-3.71009,4,104.0,1,0,0.0,12,365
12.0,61.0,40.4734955,-3.640682,4,118.0,1,2,0.28,7,326
10.0,45.0,40.424907493801335,-3.657329111245264,3,74.0,2,0,0.0,1,16
16.0,73.0,40.41564170007213,-3.6783157855194415,4,120.0,20,0,0.0,24,56
3.0,12.0,40.3883225,-3.7584641,4,135.0,2,50,6.49,4,298
17.0,76.0,40.41334515138326,-3.7083333806388863,4,143.0,1,1,0.15,8,4
17.0,61.0,40.4116881,-3.7074132,4,84.0,1,2,0.26,8,19
14.0,50.0,40.45728806689316,-3.7089085550347214,4,115.0,2,3,0.4,9,42
15.0,64.0,40.428648437492015,-3.699720260946454,4,81.0,1,10,1.79,181,269
17.0,66.0,40.42296139118711,-3.7032125241014366,4,101.0,1,0,0.0,407,286
16.0,70.0,40.41909,-3.67641,4,98.0,1,6,0.74,87,286
15.0,67.0,40.4454522,-3.7024518,4,130.0,2,28,3.56,11,316
8.0,41.0,40.39904907039061,-3.6663127715694888,4,117.0,3,8,1.23,29,324
13.0,72.0,40.38628,-3.69214,4,111.0,2,6,0.75,2,342
6.0,28.0,40.38558159999999,-3.7097591,4,93.0,4,5,1.24,43,343
10.0,41.0,40.42954,-3.64495,3,33.0,1,0,0.0,2,363
8.0,12.0,40.38262294116307,-3.646150924960142,4,64.0,2,18,2.56,1,112
17.0,80.0,40.41694,-3.70146,4,150.0,3,4,0.5,29,319
16.0,65.0,40.4719013,-3.6857488,4,114.0,1,26,3.48,3,341
16.0,51.0,40.40698728719328,-3.67889270742872,3,27.0,1,39,4.8,7,294
16.0,51.0,40.40469,-3.68152,3,27.0,2,32,3.95,7,102
16.0,51.0,40.40343,-3.67926,3,36.0,1,37,4.61,7,80
17.0,66.0,40.42401870862046,-3.703136676818569,4,133.0,2,14,2.18,3,178
18.0,82.0,40.42838585088057,-3.685518038553151,4,127.0,1,0,0.0,407,12
1.0,6.0,40.4085535,-3.6118677,3,43.0,2,10,1.29,2,12
6.0,17.0,40.37769,-3.73787,3,36.0,1,26,3.32,2,347
6.0,17.0,40.37591972064961,-3.7376023889490977,3,35.0,1,20,2.65,2,334
1.0,6.0,40.4085535,-3.6118677,3,26.0,1,14,1.78,2,287
3.0,10.0,40.3823154,-3.7639873,4,139.0,1,9,1.16,19,294
17.0,66.0,40.42373669177929,-3.7105137176287633,4,143.0,30,1,0.18,78,365
11.0,15.0,40.47175,-3.72774,3,33.0,1,5,0.64,10,352
10.0,45.0,40.4297378,-3.6469299,4,114.0,1,1,0.15,65,25
12.0,61.0,40.47146,-3.64739,4,110.5,2,1,0.58,78,365
17.0,66.0,40.4226778,-3.7030368,4,90.0,3,17,2.27,30,26
17.0,61.0,40.41096,-3.70132,4,89.0,3,19,2.7,5,129
18.0,63.0,40.432649282006,-3.665518765135617,4,155.0,3,14,2.27,5,129
16.0,73.0,40.41418,-3.69113,4,86.0,1,3,0.41,8,33
17.0,79.0,40.41566886649189,-3.694642484538926,4,143.0,3,13,1.67,2,65
17.0,79.0,40.41499355261646,-3.702337720873294,3,118.0,1,0,0.0,12,290
18.0,63.0,40.43525,-3.67415,4,94.0,2,22,2.87,51,333
13.0,55.0,40.39951,-3.70078,3,49.0,7,6,1.2,1,216
17.0,80.0,40.41472,-3.70392,3,142.0,1,0,0.0,12,301
17.0,80.0,40.41623123657345,-3.704256076731582,3,124.0,1,0,0.0,12,310
5.0,44.0,40.34213478143003,-3.7069297601797726,4,131.0,2,11,1.38,1,177
17.0,80.0,40.41475,-3.70377,3,145.0,1,0,0.0,12,253
17.0,80.0,40.4165,-3.70402,3,138.0,1,0,0.0,12,316
17.0,80.0,40.41470547031843,-3.70434697304284,3,140.0,1,0,0.0,12,319
17.0,80.0,40.41672214518897,-3.7039830489086136,3,86.0,1,0,0.0,12,281
17.0,80.0,40.414638976527804,-3.704160397085645,3,138.0,1,0,0.0,12,324
17.0,80.0,40.41462788365311,-3.703818914901124,1,164.0,1,2,0.37,12,308
17.0,80.0,40.41654,-3.70203,3,124.0,1,1,0.13,12,310
17.0,80.0,40.41654,-3.70291,3,133.0,1,0,0.0,12,320
17.0,61.0,40.40812,-3.70717,4,127.0,1,1,0.18,8,344
17.0,66.0,40.421442533735785,-3.7026908613769582,4,148.0,1,20,2.55,65,340
2.0,2.0,40.4005996267066,-3.640456348657608,3,26.0,1,30,3.78,3,301
8.0,12.0,40.38774898878376,-3.646330386400223,3,29.0,1,4,0.5,3,317
17.0,76.0,40.4185369,-3.708928799999999,3,77.0,1,7,0.88,4,362
16.0,64.0,40.455916883039215,-3.666038948638815,4,107.0,1,2,1.87,1,325
3.0,26.0,40.40393,-3.75681,3,93.0,1,1,0.16,1,267
17.0,77.0,40.42302666731059,-3.700428501738894,4,104.0,1,28,3.57,8,273
6.0,28.0,40.38766675731696,-3.705103764750589,4,153.0,2,4,0.51,3,284
6.0,32.0,40.381392025700016,-3.7031049506543456,4,61.0,2,28,3.64,31,255
17.0,66.0,40.42894688322869,-3.709007259346772,4,132.0,30,0,0.0,1,179
17.0,77.0,40.42178,-3.6991,4,111.0,1,10,1.45,87,197
17.0,76.0,40.41020779999999,-3.7129706,4,139.0,1,11,1.69,19,328
17.0,76.0,40.41117,-3.71006,3,65.0,3,21,2.76,1,257
10.0,53.0,40.47328,-3.70486,3,34.0,3,0,0.0,1,365
17.0,80.0,40.41547934265176,-3.7051341491528618,3,62.0,1,21,3.07,1,248
18.0,60.0,40.42155446363071,-3.665160139943768,4,135.0,1,0,0.0,407,229
10.0,45.0,40.429807375808,-3.6534130945801735,4,97.0,2,65,8.41,1,202
17.0,80.0,40.4179476,-3.702760699999999,3,164.0,1,8,1.17,7,100
14.0,57.0,40.4639451,-3.7029386,4,132.0,30,0,0.0,249,258
17.0,79.0,40.4115095818041,-3.695898448017525,3,70.0,1,0,0.0,1,365
10.0,45.0,40.42531982796441,-3.653039050661916,3,51.0,1,3,0.85,4,295
10.0,45.0,40.42605,-3.65252,3,49.0,1,6,0.9,4,273
15.0,39.0,40.430733791887874,-3.715340606868267,3,62.0,1,24,3.12,1,72
8.0,41.0,40.39486,-3.65884,3,52.0,1,3,0.4,2,150
17.0,61.0,40.40899413580582,-3.707383463114276,4,94.0,2,43,5.42,27,18
4.0,40.0,40.47194,-3.58049,3,50.0,1,0,0.0,4,362
4.0,15.0,40.46979339655849,-3.578582245339975,3,50.0,1,0,0.0,4,361
4.0,40.0,40.47221777015692,-3.580287918114323,3,50.0,1,0,0.0,4,363
8.0,41.0,40.3974343,-3.6643982,4,84.0,4,2,0.29,46,65
3.0,12.0,40.39135,-3.75477,4,94.0,2,43,5.78,120,71
12.0,27.0,40.46684961659343,-3.6539269409350696,3,32.0,1,21,2.78,1,318
17.0,76.0,40.40987888184954,-3.711393451012896,3,55.0,30,20,2.48,6,327
15.0,39.0,40.43569,-3.71634,3,138.0,1,0,0.0,2,326
5.0,3.0,40.36183198416114,-3.6990837753166974,4,81.0,2,10,1.28,4,60
18.0,73.0,40.428334741730566,-3.678844487896656,4,88.0,10,3,0.46,36,364
17.0,61.0,40.41025302,-3.701642538,4,128.0,1,17,2.18,65,344
14.0,71.0,40.4681952,-3.6973934,3,38.0,1,70,8.9,2,63
8.0,12.0,40.3878,-3.64635,3,40.0,1,3,0.48,3,348
8.0,12.0,40.38788,-3.64521,3,36.0,1,6,0.75,3,348
6.0,17.0,40.38583,-3.73201,3,38.0,2,30,3.77,2,72
6.0,45.0,40.39176,-3.72349,4,108.0,1,2,0.38,7,314
11.0,70.0,40.43196,-3.71959,4,150.0,28,9,1.16,62,291
13.0,59.0,40.41367170917155,-3.7187747982103354,4,115.0,2,4,0.81,292,251
13.0,59.0,40.41047146018106,-3.719730610555069,4,157.0,2,3,0.76,292,236
9.0,24.0,40.42779322645478,-3.6295301442571737,3,31.0,1,26,3.36,2,123
11.0,18.0,40.42956,-3.73061,4,89.0,1,2,0.77,292,42
4.0,57.0,40.4713315,-3.5875233,4,106.0,3,18,2.34,23,337
16.0,59.0,40.44289448248591,-3.6765240837084265,4,106.0,1,45,5.79,4,136
10.0,45.0,40.42603983152726,-3.6544488263368224,3,49.0,1,1,0.29,4,308
10.0,45.0,40.42597,-3.65439,3,51.0,1,3,0.55,4,252
17.0,76.0,40.41167973840362,-3.712058253586292,3,90.0,1,28,3.56,1,113
3.0,29.0,40.41014092704566,-3.724593495262085,3,26.0,2,2,0.26,3,317
15.0,69.0,40.43028663044942,-3.695710325914268,4,112.0,1,0,0.0,407,189
9.0,45.0,40.44364,-3.58553,4,85.0,1,26,3.47,21,61
17.0,77.0,40.4249621,-3.700504599999999,3,69.0,1,3,0.44,8,76
5.0,44.0,40.34907294940125,-3.703564484655757,3,62.0,1,0,0.0,9,76
11.0,70.0,40.42181212115982,-3.713660538196564,3,67.0,1,2,0.26,5,365
17.0,66.0,40.4231884,-3.7076994,4,89.0,2,29,3.85,16,46
17.0,79.0,40.41347,-3.70096,4,116.0,1,0,0.0,407,321
12.0,54.0,40.4804,-3.63196,4,94.0,1,0,0.0,407,195
17.0,76.0,40.422268831939206,-3.709251819049071,4,140.0,1,25,3.32,36,342
16.0,65.0,40.47655,-3.68511,4,146.0,1,0,0.0,407,347
17.0,76.0,40.42221982562279,-3.7091874460327134,4,132.0,1,17,2.73,36,345
17.0,76.0,40.42223616106555,-3.7091874460327134,4,137.0,1,22,3.51,36,346
6.0,25.0,40.3835444117703,-3.749469369649887,3,39.0,1,36,5.09,1,314
17.0,76.0,40.42221322564198,-3.709248861376944,4,127.0,1,27,3.82,36,311
15.0,64.0,40.43135524064751,-3.7027065477626087,4,110.0,2,33,5.38,1,269
6.0,39.0,40.3943839,-3.7330644,4,82.0,2,36,5.17,4,78
13.0,60.0,40.4046025,-3.6946158,1,23.0,1,88,11.43,8,102
9.0,45.0,40.44445371525649,-3.5849889978585043,4,95.0,2,38,5.07,1,114
10.0,81.0,40.45522544908305,-3.6611769380964585,4,92.0,2,46,5.95,2,323
10.0,35.0,40.44265,-3.65192,4,96.0,7,7,1.11,2,95
17.0,76.0,40.4211,-3.70895,4,103.0,1,26,3.94,2,339
13.0,60.0,40.4046025,-3.6946158,1,25.0,1,18,2.37,8,102
3.0,29.0,40.4111919,-3.7315887,4,74.0,1,53,6.94,6,88
6.0,32.0,40.38489755322104,-3.701637304785975,4,87.0,20,0,0.0,107,252
15.0,67.0,40.4408533165317,-3.700696823081724,3,58.0,1,34,4.32,1,255
15.0,66.0,40.4331,-3.70459,3,67.0,1,6,0.79,3,113
17.0,66.0,40.427570310591975,-3.7081775336678535,3,87.0,2,5,0.85,8,350
6.0,42.0,40.39753,-3.71479,3,36.0,1,46,6.54,1,40
17.0,66.0,40.42629,-3.71069,3,28.0,10,0,0.0,13,245
13.0,59.0,40.407683859502605,-3.719950809246541,4,111.0,1,4,0.62,1,331
13.0,60.0,40.4046025,-3.6946158,1,23.0,1,393,51.26,8,104
17.0,66.0,40.42628061187053,-3.712385538884551,3,38.0,10,0,0.0,13,216
10.0,45.0,40.47334673735005,-3.7183117696307,4,81.0,1,0,0.0,54,226
17.0,66.0,40.42546,-3.70418,4,153.0,1,0,0.0,407,314
17.0,66.0,40.42419,-3.71135,3,43.0,10,0,0.0,13,232
5.0,44.0,40.34211,-3.71327,4,64.0,20,0,0.0,4,181
15.0,39.0,40.43689225397398,-3.71377298971863,3,35.0,2,4,0.56,2,3
17.0,76.0,40.42267,-3.71165,4,126.0,1,33,4.78,2,321
6.0,17.0,40.37976760255614,-3.733363293295735,4,97.0,28,3,0.46,3,288
17.0,61.0,40.40938342284462,-3.706726700957592,4,114.0,1,3,0.39,43,355
5.0,44.0,40.34243838404049,-3.7126859593197263,4,55.0,20,4,0.75,4,220
5.0,44.0,40.34388,-3.71415,4,66.0,20,2,1.18,4,162
17.0,79.0,40.41904905261751,-3.698342305189918,4,123.0,1,18,2.57,2,164
17.0,76.0,40.41676,-3.70888,4,106.0,28,0,0.0,7,267
13.0,49.0,40.39682546930391,-3.6967873344130497,4,89.0,1,30,4.55,14,164
17.0,61.0,40.40937986545721,-3.696181170167769,3,55.0,5,2,0.45,2,66
17.0,77.0,40.4249621,-3.700504599999999,3,97.0,1,12,1.88,8,67
16.0,51.0,40.40414,-3.67999,4,60.0,1,1,0.13,1,9
17.0,77.0,40.4249621,-3.700504599999999,3,95.0,1,11,1.94,8,61
17.0,77.0,40.4249621,-3.700504599999999,3,71.0,1,0,0.0,8,2
17.0,77.0,40.4249621,-3.700504599999999,3,102.0,1,11,1.56,8,78
10.0,47.0,40.4372506,-3.6403862,3,59.0,2,46,6.11,2,339
17.0,76.0,40.42208729774665,-3.708952006025571,4,97.0,1,32,4.07,2,335
5.0,44.0,40.3493346,-3.7036074,3,73.0,1,0,0.0,9,82
5.0,44.0,40.3493346,-3.7036074,3,65.0,1,0,0.0,9,87
5.0,44.0,40.3493346,-3.7036074,3,85.0,1,1,0.13,9,83
5.0,44.0,40.3493346,-3.7036074,3,91.0,1,0,0.0,9,63
11.0,18.0,40.42755620736602,-3.7273664848539383,3,66.0,1,11,2.04,1,345
15.0,67.0,40.4408,-3.69832,4,128.0,1,14,1.86,18,218
17.0,61.0,40.40954101717308,-3.703914140087072,4,137.0,3,40,5.48,1,300
5.0,44.0,40.3328681257004,-3.701695411604518,4,74.0,2,32,4.8,1,119
2.0,2.0,40.39989846547024,-3.63971131776036,3,35.0,1,101,12.95,3,279
17.0,61.0,40.4072819,-3.7111918,4,78.0,15,4,0.52,19,301
14.0,50.0,40.4597,-3.70749,4,85.0,2,16,2.5,51,335
17.0,76.0,40.40700283303526,-3.7119084947809786,4,114.0,1,10,1.65,2,314
17.0,76.0,40.40733131168374,-3.712023111758082,4,157.0,1,8,1.37,2,301
5.0,44.0,40.3493346,-3.7036074,3,83.0,1,0,0.0,9,92
17.0,79.0,40.4137583,-3.6992287,4,131.0,1,0,0.0,9,64
18.0,63.0,40.43273445684157,-3.669871131962019,3,72.0,1,0,0.0,54,257
18.0,63.0,40.43213486399922,-3.6697743069020055,3,40.0,1,7,1.56,54,347
18.0,63.0,40.43283156404203,-3.6698380843888287,3,40.0,1,4,0.76,54,284
17.0,66.0,40.4206092,-3.7016811,4,122.0,1,7,1.25,9,51
17.0,61.0,40.40960949055825,-3.7003591550305424,4,117.0,30,5,0.71,6,156
17.0,66.0,40.4218854,-3.7056989,4,108.0,4,0,0.0,1,57
9.0,24.0,40.4314467,-3.6320189,3,40.0,1,376,82.94,4,113
9.0,24.0,40.4314467,-3.6320189,3,150.0,1,41,9.25,4,113
10.0,44.0,40.50789605773503,-3.696462530430015,4,105.0,1,0,0.0,1,365
18.0,63.0,40.44002,-3.66457,3,59.0,8,4,0.61,12,233
14.0,52.0,40.45052157297091,-3.704728832955679,4,116.0,1,3,0.41,334,2
13.0,49.0,40.39708780862424,-3.700799345970154,3,61.0,2,18,2.48,1,14
8.0,41.0,40.39915946788,-3.667767959499061,4,86.0,3,32,4.16,6,65
18.0,83.0,40.43282198062173,-3.682024763601468,4,135.0,30,0,0.0,1,289
3.0,12.0,40.38492,-3.75214,3,35.0,1,1,1.0,1,353
17.0,61.0,40.40922,-3.69684,4,119.0,2,29,4.94,3,302
6.0,45.0,40.38562280000001,-3.7197732171966535,3,33.0,3,6,1.14,1,354
13.0,55.0,40.39952,-3.70987,4,103.0,2,40,5.5,141,115
6.0,32.0,40.381985452274265,-3.7043314353673993,4,124.0,2,37,4.96,14,354
15.0,70.0,40.4411,-3.707,4,140.0,30,1,0.16,62,285
14.0,71.0,40.47102,-3.69909,4,135.0,1,10,1.7,2,279
15.0,67.0,40.43879,-3.70066,4,120.0,1,18,2.4,1,233
17.0,61.0,40.40906910070059,-3.7065081137079257,4,116.0,1,30,4.43,1,323
9.0,45.0,40.44494,-3.5834,4,75.0,1,27,4.11,21,70
17.0,79.0,40.41388267479815,-3.7026142386737178,4,83.0,3,16,2.25,2,306
17.0,66.0,40.425644921482494,-3.7037632914499663,3,25.0,1,4,0.73,5,365
14.0,65.0,40.45904,-3.69902,4,115.0,2,18,2.39,2,330
8.0,10.0,40.3856418373122,-3.6712617170916064,3,39.0,1,10,1.52,1,341
8.0,48.0,40.3955918,-3.6655239,4,93.0,3,26,3.84,1,327
9.0,45.0,40.442059783400246,-3.582167814301355,4,68.0,1,1,0.45,54,343
8.0,48.0,40.39342010327168,-3.6678888144124167,4,59.0,1,1,0.15,54,105
17.0,76.0,40.42144,-3.70866,4,143.0,1,0,0.0,54,299
15.0,69.0,40.43246,-3.69525,4,140.0,1,1,1.0,54,138
17.0,61.0,40.40932157004346,-3.704486221825447,4,85.0,1,0,0.0,54,324
14.0,63.0,40.4523393602783,-3.698898391830392,4,81.0,1,8,3.75,87,321
15.0,66.0,40.43393,-3.71046,4,101.0,1,6,1.4,87,321
6.0,39.0,40.39662664520277,-3.719460357986545,3,40.0,2,35,4.63,1,139
3.0,12.0,40.39431,-3.7574,4,63.0,3,18,3.1,1,64
14.0,57.0,40.4646,-3.69545,4,87.0,1,20,3.68,2,322
17.0,80.0,40.41818343892364,-3.70706704547793,4,145.0,5,38,5.4,28,281
4.0,40.0,40.47439,-3.57624,4,161.0,1,2,2.0,4,292
17.0,61.0,40.41,-3.70074,4,89.0,3,20,2.67,1,241
18.0,63.0,40.43115876718015,-3.668785479376231,4,149.0,1,16,2.2,65,348
8.0,48.0,40.39696020032749,-3.667750908327372,4,100.0,3,26,3.42,6,62
11.0,18.0,40.42064685170046,-3.720987223542733,3,126.0,1,2,0.43,1,365
17.0,80.0,40.41875,-3.70222,4,90.0,1,51,7.02,3,287
10.0,12.0,40.49543099731381,-3.715722507357191,3,48.0,3,1,0.3,2,195
8.0,41.0,40.39569407677574,-3.659224924417941,4,91.0,4,20,2.78,1,242
17.0,76.0,40.416476,-3.708747099999999,4,149.0,7,4,0.61,1,9
8.0,48.0,40.39731661284903,-3.668590048441841,4,96.0,3,34,4.68,6,41
3.0,12.0,40.39468298429917,-3.74853248003308,3,28.0,2,10,1.33,1,261
6.0,32.0,40.38626553440725,-3.6995362521082966,4,119.0,20,2,0.41,107,179
11.0,70.0,40.42195,-3.71849,3,131.0,1,17,2.56,15,349
11.0,70.0,40.42257384063084,-3.718455827773775,3,127.0,1,0,0.0,15,340
11.0,18.0,40.42382168160959,-3.716237003969732,3,50.0,1,6,0.83,15,349
11.0,70.0,40.42235734811069,-3.7179394802143855,3,119.0,1,4,0.59,15,351
11.0,18.0,40.4233330062683,-3.7162016934135447,3,50.0,1,1,0.25,15,350
6.0,32.0,40.38667233210894,-3.699803147600982,4,90.0,20,0,0.0,107,158
11.0,18.0,40.4223102024328,-3.716082830494556,3,50.0,1,4,0.68,15,350
11.0,18.0,40.42215894892364,-3.7165005613795454,3,50.0,1,1,0.14,15,324
16.0,59.0,40.44958,-3.66642,4,155.0,30,6,0.85,62,320
13.0,46.0,40.39937183780485,-3.696073328002806,4,88.0,1,3,0.47,2,330
8.0,12.0,40.38633,-3.6404,3,26.0,2,1,0.16,1,136
18.0,68.0,40.43086729754344,-3.6785279471453634,4,153.0,1,0,0.0,407,102
18.0,60.0,40.42523,-3.66106,4,142.0,1,9,1.24,1,234
12.0,27.0,40.4607582,-3.6500055,3,71.0,1,1,0.35,5,30
17.0,76.0,40.42307,-3.71087,4,107.0,2,1,1.0,181,89
13.0,59.0,40.40414964779941,-3.71295343819842,4,85.0,1,0,0.0,181,17
10.0,36.0,40.51267,-3.67747,4,161.0,4,12,1.83,120,73
17.0,61.0,40.41238244865971,-3.704468448849244,4,91.0,1,36,4.93,2,94
17.0,76.0,40.41353677977284,-3.708600612475325,4,76.0,1,36,4.86,3,233
17.0,61.0,40.40979928454625,-3.706973109105242,4,106.0,3,19,2.6,1,242
17.0,77.0,40.42119,-3.69603,3,40.0,30,0,0.0,215,328
17.0,77.0,40.41962,-3.6964,3,35.0,30,0,0.0,215,330
17.0,77.0,40.42146607277333,-3.697632975025801,3,30.0,30,0,0.0,215,335
17.0,77.0,40.42177181145819,-3.698039071325635,3,22.0,30,0,0.0,215,237
17.0,77.0,40.42121224552777,-3.697779212632052,3,35.0,30,0,0.0,215,267
17.0,77.0,40.42162995461639,-3.696078929728897,3,46.0,30,0,0.0,215,274
16.0,59.0,40.45003917149472,-3.690619007966321,3,30.0,30,0,0.0,215,309
17.0,80.0,40.417233,-3.7060982,3,143.0,1,1,0.2,5,274
17.0,66.0,40.42201042802756,-3.702720237385192,4,87.0,2,8,1.1,1,40
16.0,80.0,40.4029055,-3.6715391,4,81.0,2,39,6.22,2,90
17.0,66.0,40.42414602049189,-3.710457313774084,3,80.0,2,21,3.3,1,43
17.0,61.0,40.4060695,-3.7003383,3,87.0,5,2,0.29,2,365
6.0,32.0,40.3851,-3.69952,4,90.0,20,3,0.52,107,224
15.0,66.0,40.43807,-3.70447,4,97.0,1,0,0.0,12,358
6.0,11.0,40.38457337501037,-3.726719423353964,4,87.0,1,11,1.76,1,336
17.0,66.0,40.42456,-3.70402,3,52.0,1,1,0.15,1,257
9.0,45.0,40.44288,-3.58269,4,110.0,1,3,1.06,23,124
9.0,45.0,40.44484995247967,-3.5813806331923344,4,97.0,1,5,0.69,23,171
16.0,80.0,40.40251274758479,-3.6726911938258224,4,93.0,2,15,2.25,1,88
12.0,54.0,40.49582,-3.61228,4,110.5,3,11,1.71,1,78
18.0,82.0,40.4264578,-3.6818749,4,118.0,2,2,0.38,2,354
8.0,12.0,40.38489,-3.64946,3,36.0,1,0,0.0,1,359
4.0,57.0,40.46714,-3.5878909,4,100.0,1,59,8.81,3,192
5.0,44.0,40.34607599155604,-3.7054940483276617,4,90.0,5,16,2.36,10,157
11.0,34.0,40.47327,-3.83206,3,39.0,1,0,0.0,2,89
3.0,10.0,40.374373403331205,-3.77149618702786,3,31.0,1,1,0.16,1,87
8.0,48.0,40.38980035726869,-3.667067535947728,4,70.0,1,35,4.82,7,329
3.0,29.0,40.41055,-3.73484,3,29.0,4,7,1.02,4,81
3.0,12.0,40.39446,-3.74283,3,56.0,3,13,4.87,5,301
16.0,66.0,40.44496,-3.67187,4,72.0,30,4,0.62,6,335
8.0,48.0,40.38999239869614,-3.666037091287584,4,66.0,2,37,5.09,7,341
15.0,67.0,40.44244,-3.69781,4,80.0,30,1,0.64,1,345
8.0,48.0,40.390073149750165,-3.6659823022007534,4,67.0,2,38,5.18,7,346
17.0,79.0,40.41389,-3.69714,3,70.0,8,0,0.0,1,362
13.0,46.0,40.3964541629911,-3.682529225882212,3,69.0,1,1,0.21,2,359
13.0,46.0,40.39778120948161,-3.694863120934724,4,85.0,1,0,0.0,87,333
6.0,42.0,40.3933,-3.71204,4,164.0,3,21,2.97,1,226
9.0,31.0,40.43955,-3.6338,3,40.0,1,0,0.0,14,266
9.0,24.0,40.43772688380552,-3.632616461996063,3,40.0,1,0,0.0,14,266
9.0,31.0,40.43959583217652,-3.632279738868969,3,40.0,1,0,0.0,14,266
10.0,61.0,40.441438265624576,-3.6434780230783694,3,57.0,1,2,0.28,1,136
11.0,46.0,40.44676920483472,-3.7135567735904536,4,140.0,2,20,2.87,141,202
11.0,46.0,40.44646719972101,-3.713834358991317,4,135.0,1,33,4.81,141,223
16.0,59.0,40.45019039270865,-3.6904688920562654,3,40.0,30,0,0.0,215,364
15.0,70.0,40.44497700313336,-3.713831640154781,4,127.0,1,23,3.52,141,260
17.0,61.0,40.41081768026666,-3.697036595133045,4,143.0,1,23,3.37,6,1
13.0,59.0,40.40948,-3.71807,4,107.0,1,32,5.16,141,118
8.0,48.0,40.39199758222423,-3.666364216989789,4,68.0,2,35,5.02,7,343
8.0,48.0,40.3906,-3.66575,4,57.0,2,28,4.06,7,335
6.0,42.0,40.38987438772121,-3.712719921592512,3,51.0,1,37,5.09,2,324
17.0,61.0,40.4097,-3.70542,4,124.0,2,43,6.08,5,99
17.0,66.0,40.42257014290229,-3.7017741244035465,3,62.0,1,45,6.08,3,299
10.0,45.0,40.42968223723713,-3.6481534286098793,4,101.0,2,10,1.38,3,227
7.0,33.0,40.37319428705303,-3.621871425778911,4,89.0,2,31,4.58,120,81
14.0,57.0,40.46464570377777,-3.696220224078981,4,146.0,2,47,6.78,120,80
14.0,71.0,40.47331858851083,-3.6941563302284255,3,118.0,2,56,10.77,120,81
9.0,24.0,40.43789,-3.63207,3,40.0,1,0,0.0,14,266
9.0,24.0,40.4384,-3.63408,3,40.0,1,0,0.0,14,266
17.0,61.0,40.40962,-3.69742,4,151.0,1,3,1.03,6,111
17.0,61.0,40.41061,-3.69735,4,151.0,1,7,1.06,6,110
17.0,61.0,40.40576,-3.70204,4,82.0,4,24,3.35,5,210
9.0,24.0,40.43800044891035,-3.632113528014,3,40.0,1,0,0.0,14,266
9.0,31.0,40.43979,-3.63412,3,40.0,1,0,0.0,14,266
9.0,31.0,40.43977,-3.63212,3,40.0,1,0,0.0,14,266
9.0,24.0,40.43751715571906,-3.632912415120031,3,40.0,1,0,0.0,14,266
9.0,24.0,40.43792118685439,-3.6324964857557966,3,44.0,1,0,0.0,14,265
9.0,24.0,40.43786,-3.63209,3,40.0,1,0,0.0,14,266
16.0,65.0,40.4678266,-3.6848094,4,128.0,1,47,6.68,53,24
4.0,40.0,40.47218264982752,-3.580242352597045,4,92.0,2,13,2.31,1,114
16.0,66.0,40.44062611546715,-3.672529763467788,4,95.0,30,19,2.6,5,237
9.0,31.0,40.43954204383072,-3.6326382090305818,3,44.0,1,0,0.0,14,265
9.0,24.0,40.43788,-3.63222,3,40.0,1,0,0.0,14,266
17.0,61.0,40.407132942863065,-3.703793345035879,4,117.0,1,14,3.5,12,315
14.0,65.0,40.45941,-3.69764,4,132.0,1,0,0.0,77,337
8.0,48.0,40.39632030000001,-3.667857,4,82.0,1,47,6.47,1,48
16.0,30.0,40.40878,-3.66914,3,43.0,1,0,0.0,1,352
17.0,61.0,40.4131161,-3.7044462,1,25.0,1,31,4.89,6,362
15.0,67.0,40.4394997340926,-3.699222834687483,4,140.0,1,1,0.18,54,334
6.0,28.0,40.39147707172321,-3.70408736468376,4,54.0,30,0,0.0,2,236
6.0,25.0,40.38723,-3.74489,4,108.0,1,1,0.14,1,365
17.0,61.0,40.41395144794227,-3.7041450664401054,3,69.0,1,68,9.62,53,18
15.0,39.0,40.4345,-3.71523,4,129.0,2,10,1.47,107,30
13.0,55.0,40.404973364968114,-3.711436280500907,3,55.0,3,16,2.44,1,219
17.0,61.0,40.40673,-3.70854,4,124.0,1,18,2.8,1,327
17.0,80.0,40.417233,-3.7060982,3,148.0,1,9,1.73,5,329
6.0,42.0,40.39096809999999,-3.7135458,4,71.0,1,7,0.96,1,6
9.0,43.0,40.43005,-3.60143,3,90.0,1,11,1.77,1,323
17.0,76.0,40.42028,-3.71273,3,99.0,1,19,2.61,2,335
17.0,76.0,40.42085,-3.71187,3,93.0,1,19,2.61,2,345
13.0,46.0,40.39732335148442,-3.688433165405132,4,145.0,7,1,0.25,1,331
15.0,39.0,40.43321,-3.71557,4,149.0,2,9,1.28,107,31
16.0,70.0,40.41786535988719,-3.677359936175094,4,109.0,5,11,1.57,21,113
16.0,64.0,40.453178888902094,-3.683430824851349,4,140.0,1,3,0.62,54,74
17.0,61.0,40.4139515,-3.7041451,3,73.0,1,66,9.21,53,11
17.0,77.0,40.421505886161526,-3.69912123174562,4,122.0,1,8,1.14,2,296
17.0,61.0,40.409234786492526,-3.6989046920019386,4,112.0,1,23,3.27,65,331
16.0,80.0,40.402148800416136,-3.670696386754851,4,128.0,1,30,4.27,334,319
16.0,80.0,40.40262,-3.67092,4,117.0,1,1,0.91,334,310
16.0,80.0,40.4007,-3.67106,4,129.0,1,20,3.28,334,326
16.0,80.0,40.4007571253694,-3.672432204025454,4,142.0,1,22,3.16,334,330
17.0,76.0,40.41614,-3.70993,4,86.0,3,36,5.27,1,265
16.0,80.0,40.40177095950818,-3.6727997242191943,4,126.0,1,14,2.31,334,325
16.0,80.0,40.40039833681888,-3.670773078555616,4,132.0,1,19,2.89,334,328
16.0,80.0,40.40108795344997,-3.672800694957669,4,125.0,1,30,4.27,334,302
6.0,25.0,40.38882,-3.73295,3,36.0,3,12,1.76,4,336
12.0,61.0,40.4710776,-3.6368441,4,152.0,1,5,0.71,1,355
6.0,7.0,40.377808732271575,-3.6913443453505,3,38.0,1,1,0.14,1,356
9.0,4.0,40.42753,-3.61689,3,28.0,20,0,0.0,6,204
9.0,24.0,40.43772924473712,-3.63275971021005,3,40.0,1,0,0.0,14,266
8.0,41.0,40.3930383,-3.6561398,3,86.0,1,0,0.0,10,350
10.0,36.0,40.503907725149446,-3.662310707866911,4,105.0,1,0,0.0,1,356
16.0,59.0,40.4462139,-3.6747075,3,49.0,2,0,0.0,1,89
13.0,59.0,40.409,-3.71854,3,59.0,1,26,3.58,1,47
15.0,64.0,40.4314301682234,-3.6993025657871432,4,95.0,1,1,0.22,12,364
13.0,55.0,40.40377326125178,-3.7125453413678695,4,72.0,1,14,1.99,181,17
17.0,61.0,40.4139515,-3.7041451,3,58.0,1,70,9.59,53,18
17.0,61.0,40.4139515,-3.7041451,3,55.0,1,68,9.81,53,23
17.0,61.0,40.4139515,-3.7041451,3,67.0,1,67,9.48,53,4
16.0,80.0,40.40254271203832,-3.672969589607697,4,154.0,1,10,1.7,334,353
16.0,80.0,40.40247,-3.67305,4,129.0,1,13,1.91,334,342
16.0,80.0,40.40249,-3.67122,4,139.0,1,26,3.73,334,333
16.0,80.0,40.40178,-3.67301,4,125.0,1,33,4.83,334,310
16.0,80.0,40.40218,-3.67069,4,123.0,1,15,2.15,334,333
16.0,80.0,40.40244,-3.67089,4,131.0,1,12,1.76,334,354
16.0,80.0,40.40044034168029,-3.6722038139193462,4,136.0,1,23,3.38,334,302
3.0,29.0,40.41205108365271,-3.7314689006779256,4,100.0,3,23,3.5,1,243
17.0,66.0,40.42101613297271,-3.701941119544224,3,69.0,1,50,7.11,3,296
17.0,77.0,40.42241,-3.69905,4,153.0,2,3,0.47,2,124
8.0,12.0,40.37869061975992,-3.651888194215895,4,92.0,2,1,0.16,1,344
17.0,79.0,40.413981317012514,-3.7026768922805786,4,156.0,3,0,0.0,2,289
13.0,60.0,40.404266,-3.6930261,3,56.0,2,12,2.67,1,150
17.0,66.0,40.42823574299072,-3.706168368416825,4,70.0,30,2,0.43,9,299
16.0,59.0,40.439280529870224,-3.682318886776805,3,55.0,1,125,17.69,9,86
16.0,59.0,40.441066717828,-3.684301515515677,3,107.0,1,32,4.62,9,86
6.0,17.0,40.37659494386901,-3.7370770382015386,4,111.0,1,37,6.0,2,41
16.0,59.0,40.43942977784305,-3.6841308386104017,3,60.0,1,4,0.56,9,56
16.0,59.0,40.43944,-3.68285,3,93.0,1,13,2.38,9,75
18.0,63.0,40.43323975428338,-3.6730683334233647,4,77.0,1,22,4.23,1,312
14.0,65.0,40.4591179,-3.6991172,1,30.0,1,14,2.56,18,241
6.0,45.0,40.39176,-3.72349,4,108.0,1,3,0.46,7,340
17.0,61.0,40.41043869394376,-3.700389597541288,4,137.0,1,38,5.53,6,36
17.0,77.0,40.42406,-3.69774,4,144.0,1,2,0.39,4,287
17.0,66.0,40.42441886609699,-3.7011560797691354,4,87.0,2,15,2.42,1,2
17.0,77.0,40.42230641458913,-3.697566280686394,4,144.0,1,0,0.0,4,290
17.0,77.0,40.42119614397116,-3.698880508338242,4,107.0,1,16,2.34,2,334
6.0,39.0,40.39022,-3.73209,4,122.0,1,6,0.9,3,316
10.0,41.0,40.43208086492504,-3.642053062578309,4,119.0,1,6,0.98,3,358
16.0,80.0,40.40261740756824,-3.671209605152365,4,153.0,1,22,3.13,334,336
16.0,80.0,40.40203863884246,-3.671117732139839,4,136.0,1,15,2.21,334,344
16.0,80.0,40.40251,-3.67298,4,148.0,1,5,0.71,334,345
16.0,80.0,40.40065,-3.67098,4,154.0,1,3,0.44,334,344
16.0,80.0,40.402542393582806,-3.671029391163057,4,126.0,1,20,3.05,334,304
16.0,80.0,40.4023227494376,-3.671472360262882,4,140.0,1,14,2.06,334,347
16.0,80.0,40.40075786262764,-3.670713766963568,4,137.0,1,25,3.95,334,339
16.0,80.0,40.40193,-3.67307,4,140.0,1,8,1.2,334,350
14.0,57.0,40.46674666856006,-3.709301497803773,4,140.0,1,2,0.51,407,267
18.0,82.0,40.42192,-3.69075,4,122.0,1,0,0.0,407,71
17.0,77.0,40.4232851,-3.6984826,4,144.0,1,1,0.22,4,291
17.0,77.0,40.4232851,-3.6984826,4,123.0,1,2,0.4,4,264
16.0,59.0,40.44325,-3.67617,4,98.0,2,15,3.06,8,137
15.0,39.0,40.43733,-3.71381,4,77.0,2,2,0.36,1,260
15.0,39.0,40.43422650304241,-3.7145294230331327,3,49.0,2,22,3.73,10,115
6.0,20.0,40.38187,-3.70752,4,106.0,30,12,1.71,5,325
14.0,71.0,40.47230945753848,-3.692662330662804,3,119.0,2,43,8.22,120,84
17.0,61.0,40.41063,-3.69735,4,119.0,25,0,0.0,10,309
16.0,70.0,40.41880138462655,-3.674096400263529,3,24.0,14,1,0.67,4,226
16.0,80.0,40.40035,-3.67088,4,118.0,1,12,1.83,334,344
16.0,80.0,40.40254,-3.67123,4,128.0,1,12,2.42,334,341
17.0,61.0,40.4102722,-3.7002705,4,79.0,2,23,3.27,1,318
7.0,33.0,40.3667472454789,-3.621671162545681,3,29.0,1,18,2.66,2,337
17.0,66.0,40.42365585175632,-3.706597343552929,4,138.0,1,43,6.29,10,112
14.0,52.0,40.4532642,-3.7048599,4,92.0,2,11,4.12,1,302
17.0,77.0,40.42365902304749,-3.694750294089317,4,96.0,2,6,0.91,1,4
17.0,80.0,40.417233,-3.7060982,3,147.0,1,5,0.89,5,274
17.0,80.0,40.417233,-3.7060982,3,148.0,1,2,0.34,5,316
17.0,80.0,40.417233,-3.7060982,3,141.0,1,0,0.0,5,212
6.0,17.0,40.3863396,-3.7282091,4,120.0,2,20,3.7,1,321
14.0,57.0,40.46681877291052,-3.705450278112447,4,57.0,1,32,4.9,10,285
14.0,57.0,40.46746809728789,-3.7068075089998023,4,59.0,1,39,5.91,10,298
14.0,65.0,40.464141993231735,-3.6919160184791218,4,125.0,3,8,1.3,6,80
17.0,66.0,40.42835,-3.70903,4,143.0,30,0,0.0,272,365
16.0,70.0,40.4203496,-3.677435,4,114.0,4,0,0.0,1,303
15.0,64.0,40.4294134,-3.6965613,4,96.0,3,5,0.87,30,12
17.0,66.0,40.4258215,-3.7039585,4,136.0,1,35,5.07,3,353
16.0,80.0,40.400587191811816,-3.672805156071035,4,134.0,1,4,0.85,334,345
6.0,45.0,40.39176,-3.72349,4,129.0,1,1,0.17,7,326
6.0,45.0,40.39176,-3.72349,4,99.0,1,4,0.75,7,354
6.0,45.0,40.39176,-3.72349,4,118.0,1,0,0.0,7,345
16.0,65.0,40.47296370935552,-3.6860423293459768,4,159.0,2,44,7.37,120,40
10.0,45.0,40.43054,-3.65803,4,89.0,1,12,1.71,292,94
13.0,60.0,40.40424,-3.69294,4,82.0,2,36,5.12,3,142
17.0,79.0,40.41542,-3.70067,3,85.0,1,5,0.82,2,79
17.0,80.0,40.417611945534894,-3.7058169260525977,3,99.0,1,9,1.42,3,97
10.0,41.0,40.43098245235239,-3.6453602704984585,3,54.0,1,29,4.26,1,130
10.0,36.0,40.51329710209545,-3.675598706901621,4,68.0,4,1,0.21,63,338
5.0,44.0,40.333595950584346,-3.7010034423120057,4,102.0,1,4,4.0,95,355
8.0,48.0,40.39282581752643,-3.669132290130312,4,88.0,2,33,4.85,5,165
16.0,65.0,40.47590258686756,-3.684369043913009,4,117.0,2,35,5.15,2,229
17.0,66.0,40.42632,-3.70782,4,93.0,4,13,1.99,1,228
14.0,63.0,40.4545972935,-3.7013802,4,124.0,28,0,0.0,10,227
14.0,63.0,40.4544403,-3.7013802,4,150.0,28,2,1.07,10,258
15.0,66.0,40.42983584951379,-3.7066699468320192,3,26.0,6,5,1.53,7,148
17.0,80.0,40.41556295851563,-3.7050963616848738,4,47.0,1,10,1.96,54,324
16.0,66.0,40.43964,-3.67502,4,136.0,1,3,0.46,54,268
6.0,39.0,40.39525,-3.72472,3,39.0,30,0,0.0,7,16
18.0,83.0,40.4316649,-3.685696,4,136.0,30,1,1.0,5,364
9.0,45.0,40.444172717393045,-3.5847135244424826,4,80.0,1,33,4.97,21,77
10.0,45.0,40.43156,-3.64922,3,40.0,1,21,3.06,6,340
17.0,76.0,40.4104061094833,-3.7092022619110008,3,40.0,1,0,0.0,2,363
17.0,61.0,40.40877,-3.707,3,38.0,2,0,0.0,2,365
6.0,42.0,40.395411,-3.710452,3,54.0,1,9,1.37,1,362
16.0,66.0,40.4401343410704,-3.67166691707389,4,111.0,1,2,0.42,2,334
17.0,66.0,40.42419762447098,-3.7063630599163,4,106.0,1,3,0.53,87,266
17.0,76.0,40.42223,-3.71003,4,136.0,1,36,5.19,3,346
13.0,46.0,40.39908,-3.69694,4,143.0,3,19,2.89,25,9
17.0,80.0,40.417893,-3.7075655,4,102.0,3,30,4.48,22,240
8.0,41.0,40.39304408457413,-3.658768325965018,3,22.0,7,1,0.67,3,32
6.0,39.0,40.3929588,-3.7264118,3,41.0,1,6,0.9,4,349
6.0,11.0,40.3797013,-3.7282432,4,140.0,2,11,1.69,1,342
17.0,79.0,40.41246314423588,-3.693818784779014,4,99.0,3,18,2.63,1,183
17.0,80.0,40.41532,-3.7044,4,137.0,1,2,0.82,2,92
6.0,7.0,40.3720248939499,-3.6902566336954714,3,34.0,1,22,3.35,2,99
17.0,61.0,40.4104928,-3.7024743,3,61.0,1,34,4.95,1,145
4.0,40.0,40.47360880360994,-3.5805206726786207,4,78.0,4,17,2.54,6,308
4.0,40.0,40.47368809900399,-3.579925803635132,4,84.0,4,7,2.59,6,325
6.0,17.0,40.3834342,-3.7301584,3,27.0,1,47,6.84,3,82
4.0,40.0,40.47380159573135,-3.580409039876045,4,71.0,4,7,1.52,6,299
2.0,16.0,40.39683,-3.63347,3,27.0,1,1,0.18,2,286
4.0,40.0,40.475576788540906,-3.58182189478185,4,97.0,4,14,2.21,6,332
4.0,40.0,40.47384,-3.58167,4,95.0,4,16,2.44,6,335
18.0,73.0,40.42545662066797,-3.673220915107166,4,139.0,2,9,1.52,12,90
9.0,45.0,40.4485473,-3.5761681,4,119.0,1,1,1.0,1,305
17.0,77.0,40.42378,-3.69729,4,97.0,1,0,0.0,95,257
14.0,65.0,40.45802332403862,-3.6921273670286183,3,96.0,1,1,0.14,1,359
17.0,77.0,40.42220636579027,-3.700356612615373,4,116.0,2,51,7.32,1,65
14.0,71.0,40.4709053690698,-3.690183040902837,4,83.0,2,11,1.68,1,78
17.0,76.0,40.4132618,-3.7097006,4,124.0,1,9,1.36,2,340
14.0,63.0,40.44885395845429,-3.702487818653028,3,62.0,1,10,1.79,7,10
14.0,63.0,40.4544403,-3.7013802,4,125.0,28,3,0.73,10,170
6.0,39.0,40.39426784977026,-3.7229466606252775,3,55.0,15,11,2.02,1,340
17.0,76.0,40.416492046737126,-3.709368420935053,4,150.0,1,11,1.79,1,346
17.0,61.0,40.4104928,-3.7024743,4,115.0,3,25,3.68,1,153
15.0,67.0,40.441547559304816,-3.6980085052039353,4,155.0,1,4,0.6,87,329
4.0,57.0,40.470916695846014,-3.5877086967229843,3,47.0,1,32,5.25,3,351
10.0,45.0,40.42972134915392,-3.652137184463616,4,123.0,1,14,2.51,1,344
3.0,12.0,40.39443666528257,-3.7429152200558473,3,50.0,2,23,3.56,5,302
17.0,61.0,40.408928005013976,-3.7008804827928543,3,62.0,1,6,1.41,1,225
17.0,77.0,40.42051,-3.69883,4,90.0,28,2,0.36,3,288
17.0,61.0,40.41299,-3.70204,4,72.0,6,22,3.24,7,333
17.0,66.0,40.42160204763311,-3.701150715351105,3,63.0,1,42,6.18,9,112
3.0,5.0,40.39485249745447,-3.7752602303146015,3,34.0,2,0,0.0,2,364
17.0,61.0,40.4111293485983,-3.7075186148285866,4,88.0,20,5,1.02,33,135
14.0,52.0,40.4538215400566,-3.707497210189045,3,37.0,2,0,0.0,1,83
3.0,29.0,40.41438,-3.72599,4,162.0,1,1,0.19,10,256
18.0,60.0,40.42526,-3.6676,4,155.0,1,12,1.82,2,317
17.0,61.0,40.41184492090604,-3.699527020161764,4,125.0,1,1,0.19,10,35
6.0,42.0,40.3945969,-3.7084304,3,55.0,6,4,0.79,15,103
16.0,65.0,40.4726821,-3.6865112,4,139.0,1,0,0.0,5,339
16.0,65.0,40.4726821,-3.6865112,4,156.0,1,0,0.0,5,359
16.0,65.0,40.4726821,-3.6865112,4,132.0,1,1,1.0,5,324
18.0,63.0,40.43332958930826,-3.6695341551636114,3,60.0,1,1,1.0,54,320
18.0,63.0,40.43351027562526,-3.668412293558208,3,55.0,1,3,0.6,54,288
18.0,63.0,40.43184166264569,-3.66779912791346,3,40.0,1,5,0.93,54,331
18.0,63.0,40.43336,-3.6691,3,40.0,1,2,0.31,54,284
14.0,57.0,40.46933799660488,-3.7071673360935606,4,92.0,20,6,1.31,36,359
17.0,66.0,40.42091532596572,-3.704269727893753,4,106.0,2,31,5.67,141,257
16.0,70.0,40.41585750000001,-3.676140599999999,4,156.0,1,23,4.39,2,72
13.0,59.0,40.40808,-3.71692,4,106.0,1,39,6.13,141,96
18.0,73.0,40.4261625270519,-3.67923500338595,4,140.0,1,17,3.15,141,99
17.0,77.0,40.4232884,-3.6994182,4,158.0,3,25,3.87,17,331
16.0,70.0,40.41585750000001,-3.676140599999999,4,121.0,1,11,2.1,2,72
18.0,63.0,40.4372868,-3.675059899999999,4,78.0,2,5,0.78,16,270
6.0,42.0,40.39627,-3.71225,4,90.0,28,5,0.76,5,14
9.0,45.0,40.44289,-3.58389,4,87.0,1,27,4.15,21,69
17.0,66.0,40.42175,-3.70668,4,141.0,2,0,0.0,16,334
17.0,80.0,40.41831,-3.7025,4,145.0,2,1,0.2,16,323
10.0,36.0,40.49299,-3.69562,3,39.0,2,16,2.73,1,318
6.0,28.0,40.39105,-3.70253,4,68.0,1,0,0.0,9,330
9.0,24.0,40.431617,-3.6273382,4,96.0,1,10,1.52,12,341
6.0,28.0,40.39138102591784,-3.702400864200464,4,96.0,1,11,1.89,9,300
6.0,28.0,40.39165,-3.70127,4,78.0,1,5,0.97,9,305
6.0,28.0,40.39138173226594,-3.7024067944034793,4,95.0,1,13,2.22,9,322
6.0,28.0,40.39317142032115,-3.702595546122528,4,84.0,1,5,0.89,9,297
6.0,28.0,40.39126,-3.70248,4,80.0,1,6,0.99,9,280
6.0,28.0,40.39116,-3.70275,4,88.0,1,11,1.79,9,322
6.0,28.0,40.39117,-3.7031,4,80.0,1,3,0.86,9,320
6.0,28.0,40.39141,-3.70286,4,75.0,1,5,1.04,9,324
17.0,61.0,40.40783742515882,-3.699157106091787,4,136.0,1,4,0.6,28,143
16.0,65.0,40.477655994206856,-3.684884251344575,4,109.0,1,0,0.0,87,317
17.0,79.0,40.41457726767652,-3.701386755194532,3,120.0,1,0,0.0,6,56
16.0,64.0,40.45348,-3.68046,4,149.0,1,14,2.16,52,279
17.0,79.0,40.41683808540353,-3.6956715632200057,3,47.0,30,0,0.0,24,123
17.0,79.0,40.41314,-3.69934,3,67.0,1,3,0.47,1,208
5.0,44.0,40.34489,-3.71236,4,90.0,1,1,0.15,1,365
6.0,25.0,40.388352439555966,-3.7320759147405616,3,34.0,3,13,1.95,4,339
14.0,65.0,40.4582343,-3.695565899999999,4,129.0,30,0,0.0,3,363
17.0,61.0,40.40951981048874,-3.6996330169031872,4,72.0,1,0,0.0,87,288
13.0,60.0,40.40610734536936,-3.692183142198602,4,111.0,1,7,1.35,4,316
13.0,60.0,40.40393931236185,-3.6912577914552913,4,132.0,1,7,1.35,4,344
13.0,60.0,40.40567,-3.69313,4,111.0,1,15,2.78,4,316
16.0,84.0,40.4632255,-3.688255,4,138.0,30,0,0.0,3,363
17.0,61.0,40.41287,-3.70449,4,142.0,1,3,0.86,4,336
6.0,25.0,40.38363,-3.74641,3,30.0,3,19,3.61,3,319
14.0,50.0,40.46256316441535,-3.7038915078603782,3,82.0,2,0,0.0,1,363
17.0,61.0,40.41058921122029,-3.702557041377897,4,92.0,5,18,2.74,2,201
8.0,41.0,40.3957382,-3.6606045,3,33.0,1,14,2.06,1,256
11.0,70.0,40.42566818677318,-3.714157774333773,4,114.0,10,9,1.68,24,68
17.0,76.0,40.4213297,-3.7093026,4,81.0,15,1,0.19,24,317
17.0,66.0,40.4250519,-3.7118739,3,36.0,10,0,0.0,13,265
9.0,32.0,40.44152381129907,-3.615504064441157,3,101.0,1,60,9.14,1,84
13.0,49.0,40.39677,-3.70242,3,54.0,1,10,1.85,1,64
17.0,66.0,40.4252382,-3.7118463,3,32.0,10,0,0.0,13,256
17.0,66.0,40.4250519,-3.7118739,3,40.0,10,0,0.0,13,285
7.0,33.0,40.37427,-3.62308,4,70.0,2,11,1.68,7,69
17.0,66.0,40.4250519,-3.7118739,3,40.0,10,0,0.0,13,272
3.0,5.0,40.39365,-3.77477,3,40.0,2,0,0.0,2,364
17.0,77.0,40.42147650779013,-3.698769049934197,4,159.0,1,32,5.58,6,39
15.0,64.0,40.42953823223085,-3.7046934698915694,4,142.0,3,18,3.27,10,234
17.0,80.0,40.41402122808013,-3.7052477166994886,3,69.0,3,9,1.37,1,330
18.0,83.0,40.43461,-3.6801979,4,164.0,30,0,0.0,249,139
3.0,29.0,40.411283028673296,-3.728155857672111,4,52.0,30,1,0.65,1,317
6.0,7.0,40.37078,-3.69445,3,29.0,1,1,0.18,1,365
16.0,65.0,40.4687394264523,-3.687126232874598,3,50.0,1,1,0.2,78,327
16.0,65.0,40.46947945192221,-3.685243645532689,3,48.0,1,0,0.0,78,346
16.0,65.0,40.46885155224489,-3.68530906316192,3,50.0,1,1,0.21,78,275
16.0,65.0,40.47068764771053,-3.6872503327565096,3,78.0,1,1,0.65,78,318
6.0,45.0,40.38778,-3.7301217,4,70.0,2,22,3.27,2,349
16.0,51.0,40.40346,-3.67458,4,99.0,3,22,3.44,4,6
17.0,79.0,40.41469,-3.70128,4,160.0,1,34,5.93,26,74
9.0,45.0,40.44829535473365,-3.577206504184502,4,90.0,1,37,6.13,26,152
6.0,42.0,40.38896,-3.71547,3,44.0,1,17,2.62,1,356
17.0,61.0,40.41136280416207,-3.706423933849653,4,152.0,1,34,5.18,9,346
17.0,76.0,40.41131,-3.70842,4,146.0,1,43,6.48,9,356
10.0,45.0,40.42893,-3.66019,3,45.0,1,15,2.37,1,346
17.0,79.0,40.4145240313197,-3.6986907944083214,3,89.0,2,31,5.71,1,208
16.0,51.0,40.40444,-3.67843,4,87.0,30,1,0.18,1,270
8.0,12.0,40.38526137608335,-3.648476292581224,3,71.0,1,11,1.95,2,360
13.0,60.0,40.40418451948858,-3.7005631116393967,4,109.0,1,3,0.83,20,331
17.0,61.0,40.40922,-3.69918,4,78.0,1,1,0.25,1,347
17.0,77.0,40.42092,-3.69961,4,144.0,1,32,5.65,6,59
13.0,55.0,40.4014384,-3.7016235,4,121.0,1,1,1.0,43,348
8.0,12.0,40.38514295677089,-3.646865947035808,3,62.0,1,13,1.98,2,358
17.0,61.0,40.41375916840144,-3.7042919099315097,3,54.0,1,5,0.87,20,57
17.0,77.0,40.4233661,-3.6997521,4,106.0,1,3,0.51,47,45
10.0,45.0,40.42884943515816,-3.646597255469682,4,81.0,2,1,0.41,1,236
14.0,52.0,40.45316576419113,-3.704529482752248,4,147.0,1,7,1.07,15,84
17.0,77.0,40.42106042670385,-3.699883371591568,4,121.0,2,23,3.48,3,33
5.0,44.0,40.34891663981899,-3.705550228102183,3,24.0,1,11,2.08,1,111
17.0,61.0,40.4112495,-3.7055849,3,111.0,1,8,1.69,10,297
17.0,61.0,40.41056904673581,-3.706531407702743,3,138.0,1,20,4.23,10,263
17.0,61.0,40.4112495,-3.7055849,3,70.0,1,11,2.43,10,286
9.0,24.0,40.4280313,-3.6291683,3,31.0,1,75,11.54,1,127
18.0,73.0,40.4265696,-3.6713847,4,140.0,3,6,0.95,4,168
17.0,61.0,40.4096314101825,-3.7023786841425848,4,152.0,4,2,0.57,5,133
17.0,77.0,40.41967833301621,-3.697592715180288,3,49.0,5,3,0.69,1,164
14.0,52.0,40.45527238994869,-3.706505326578341,4,66.0,29,0,0.0,9,291
6.0,32.0,40.38115675619443,-3.701106458902359,3,55.0,1,4,0.61,2,360
15.0,64.0,40.42912,-3.7006,3,27.0,1,0,0.0,215,256
15.0,64.0,40.42985,-3.70069,3,26.0,30,0,0.0,215,257
15.0,64.0,40.429300361323534,-3.70119803364616,3,26.0,30,0,0.0,215,257
15.0,64.0,40.43111,-3.70224,3,26.0,30,0,0.0,215,257
17.0,76.0,40.4223857,-3.711086699999999,4,132.0,1,10,1.63,1,91
14.0,63.0,40.44885620370989,-3.6953814797169153,3,16.0,30,0,0.0,215,256
14.0,63.0,40.44909,-3.69432,3,21.0,30,0,0.0,215,256
14.0,63.0,40.45054,-3.69582,3,16.0,30,0,0.0,215,257
14.0,63.0,40.44905,-3.69431,3,16.0,30,0,0.0,215,256
11.0,70.0,40.42854043147896,-3.7158239712966346,4,156.0,4,0,0.0,18,55
14.0,63.0,40.44863405388832,-3.694390648792651,3,20.0,30,0,0.0,215,256
14.0,63.0,40.44876,-3.69473,3,20.0,30,0,0.0,215,256
14.0,63.0,40.44897,-3.69432,3,24.0,30,0,0.0,215,257
3.0,11.0,40.39831718706719,-3.7371298031443785,4,132.0,2,25,3.95,3,226
17.0,77.0,40.42782,-3.70059,3,22.0,30,0,0.0,215,295
17.0,66.0,40.42792839041556,-3.70241704948566,3,26.0,30,0,0.0,215,295
14.0,63.0,40.45092,-3.69399,3,50.0,30,0,0.0,215,257
17.0,66.0,40.42790340239431,-3.702634016945995,3,25.0,30,0,0.0,215,332
15.0,64.0,40.429890818691405,-3.701650674114049,3,26.0,30,0,0.0,215,335
15.0,66.0,40.43832,-3.70942,4,158.0,15,0,0.0,18,72
17.0,77.0,40.42825375380865,-3.700501224236165,3,26.0,30,0,0.0,215,332
14.0,63.0,40.44891,-3.69446,3,24.0,25,0,0.0,215,256
15.0,64.0,40.42954,-3.7025,3,26.0,30,0,0.0,215,344
15.0,64.0,40.42906413680469,-3.700499044322476,3,26.0,30,0,0.0,215,348
15.0,64.0,40.42977300799546,-3.701851277901463,3,26.0,30,0,0.0,215,349
3.0,29.0,40.4109,-3.7245,3,38.0,3,0,0.0,3,346
14.0,57.0,40.4640883,-3.7043848,4,60.0,30,1,0.29,7,334
14.0,57.0,40.46513,-3.70481,4,78.0,30,1,0.28,7,334
6.0,39.0,40.3981393,-3.7170342,4,80.0,1,27,4.29,9,262
14.0,50.0,40.46314854026203,-3.703898020702817,4,78.0,30,0,0.0,7,300
15.0,64.0,40.429393181780185,-3.702459463383027,3,26.0,30,0,0.0,215,335
15.0,64.0,40.42951,-3.70095,3,26.0,30,0,0.0,215,331
17.0,66.0,40.427878990073374,-3.702373213460584,3,20.0,30,0,0.0,215,340
18.0,73.0,40.423889497959536,-3.670497760176658,4,128.0,1,37,6.24,1,62
17.0,61.0,40.4093622,-3.709551399999999,4,106.0,1,9,1.9,47,87
15.0,39.0,40.43639,-3.71173,4,92.0,28,3,0.84,27,79
17.0,76.0,40.41249,-3.7093,4,70.0,30,5,0.89,33,57
7.0,33.0,40.37927,-3.62655,4,106.0,1,2,0.34,14,348
11.0,70.0,40.42756,-3.71447,3,25.0,30,0,0.0,215,287
11.0,70.0,40.42626629778579,-3.714230807061608,3,28.0,30,0,0.0,215,323
11.0,70.0,40.42639,-3.71652,3,24.0,30,0,0.0,215,330
14.0,52.0,40.45075,-3.70956,4,76.0,1,0,0.0,1,336
11.0,70.0,40.427541796443776,-3.716149473018183,3,25.0,30,0,0.0,215,310
11.0,70.0,40.42774,-3.71459,3,27.0,30,0,0.0,215,326
11.0,70.0,40.43061526582628,-3.71707137841114,3,25.0,30,0,0.0,215,283
6.0,39.0,40.38950754341317,-3.73213710908539,3,33.0,3,8,1.3,4,342
15.0,39.0,40.43235777310546,-3.7157716038784216,3,27.0,30,0,0.0,215,287
15.0,39.0,40.43205332873592,-3.715824020790726,3,25.0,30,0,0.0,215,256
15.0,39.0,40.43081914197669,-3.715579175968399,3,23.0,30,0,0.0,215,317
11.0,70.0,40.431122179657045,-3.7178676661339303,3,23.0,30,0,0.0,215,301
11.0,70.0,40.43095,-3.71788,3,24.0,30,0,0.0,215,318
17.0,66.0,40.420322921670376,-3.705413345585251,3,139.0,1,1,0.15,5,19
5.0,35.0,40.35005142324633,-3.689251170549078,3,24.0,1,0,0.0,2,197
10.0,45.0,40.4230768376986,-3.654061183333397,3,68.0,1,5,0.76,2,362
17.0,76.0,40.42159955143249,-3.7083973993433546,4,81.0,18,1,0.24,24,216
17.0,79.0,40.41464,-3.7025,4,84.0,1,11,2.01,18,175
5.0,35.0,40.35344309562211,-3.6897953476886314,4,57.0,30,4,0.72,28,278
6.0,28.0,40.3894,-3.71044,4,136.0,1,1,0.28,181,287
15.0,67.0,40.44614890879001,-3.698979197132259,4,140.0,1,1,0.19,1,48
17.0,80.0,40.41548659107843,-3.7068631485326735,4,63.0,1,1,0.81,87,306
13.0,60.0,40.40353275401598,-3.693012048615678,4,74.0,1,0,0.0,87,319
6.0,42.0,40.39095,-3.71427,4,85.0,1,0,0.0,87,76
18.0,73.0,40.42394,-3.67752,4,138.0,30,1,0.17,63,225
14.0,63.0,40.45197729241176,-3.694389856057693,4,116.0,1,3,1.05,18,120
6.0,39.0,40.3929588,-3.7264118,3,81.0,1,1,0.15,4,353
15.0,66.0,40.433467,-3.7091665,4,102.0,21,4,0.63,1,166
17.0,79.0,40.41465,-3.7024,4,124.0,2,7,1.3,2,258
10.0,47.0,40.4387,-3.63803,3,49.0,1,0,0.0,1,348
14.0,63.0,40.44871259620846,-3.701697106797549,4,126.0,7,3,0.5,7,265
17.0,61.0,40.410890059832944,-3.706697744771949,4,86.0,1,3,0.6,8,33
18.0,68.0,40.43354,-3.67378,4,138.0,7,3,0.87,7,276
13.0,72.0,40.39210102702536,-3.6790818995718384,4,110.0,1,6,1.59,87,342
17.0,61.0,40.41141728394549,-3.706453913132657,4,84.0,1,0,0.0,8,20
6.0,45.0,40.39147,-3.72397,3,108.0,1,0,0.0,7,329
16.0,73.0,40.42058,-3.68389,4,145.0,3,17,2.79,21,121
6.0,45.0,40.39176,-3.72349,4,107.0,1,0,0.0,7,337
17.0,61.0,40.40847429999999,-3.6997323,4,107.0,1,50,7.85,3,163
16.0,59.0,40.44483,-3.67898,3,32.0,30,0,0.0,161,257
9.0,24.0,40.4391304,-3.6245425,4,87.0,2,16,2.58,1,159
10.0,47.0,40.436643,-3.6453172,3,38.0,3,0,0.0,1,89
18.0,73.0,40.425505670395616,-3.6713072175306833,4,149.0,2,7,1.3,12,331
17.0,76.0,40.41907,-3.71023,1,46.0,1,10,1.69,11,108
16.0,59.0,40.443119282956594,-3.680481397674416,3,33.0,30,2,0.44,161,226
16.0,59.0,40.444092149711466,-3.6810427628897857,3,55.0,30,0,0.0,161,13
17.0,76.0,40.41780845971541,-3.71055236626908,1,40.0,1,68,10.41,11,361
17.0,80.0,40.41777,-3.70852,1,28.0,1,6,1.28,11,16
18.0,73.0,40.4277294655355,-3.677768131677473,4,128.0,2,12,1.89,4,13
17.0,77.0,40.4265,-3.69641,4,123.0,1,10,1.58,1,346
6.0,25.0,40.39043272119158,-3.742443263528796,4,70.0,1,20,3.16,4,244
18.0,73.0,40.42659,-3.66951,4,103.0,2,7,1.14,12,319
16.0,65.0,40.47961,-3.68429,4,60.0,10,1,1.0,4,50
3.0,29.0,40.41061045681913,-3.7386740340546463,4,110.0,2,0,0.0,2,247
14.0,50.0,40.46219444620126,-3.7047238608137154,4,70.0,1,19,3.31,3,83
17.0,61.0,40.41003387417487,-3.7084505953270295,4,104.0,1,2,0.33,1,167
16.0,51.0,40.40549,-3.68058,3,34.0,2,28,4.44,2,93
17.0,66.0,40.4213,-3.70647,4,124.0,2,23,3.61,1,69
17.0,61.0,40.41248605398094,-3.703127553099783,3,35.0,1,1,0.26,1,58
16.0,66.0,40.4438538,-3.6705721,4,95.0,2,32,5.25,1,99
13.0,55.0,40.40357,-3.70322,4,80.0,1,7,1.18,92,338
17.0,80.0,40.4197332070508,-3.702520838452569,4,155.0,1,0,0.0,4,279
8.0,12.0,40.3914379,-3.6485433,4,130.0,2,0,0.0,1,62
6.0,42.0,40.390500498041085,-3.715063158395867,4,107.0,1,3,0.9,1,337
16.0,70.0,40.4200032062309,-3.678435508483032,4,79.0,1,9,1.41,87,316
17.0,80.0,40.4157251,-3.706296599999999,4,124.0,1,20,4.65,47,35
14.0,63.0,40.447653,-3.6993768,4,98.0,2,3,1.22,4,45
18.0,68.0,40.43182344574019,-3.673218510415068,3,43.0,30,0,0.0,161,363
17.0,77.0,40.42325,-3.69855,4,143.0,1,5,0.95,87,258
18.0,68.0,40.43191,-3.67518,3,49.0,30,0,0.0,161,76
17.0,80.0,40.4157251,-3.706296599999999,4,124.0,1,19,4.38,47,55
18.0,68.0,40.43192,-3.67478,3,36.0,30,0,0.0,161,331
18.0,68.0,40.43411536634349,-3.674201501765875,3,56.5,30,0,0.0,161,14
17.0,80.0,40.4157251,-3.706296599999999,4,124.0,1,23,5.31,47,47
14.0,63.0,40.447653,-3.6993768,4,118.0,2,16,3.58,4,73
17.0,80.0,40.4157251,-3.706296599999999,4,145.0,1,20,4.41,47,70
17.0,61.0,40.4100481,-3.7067058,3,21.0,10,1,0.26,6,189
15.0,67.0,40.44631216780768,-3.7018633634155904,3,46.0,30,1,1.0,161,106
14.0,65.0,40.45857,-3.69198,3,18.0,30,0,0.0,215,175
8.0,10.0,40.38561436056991,-3.6707340257050793,4,139.0,1,16,2.51,19,321
17.0,80.0,40.417270472008695,-3.7083153436165337,4,125.0,1,22,3.73,2,320
17.0,80.0,40.4160138,-3.702242999999999,3,101.0,1,12,2.0,22,345
3.0,11.0,40.4037202,-3.7312381,3,23.0,1,23,3.85,1,326
12.0,27.0,40.4649755,-3.6482502,4,95.0,4,8,1.49,43,327
17.0,80.0,40.4170386540567,-3.7067634671570993,4,132.0,1,3,0.47,2,226
16.0,51.0,40.40282,-3.68092,3,40.0,1,28,4.83,7,316
1.0,13.0,40.4154527,-3.5832881,4,83.0,2,23,3.63,14,65
6.0,39.0,40.39721612183323,-3.717710095186642,4,80.0,1,18,2.89,9,313
6.0,39.0,40.39729,-3.71785,4,91.0,1,19,3.11,9,288
17.0,61.0,40.4089992,-3.703637699999999,4,143.0,2,1,0.2,2,257
6.0,39.0,40.39909,-3.71724,4,89.0,1,19,3.11,9,284
6.0,45.0,40.396962284402726,-3.716486718493893,4,89.0,1,22,3.47,9,274
17.0,80.0,40.41702955260397,-3.7018175785418768,3,100.0,1,2,0.34,22,153
15.0,67.0,40.44476738964025,-3.702551387947961,3,48.0,30,0,0.0,161,106
15.0,67.0,40.4459497497571,-3.7010314130553184,3,41.0,30,1,0.34,161,107
15.0,67.0,40.44415,-3.70279,3,42.0,30,1,0.43,161,106
15.0,67.0,40.445509736982,-3.7027154804478,3,51.0,30,1,0.19,161,106
10.0,61.0,40.434783311762224,-3.6577672661315854,3,38.0,2,12,2.22,1,67
3.0,26.0,40.4061255,-3.7494772,3,38.0,1,6,0.97,120,359
17.0,76.0,40.42114,-3.70859,3,40.0,30,0,0.0,215,344
3.0,26.0,40.4061255,-3.7494772,3,80.0,1,8,1.27,120,348
17.0,76.0,40.42095366498171,-3.708697973216832,3,26.0,30,0,0.0,215,313
17.0,76.0,40.4209014593078,-3.710409482754488,3,28.0,30,0,0.0,215,313
17.0,76.0,40.42246,-3.71046,3,25.0,30,0,0.0,215,323
6.0,32.0,40.38652,-3.7013,4,95.0,20,0,0.0,107,153
17.0,76.0,40.415850139903306,-3.709791786968708,3,109.0,1,9,1.47,2,59
17.0,79.0,40.41259103937756,-3.694372778777206,3,50.0,3,12,2.13,1,323
17.0,80.0,40.4158802,-3.701599099999999,4,97.0,1,30,5.56,5,29
17.0,80.0,40.4158802,-3.701599099999999,4,86.0,1,25,4.14,5,11
15.0,66.0,40.43859,-3.70924,3,28.0,30,0,0.0,215,325
17.0,79.0,40.4116744,-3.6954284,4,101.0,20,4,2.79,33,194
17.0,76.0,40.410030457642975,-3.7160693344533033,4,95.0,30,0,0.0,272,335
17.0,79.0,40.4117678,-3.6954286,4,92.0,20,3,1.55,33,316
15.0,66.0,40.43864,-3.70919,3,28.0,30,0,0.0,215,346
15.0,66.0,40.43809137609952,-3.709779896816508,3,27.0,30,0,0.0,215,318
5.0,44.0,40.331937646363016,-3.7004075433566608,4,134.0,3,6,1.18,2,288
9.0,45.0,40.44531,-3.57617,3,44.0,1,18,3.42,1,38
16.0,51.0,40.40484,-3.67352,3,41.0,30,1,0.24,161,364
6.0,45.0,40.39295,-3.72276,3,24.0,15,3,0.63,13,132
13.0,60.0,40.40160419369735,-3.692687469311524,4,130.0,1,28,4.47,65,323
17.0,61.0,40.4117752,-3.7034691,4,72.0,1,28,4.57,2,203
17.0,80.0,40.417893,-3.7075655,4,80.0,3,29,5.15,22,288
6.0,45.0,40.39295104079036,-3.722933475079552,3,24.0,15,1,0.25,13,136
16.0,51.0,40.40131400845134,-3.67961760610342,4,140.0,3,20,3.49,1,142
17.0,80.0,40.41986630756738,-3.7012004760062687,3,29.0,4,2,0.35,2,76
6.0,11.0,40.38198868025849,-3.72873243463597,3,80.0,1,5,0.82,1,364
16.0,59.0,40.44767,-3.66976,3,42.0,3,42,6.7,1,121
10.0,41.0,40.4326994,-3.6455281,4,135.0,2,43,6.79,8,150
3.0,29.0,40.41032268501744,-3.728742530688478,4,93.0,2,11,2.06,3,246
10.0,41.0,40.4321,-3.64567,3,28.0,1,8,1.32,1,96
9.0,45.0,40.443191294800975,-3.582483269560902,4,71.0,1,18,3.33,21,69
18.0,83.0,40.4350581,-3.680410199999999,3,72.0,1,5,1.14,1,41
15.0,69.0,40.43467839526185,-3.6974402816631136,3,68.0,2,25,4.63,6,338
14.0,71.0,40.4661,-3.69531,3,32.0,30,0,0.0,161,299
6.0,45.0,40.388421,-3.7182493,4,110.0,1,0,0.0,16,358
6.0,45.0,40.388421,-3.7182493,4,128.0,1,0,0.0,16,356
6.0,45.0,40.388421,-3.7182493,4,124.0,1,0,0.0,16,351
14.0,57.0,40.46742850210931,-3.703662175547628,4,103.0,1,6,2.86,292,301
6.0,45.0,40.388421,-3.7182493,4,145.0,1,0,0.0,16,350
6.0,45.0,40.388421,-3.7182493,4,119.0,1,0,0.0,16,350
15.0,66.0,40.43675730765537,-3.707768212272211,3,28.0,30,0,0.0,215,318
6.0,45.0,40.388421,-3.7182493,4,122.0,1,0,0.0,16,349
6.0,45.0,40.388421,-3.7182493,4,118.0,1,0,0.0,16,357
6.0,45.0,40.388421,-3.7182493,4,132.0,1,0,0.0,16,358
6.0,45.0,40.388421,-3.7182493,4,125.0,1,0,0.0,16,359
6.0,45.0,40.388421,-3.7182493,4,125.0,1,0,0.0,16,350
6.0,45.0,40.388421,-3.7182493,4,126.0,1,0,0.0,16,359
6.0,45.0,40.388421,-3.7182493,4,117.0,1,0,0.0,16,346
6.0,45.0,40.38733257076608,-3.717041157709749,4,74.0,5,11,1.86,1,73
14.0,71.0,40.47397,-3.69186,4,131.0,4,13,2.48,120,87
6.0,39.0,40.39414328582116,-3.7366327593241615,4,111.0,30,1,0.16,1,363
15.0,66.0,40.43327091238631,-3.709190448459369,4,152.0,1,8,1.36,28,335
15.0,66.0,40.4322,-3.71122,4,143.0,1,7,1.19,28,324
12.0,27.0,40.4658234,-3.6325504,4,157.0,1,24,4.24,22,92
17.0,79.0,40.4117678,-3.6954286,4,129.0,20,6,1.48,33,228
17.0,79.0,40.4117678,-3.6954286,4,98.0,20,3,0.93,33,309
8.0,48.0,40.39645,-3.67018,4,96.0,3,7,1.19,1,311
17.0,61.0,40.4122,-3.70551,4,151.0,1,13,2.12,22,294
18.0,63.0,40.43343648160627,-3.665494422993005,4,92.0,1,1,0.29,407,73
3.0,26.0,40.40773114141821,-3.7448228641091377,4,82.0,2,18,3.78,141,343
9.0,31.0,40.44293286375251,-3.6385162968203866,4,90.0,2,17,2.93,24,153
10.0,61.0,40.44278491539889,-3.640040909189088,4,99.0,2,37,6.17,24,148
9.0,31.0,40.44468,-3.63837,4,73.0,2,18,3.35,24,158
9.0,31.0,40.444942396815925,-3.638665719630869,4,97.0,2,16,3.04,24,166
10.0,61.0,40.44420440488793,-3.640098603402114,4,84.0,2,19,3.99,24,161
10.0,61.0,40.44288853036858,-3.638831047438369,4,101.0,2,24,4.14,24,164
9.0,24.0,40.43808,-3.62338,4,90.0,5,0,0.0,63,264
16.0,65.0,40.47696,-3.68332,3,43.0,20,0,0.0,78,355
16.0,84.0,40.45990488943073,-3.669876094928132,3,66.0,1,12,1.97,1,68
15.0,66.0,40.43223,-3.71111,4,155.0,1,6,1.07,28,323
17.0,66.0,40.420888583988734,-3.7046044954011546,4,109.0,2,24,3.91,2,162
3.0,29.0,40.41217993482176,-3.72545932068651,3,24.0,5,0,0.0,2,219
17.0,77.0,40.4255691,-3.6956108,4,102.0,30,0,0.0,24,277
8.0,41.0,40.3930383,-3.6561398,3,77.0,1,2,0.65,10,328
8.0,41.0,40.39406253464899,-3.657101714444045,3,75.0,1,0,0.0,10,335
18.0,73.0,40.4253875340739,-3.67320304644537,4,108.0,2,5,1.24,12,63
18.0,73.0,40.42729349479562,-3.674491838623037,4,81.0,2,23,3.9,1,298
17.0,66.0,40.4216187,-3.7012617,3,55.0,1,8,1.39,9,231
17.0,61.0,40.406684317032266,-3.703970171254035,3,70.0,1,2,0.37,1,289
13.0,46.0,40.40062060536009,-3.693779351310424,3,60.0,3,13,2.24,2,194
8.0,48.0,40.39193251686869,-3.667846231588711,4,55.0,1,19,3.11,7,342
3.0,26.0,40.40713,-3.74907,4,87.0,2,10,2.56,2,53
17.0,76.0,40.41744679569961,-3.7101385348747216,1,40.0,1,14,2.28,11,359
9.0,24.0,40.42741,-3.62882,3,35.0,2,3,0.49,2,46
8.0,41.0,40.39351,-3.65733,3,69.0,1,0,0.0,10,318
8.0,41.0,40.39408534250183,-3.657000191161992,3,88.0,1,13,3.94,10,301
11.0,70.0,40.426144729368666,-3.7164450064301486,3,67.0,2,1,0.17,2,75
14.0,50.0,40.46102439876382,-3.6994421654593888,4,119.0,1,13,2.39,1,293
16.0,70.0,40.42023,-3.67494,4,128.0,15,1,0.67,18,162
17.0,66.0,40.42587,-3.702,3,66.0,1,3,0.49,1,347
17.0,61.0,40.40693,-3.70224,3,70.0,2,6,1.07,2,48
18.0,73.0,40.42799,-3.67592,4,116.0,1,34,6.26,1,332
16.0,70.0,40.41668983670735,-3.672516445643497,4,150.0,6,1,0.21,1,305
8.0,12.0,40.39155090292913,-3.6471905981641553,4,75.0,30,13,2.22,1,156
17.0,76.0,40.42044,-3.70838,4,137.0,2,0,0.0,3,43
8.0,41.0,40.39368663061353,-3.656932390522297,3,65.0,1,2,1.18,10,309
14.0,57.0,40.46710659788575,-3.7095674979871935,4,97.0,2,22,3.93,1,17
14.0,50.0,40.45891,-3.70115,4,80.0,2,20,3.66,1,64
14.0,57.0,40.46451902996824,-3.69746355586343,4,58.0,30,3,0.65,22,136
13.0,59.0,40.406323277436485,-3.71789628267266,4,68.0,3,5,1.33,1,244
13.0,55.0,40.40185913847957,-3.7012329539672817,3,61.0,1,35,5.93,2,344
17.0,76.0,40.42089108826914,-3.7098704271187466,4,110.0,1,8,1.4,292,246
15.0,64.0,40.43417700460888,-3.699553221911175,3,69.0,2,8,1.36,6,357
15.0,64.0,40.43325,-3.70042,4,119.0,2,41,6.83,4,90
17.0,66.0,40.4262564351685,-3.7034261610145824,4,162.0,1,5,1.3,43,337
16.0,66.0,40.44286,-3.67384,4,123.0,2,21,3.66,8,127
15.0,39.0,40.43508,-3.71239,3,49.0,2,21,3.46,10,339
14.0,52.0,40.44793527142586,-3.704625494033772,4,161.0,1,0,0.0,1,363
15.0,39.0,40.43517,-3.71414,3,63.0,2,19,3.31,10,328
17.0,79.0,40.414121469129896,-3.697784543037415,4,117.0,4,4,0.89,1,142
17.0,66.0,40.42443551509057,-3.703926757113741,4,122.0,3,16,3.24,5,80
10.0,61.0,40.43238381739135,-3.657200572313776,4,106.0,29,1,0.3,1,303
17.0,61.0,40.41196334038366,-3.703253337001723,3,105.0,1,13,2.42,22,362
17.0,61.0,40.4131,-3.70302,3,105.0,1,11,1.99,22,349
14.0,50.0,40.45706369552988,-3.705737709558891,4,61.0,29,7,1.25,9,229
17.0,61.0,40.4112669525578,-3.7046049351314014,3,104.0,1,12,2.34,22,355
8.0,41.0,40.4034663,-3.660044,4,81.0,1,4,1.13,2,44
17.0,77.0,40.42408556074872,-3.6981239443204568,4,121.0,1,1,0.51,1,171
14.0,50.0,40.46037803656427,-3.700728086125695,4,97.0,2,18,3.12,1,73
18.0,73.0,40.42272353110148,-3.6784965615372167,4,164.0,3,5,0.96,1,244
3.0,29.0,40.41089,-3.73686,4,105.0,2,0,0.0,2,76
14.0,50.0,40.46082114066582,-3.701338125826267,4,90.0,2,7,1.27,3,68
18.0,63.0,40.4307,-3.66824,4,137.0,1,18,3.09,65,317
18.0,60.0,40.4236618,-3.6654985,4,134.0,2,43,7.29,6,49
14.0,71.0,40.4721001,-3.689775,3,56.0,1,68,11.66,53,31
14.0,71.0,40.4721001,-3.689775,3,50.0,1,62,10.51,53,32
14.0,71.0,40.4721001,-3.689775,3,46.0,1,59,9.83,53,35
14.0,71.0,40.4721001,-3.689775,3,40.0,1,47,7.83,53,32
13.0,46.0,40.39689,-3.69575,3,52.0,1,15,2.46,1,330
6.0,25.0,40.38262011436203,-3.745674328012756,4,90.0,1,1,0.17,1,88
18.0,68.0,40.42933805021553,-3.674786438737137,4,144.0,1,21,3.89,1,19
2.0,1.0,40.40520877608929,-3.647773355562756,3,49.0,1,0,0.0,1,365
17.0,76.0,40.41725579341494,-3.709029414196381,1,40.0,1,9,1.52,11,360
6.0,17.0,40.37570083842283,-3.743187438454514,4,54.0,10,1,0.22,4,101
13.0,49.0,40.40072,-3.69931,4,73.0,11,2,0.38,1,233
10.0,35.0,40.442127486852186,-3.651800008578857,3,39.0,1,20,4.03,1,28
17.0,61.0,40.40947,-3.69733,4,95.0,28,5,0.84,62,321
14.0,71.0,40.47169,-3.69152,4,92.0,30,0,0.0,272,341
14.0,57.0,40.46614,-3.70559,4,69.0,30,0,0.0,272,364
9.0,32.0,40.44079211034447,-3.6086101457476616,3,34.0,1,15,2.73,2,333
9.0,32.0,40.44156723267493,-3.609404187806164,3,34.0,1,10,2.13,2,327
8.0,10.0,40.37473,-3.66668,3,51.0,1,15,2.46,5,303
17.0,80.0,40.4181993,-3.7076866,3,70.0,1,15,6.08,6,202
17.0,80.0,40.4181993,-3.7076866,3,51.0,1,10,3.95,6,308
17.0,80.0,40.4181993,-3.7076866,3,58.0,1,12,5.71,6,246
6.0,17.0,40.38041,-3.74403,4,104.0,1,1,0.18,7,303
17.0,66.0,40.42080756977021,-3.703444360526725,3,111.0,1,8,1.78,3,1
17.0,66.0,40.42046791276513,-3.701750546266076,3,103.0,1,37,6.94,3,1
17.0,66.0,40.42114695096877,-3.7037585679871374,3,143.0,1,2,0.46,3,2
14.0,63.0,40.4517166659207,-3.6994752495067234,4,126.0,1,1,1.0,2,244
11.0,70.0,40.4308182,-3.7209022,4,113.0,1,19,3.28,1,323
16.0,65.0,40.4758,-3.68533,3,43.0,20,1,0.28,78,364
16.0,59.0,40.43826964786607,-3.683472467713561,3,61.0,2,2,0.4,3,336
17.0,66.0,40.42362166630192,-3.701949486746568,4,135.0,1,23,3.9,2,318
17.0,61.0,40.409038057829314,-3.699157024926754,3,55.0,1,1,0.18,3,165
11.0,15.0,40.46466937783434,-3.719005095509032,3,31.0,5,2,0.6,2,346
10.0,35.0,40.44822080122559,-3.648557806398861,3,37.0,1,21,4.14,1,137
17.0,61.0,40.41191339333152,-3.705301700629343,3,67.0,1,5,1.5,1,106
7.0,33.0,40.36381,-3.58502,4,101.0,1,2,0.38,95,322
10.0,36.0,40.50149,-3.67604,4,86.0,1,3,0.53,95,252
16.0,78.0,40.40976,-3.67064,4,147.0,2,10,1.71,3,340
16.0,78.0,40.4097,-3.67017,4,161.0,2,12,2.26,3,340
10.0,47.0,40.43824645373005,-3.6433365179566297,4,97.0,1,9,1.54,181,323
10.0,47.0,40.43811,-3.64523,4,101.0,1,6,1.18,181,338
6.0,32.0,40.3858965,-3.704702299999999,3,50.0,1,11,1.88,5,77
18.0,63.0,40.43683,-3.67461,4,142.0,4,0,0.0,17,349
17.0,79.0,40.41660955513306,-3.696209543019154,3,47.0,30,0,0.0,24,330
17.0,61.0,40.41242219999999,-3.7053346,4,143.0,5,17,2.97,1,13
6.0,25.0,40.391223566123294,-3.739189431260417,4,137.0,1,0,0.0,1,363
16.0,64.0,40.45578,-3.67228,3,54.0,1,0,0.0,1,361
11.0,18.0,40.42858,-3.72818,3,61.0,1,30,5.42,3,294
11.0,18.0,40.42818,-3.7294,3,63.0,1,39,6.92,3,299
11.0,18.0,40.42817629922394,-3.727790012775087,3,65.0,1,48,8.52,3,285
8.0,10.0,40.37517,-3.66453,3,51.0,2,13,2.28,5,304
8.0,10.0,40.37572,-3.66647,3,51.0,1,9,1.6,5,308
8.0,10.0,40.37629,-3.66616,3,51.0,1,10,1.69,5,308
18.0,73.0,40.42336375106367,-3.676181285072268,4,105.0,6,1,0.3,63,313
17.0,61.0,40.413932744175646,-3.7029137251907303,4,130.0,2,8,1.38,2,353
17.0,61.0,40.4077957080761,-3.7033062680007,4,83.0,2,16,2.79,51,334
14.0,63.0,40.4542918,-3.7014739,4,110.0,28,1,0.65,10,106
5.0,44.0,40.3443700855238,-3.7176381138170544,3,21.0,30,0,0.0,14,102
6.0,32.0,40.383532769902615,-3.704819857641209,4,52.0,1,30,5.42,20,62
5.0,44.0,40.342240992584216,-3.7113296309348174,3,22.0,30,0,0.0,14,102
8.0,48.0,40.39149,-3.6675,4,68.0,2,22,3.91,7,336
17.0,61.0,40.41075,-3.70629,3,36.0,1,4,4.0,5,291
6.0,39.0,40.3974767,-3.7187358,3,41.0,1,9,1.64,2,353
17.0,66.0,40.42209,-3.70239,3,37.0,1,15,2.78,9,136
5.0,44.0,40.343413588097256,-3.7119263749858327,3,19.0,30,0,0.0,14,102
3.0,26.0,40.4048903,-3.7433715,4,130.0,1,10,1.79,1,361
17.0,61.0,40.41323,-3.70315,3,90.0,2,9,1.59,7,348
17.0,61.0,40.4106091,-3.7042798,4,135.0,1,22,3.75,2,320
8.0,41.0,40.4,-3.66754,4,92.0,1,4,0.7,95,353
6.0,17.0,40.38663,-3.7328536,3,29.0,2,12,2.32,2,6
9.0,24.0,40.43741341936352,-3.622463535916406,4,101.0,1,8,1.45,181,56
17.0,66.0,40.423,-3.70773,4,138.0,2,34,6.18,2,56
12.0,54.0,40.48764,-3.66456,4,161.0,1,41,7.24,4,326
17.0,61.0,40.4128404823387,-3.701899285553229,4,121.0,1,12,2.12,4,360
17.0,66.0,40.42565727873927,-3.710200728368414,4,122.0,30,1,0.2,6,111
17.0,66.0,40.42832,-3.70362,4,159.0,3,17,3.13,1,128
6.0,28.0,40.38714252366917,-3.702073019815838,4,83.0,1,8,1.59,181,315
17.0,80.0,40.41615,-3.7064,4,153.0,28,3,1.67,78,319
6.0,11.0,40.38341,-3.7287,3,71.0,2,17,2.9,1,316
16.0,80.0,40.40184124647336,-3.671046734650282,4,79.0,1,1,0.57,3,293
13.0,49.0,40.3936031,-3.6960433,4,81.0,7,3,0.65,1,188
18.0,83.0,40.43610806176385,-3.682012507075519,3,29.0,3,19,3.61,1,204
14.0,50.0,40.459121573335054,-3.701094258627217,4,106.0,2,22,3.77,3,255
14.0,50.0,40.46062,-3.70148,4,97.0,2,22,3.88,3,76
11.0,70.0,40.42291525005561,-3.714481825955434,4,161.0,2,50,8.82,14,331
11.0,70.0,40.42106138834152,-3.715820799836344,4,153.0,2,39,6.92,14,346
17.0,66.0,40.42690586277402,-3.711355785487828,4,143.0,4,5,0.88,36,358
17.0,61.0,40.40734172865055,-3.705372899287508,4,121.0,1,3,0.55,43,256
16.0,59.0,40.4460935,-3.6724253,4,156.0,1,9,1.7,61,328
16.0,59.0,40.4460935,-3.6724253,4,163.0,1,37,7.25,61,357
10.0,45.0,40.43010381632842,-3.648856798147588,4,116.0,1,32,5.71,1,331
6.0,25.0,40.38842094105652,-3.734692703539391,4,100.0,1,4,0.79,2,143
7.0,33.0,40.36381098076989,-3.587040200695955,4,110.0,1,3,0.56,95,354
14.0,71.0,40.4700778183653,-3.697053375083315,4,107.0,5,5,1.34,2,292
17.0,76.0,40.4218207,-3.708866499999999,4,140.0,1,14,2.5,36,348
17.0,61.0,40.410109,-3.7005002,1,41.0,1,3,0.59,11,105
17.0,61.0,40.410109,-3.7005002,1,36.0,1,16,4.36,11,104
17.0,61.0,40.410109,-3.7005002,1,31.0,1,5,1.81,11,103
17.0,61.0,40.4118875,-3.703438,1,37.0,1,53,11.87,1,344
13.0,49.0,40.39528,-3.69569,4,102.0,30,0,0.0,272,340
17.0,79.0,40.41480143323298,-3.6998576613327017,3,62.0,2,14,2.58,5,242
17.0,61.0,40.40693,-3.69888,4,59.0,21,3,0.67,7,79
8.0,41.0,40.39918,-3.66322,4,47.0,3,3,0.75,1,13
15.0,66.0,40.43075566934617,-3.706422641889073,3,40.0,3,8,1.44,7,281
6.0,58.0,40.38072,-3.71349,3,67.0,1,37,6.69,120,77
17.0,80.0,40.41666757532531,-3.70743430970047,4,111.0,30,4,0.85,9,335
17.0,66.0,40.42603871358907,-3.710276451725576,4,143.0,2,14,4.52,141,2
17.0,61.0,40.4105442613194,-3.699492156576489,4,116.0,1,8,0.69,1,360
14.0,63.0,40.45237758031527,-3.7014396398116514,4,116.0,14,1,0.43,1,339
3.0,26.0,40.40330957409214,-3.7468589097261424,4,85.0,1,16,3.9,1,1
17.0,66.0,40.422783,-3.707468,3,125.0,1,0,0.0,120,360
17.0,79.0,40.41665437642571,-3.696881702558444,4,62.0,15,0,0.0,24,61
16.0,66.0,40.44624,-3.6706,4,128.0,30,0,0.0,20,320
18.0,60.0,40.42613,-3.66666,4,128.0,2,34,6.46,2,316
16.0,66.0,40.44480804894306,-3.670830452384779,4,128.0,30,0,0.0,20,361
16.0,66.0,40.44667559853972,-3.6697209599399225,4,128.0,30,1,0.17,20,227
10.0,61.0,40.43304662950352,-3.660071703477495,3,27.0,5,13,2.39,2,204
15.0,64.0,40.430401350971785,-3.705135136996692,3,18.0,2,10,2.01,7,245
13.0,60.0,40.401530772228114,-3.694236651062965,4,91.0,1,16,2.84,1,333
15.0,66.0,40.4302982,-3.7115409,3,48.0,1,58,10.0,2,53
6.0,17.0,40.3758667,-3.7387878,3,32.0,15,0,0.0,1,365
14.0,63.0,40.4474844,-3.7029066,4,116.0,30,0,0.0,1,365
11.0,46.0,40.46287,-3.74841,4,156.0,1,0,0.0,1,365
3.0,26.0,40.40157,-3.75559,3,88.0,4,1,0.2,1,32
8.0,12.0,40.3909411,-3.6467126,4,87.0,2,23,4.54,1,132
8.0,48.0,40.3867024,-3.6701033,4,125.0,1,4,0.82,19,322
4.0,57.0,40.46713,-3.5894,4,60.0,2,33,5.96,1,23
12.0,10.0,40.47565,-3.66217,3,65.0,1,8,1.47,5,256
17.0,66.0,40.42358475954549,-3.7070572748780255,1,64.0,1,0,0.0,1,180
18.0,83.0,40.43551759839651,-3.686551548165277,4,125.0,20,0,0.0,107,190
16.0,65.0,40.47548513541128,-3.685726363569561,4,128.0,7,9,1.82,62,330
17.0,61.0,40.40835825174622,-3.708902214037229,3,41.0,1,36,6.32,1,303
11.0,70.0,40.42367896097667,-3.711260633723769,4,149.0,1,0,0.0,407,121
13.0,59.0,40.4041898,-3.7149922,4,88.0,1,8,1.44,47,81
14.0,50.0,40.4599033,-3.7011184,3,72.0,2,7,1.53,1,164
9.0,45.0,40.442980982258376,-3.5826942799099832,4,71.0,1,18,4.03,21,48
15.0,66.0,40.43451,-3.70446,4,104.0,1,6,1.26,3,336
17.0,77.0,40.42359,-3.69858,3,98.0,1,11,2.19,22,78
14.0,63.0,40.45664188327995,-3.699860355452172,4,94.0,1,2,0.37,5,325
17.0,76.0,40.411204991611946,-3.708663098186187,3,47.0,30,0,0.0,161,107
17.0,77.0,40.42209,-3.70039,3,93.0,1,22,4.89,22,76
6.0,25.0,40.3819,-3.74385,4,106.0,7,3,0.96,2,322
17.0,80.0,40.4158148,-3.7029361,4,134.0,1,15,4.59,12,203
17.0,77.0,40.42405,-3.69888,3,106.0,1,10,2.36,22,88
17.0,80.0,40.4158148,-3.7029361,4,158.0,1,16,4.49,12,173
6.0,32.0,40.3837587,-3.704785,3,36.0,1,11,3.33,12,258
17.0,77.0,40.42419774797222,-3.6999122591424007,3,95.0,1,11,2.29,22,58
17.0,80.0,40.41622,-3.70709,4,148.0,10,13,2.62,11,122
17.0,77.0,40.421996898834486,-3.698965966139127,3,100.0,1,19,3.83,22,81
17.0,80.0,40.41992211497399,-3.705010752935202,4,108.0,15,3,0.88,14,304
17.0,61.0,40.41108593825321,-3.707599078495051,3,41.0,30,0,0.0,161,107
17.0,61.0,40.41118711943022,-3.707695273199159,3,39.0,30,0,0.0,161,107
17.0,76.0,40.41280126920995,-3.707533071855048,3,46.0,30,0,0.0,161,107
6.0,32.0,40.38189024822999,-3.7029967662303527,4,61.0,1,13,2.45,20,66
17.0,76.0,40.41693,-3.70983,3,106.0,3,0,0.0,5,76
17.0,80.0,40.4197502,-3.7002221,3,117.0,1,0,0.0,11,208
17.0,61.0,40.4104928,-3.7024743,4,157.0,3,11,2.02,1,237
17.0,77.0,40.41998564071451,-3.699502677501543,3,33.0,4,0,0.0,2,79
17.0,76.0,40.41137,-3.70929,3,40.0,30,2,0.49,161,107
14.0,57.0,40.4627241460131,-3.699541462800191,4,63.0,30,0,0.0,272,365
14.0,57.0,40.46945,-3.7045,4,155.0,20,3,0.92,181,271
15.0,39.0,40.43277170231457,-3.7150921401629415,4,97.0,30,0,0.0,272,344
17.0,61.0,40.4088436,-3.6987767,4,73.0,1,7,1.48,2,237
16.0,59.0,40.447324771773154,-3.673815120301627,4,69.0,30,0,0.0,272,365
13.0,60.0,40.40202925366166,-3.6924360594769583,3,106.0,1,15,2.66,1,79
11.0,46.0,40.4704542,-3.7282354,4,63.0,1,3,0.57,3,176
16.0,65.0,40.47314941117376,-3.686956955746223,4,130.0,7,5,0.96,62,270
17.0,66.0,40.4213408,-3.706483899999999,4,98.0,2,23,5.11,4,183
17.0,66.0,40.42813425255953,-3.704468542327881,4,107.0,2,13,2.42,5,335
16.0,30.0,40.41407,-3.66855,4,155.0,30,0,0.0,1,333
17.0,61.0,40.41327498168919,-3.7074126675724974,4,141.0,1,4,0.94,2,289
14.0,65.0,40.46194065918417,-3.6964947357773785,4,78.0,30,2,0.52,1,104
13.0,55.0,40.4001256,-3.7019827,3,55.0,1,0,0.0,1,356
13.0,59.0,40.41261626042736,-3.718706711737888,4,82.0,1,26,4.73,1,305
4.0,40.0,40.47633232021018,-3.5761580869572303,4,100.0,1,79,14.45,1,1
1.0,13.0,40.39314,-3.6065,3,32.0,1,25,4.49,1,122
17.0,77.0,40.42474828237253,-3.6983956054604974,3,70.0,6,18,4.19,2,21
15.0,64.0,40.4332,-3.70004,4,100.0,1,8,1.86,181,284
10.0,45.0,40.42953,-3.65323,4,90.0,15,2,0.5,29,302
14.0,57.0,40.4638,-3.70349,4,92.0,1,22,3.88,19,45
3.0,29.0,40.4105,-3.73106,3,31.0,28,15,2.66,1,319
6.0,17.0,40.3869947,-3.7327588,3,32.0,1,22,4.07,1,327
17.0,76.0,40.41833,-3.70989,3,119.0,1,3,0.6,4,349
15.0,66.0,40.43165,-3.71168,4,150.0,1,13,2.55,28,344
15.0,66.0,40.4311752205211,-3.711482541326628,4,153.0,1,10,1.89,28,338
17.0,66.0,40.42910828984049,-3.705275812584641,3,49.0,4,7,1.51,7,346
15.0,66.0,40.43257,-3.70866,4,152.0,1,2,0.42,28,328
9.0,24.0,40.439379974399394,-3.62350740683526,4,84.0,2,10,1.91,51,331
8.0,37.0,40.38020153684781,-3.659900521177591,3,49.0,28,1,0.19,4,287
15.0,64.0,40.42944,-3.70043,3,66.0,7,3,0.86,27,175
17.0,79.0,40.4113759,-3.6947061,4,138.0,2,4,0.95,12,85
8.0,41.0,40.402675227975294,-3.665698237219387,4,88.0,1,39,7.41,1,275
17.0,66.0,40.422783,-3.707468,3,137.0,1,3,0.6,120,359
6.0,39.0,40.394539372768186,-3.7242529589874223,4,80.0,1,12,3.13,1,141
17.0,80.0,40.41829,-3.70617,4,142.0,1,12,2.79,3,162
10.0,61.0,40.4322512,-3.6578396,4,122.0,2,26,4.81,1,118
15.0,66.0,40.4381459847388,-3.7059307467403775,3,68.0,2,6,1.11,2,287
14.0,57.0,40.46243733563407,-3.6976482932858143,4,96.0,7,3,3.0,3,71
10.0,45.0,40.42672,-3.6536,4,91.0,2,3,0.56,1,316
11.0,15.0,40.4636116,-3.7187617,3,36.0,4,4,0.74,2,326
3.0,12.0,40.39097837766228,-3.7447875644815976,4,57.0,1,15,4.79,1,308
13.0,55.0,40.40099,-3.71313,4,134.0,1,0,0.0,54,136
17.0,66.0,40.42514082463172,-3.7103385933045456,4,156.0,1,19,3.52,2,228
3.0,11.0,40.396141026068605,-3.740046489954853,3,57.0,1,20,4.76,7,80
17.0,66.0,40.4272,-3.71141,4,153.0,1,14,3.02,2,228
1.0,13.0,40.396548334334994,-3.6051387227539,3,47.0,2,4,0.75,1,282
6.0,39.0,40.398325,-3.718596,3,112.0,1,9,1.69,120,354
6.0,39.0,40.398325,-3.718596,3,114.0,1,1,0.3,120,351
6.0,39.0,40.398325,-3.718596,3,114.0,1,11,2.05,120,355
18.0,73.0,40.4272185877526,-3.66945965485944,4,71.0,1,8,1.53,1,335
6.0,17.0,40.3816984456297,-3.7315106857571423,4,90.0,1,3,0.83,4,239
6.0,11.0,40.383,-3.7294,3,54.0,1,2,0.45,4,239
6.0,17.0,40.38276,-3.73123,3,45.0,1,3,0.55,4,239
10.0,36.0,40.49665,-3.6903,4,84.0,1,2,0.94,1,218
6.0,11.0,40.38167,-3.7294,3,49.0,1,3,0.55,4,236
6.0,32.0,40.38218137729627,-3.704937807101431,4,67.0,1,22,3.98,20,66
17.0,61.0,40.40777,-3.69432,4,144.0,1,28,5.15,3,138
9.0,45.0,40.44282167940378,-3.5825723491834265,4,104.0,2,7,1.69,1,103
17.0,76.0,40.41269045996694,-3.7097550318771377,4,137.0,1,17,3.19,65,332
8.0,48.0,40.3932551,-3.6655647,4,92.0,1,0,0.0,1,256
14.0,52.0,40.45306875849763,-3.7065226790985206,4,129.0,1,6,1.19,65,136
16.0,73.0,40.41878640659493,-3.679458565864661,4,143.0,1,2,0.46,54,1
17.0,61.0,40.410750539171474,-3.708675650616159,4,115.0,4,0,0.0,1,342
17.0,76.0,40.40905653046527,-3.712031506964799,4,138.0,2,18,3.35,1,146
3.0,29.0,40.4056283,-3.7360681,4,63.0,1,28,7.24,1,130
17.0,61.0,40.40659,-3.70416,4,157.0,2,3,0.71,1,4
10.0,41.0,40.42445628194588,-3.640460973138003,4,105.0,1,12,2.43,6,63
11.0,70.0,40.42916,-3.72094,3,52.0,1,0,0.0,1,347
17.0,66.0,40.420758530946365,-3.70306781786319,4,116.0,2,22,5.04,141,247
12.0,54.0,40.48862832151377,-3.666743502489889,4,147.0,1,19,3.58,4,63
10.0,45.0,40.42461,-3.64319,4,75.0,1,2,0.57,181,340
18.0,82.0,40.42745088890262,-3.6831956698476502,3,24.0,30,0,0.0,215,313
18.0,82.0,40.4267809803536,-3.680935162677977,3,24.0,30,0,0.0,215,298
18.0,73.0,40.423232718719824,-3.6700828984570575,4,59.0,3,5,1.03,1,240
18.0,82.0,40.42676,-3.68175,3,29.0,30,0,0.0,215,279
18.0,82.0,40.42843,-3.68276,3,25.0,30,0,0.0,215,283
17.0,79.0,40.41474166785587,-3.6983032271029166,3,76.0,2,3,0.9,5,83
14.0,57.0,40.46242,-3.69977,4,45.0,15,4,1.25,22,318
14.0,63.0,40.45621367948248,-3.6980484884380944,4,148.0,1,5,1.09,23,78
10.0,61.0,40.43415540107356,-3.659948073513444,4,121.0,1,0,0.0,95,340
10.0,61.0,40.43533930790281,-3.6594182860677473,4,121.0,1,0,0.0,95,340
10.0,61.0,40.43542470065225,-3.658592203228757,4,121.0,1,1,0.24,95,349
10.0,61.0,40.43338380419051,-3.658208838003531,4,119.0,1,1,0.22,95,325
17.0,61.0,40.40920079721795,-3.703985896780341,4,72.0,30,6,1.15,1,301
9.0,24.0,40.439161017263054,-3.6174132174377966,4,97.0,1,25,5.03,1,351
17.0,79.0,40.41467231451844,-3.698725747918974,3,48.0,2,4,1.05,5,246
17.0,76.0,40.41446916548946,-3.7082601378925055,4,138.0,1,2,0.37,54,133
17.0,79.0,40.41666140638499,-3.6982958023464954,3,55.0,2,7,1.62,5,79
16.0,70.0,40.41938383875972,-3.672753582481358,4,125.0,30,2,0.66,1,317
15.0,67.0,40.44314953230788,-3.7028808339823,4,140.0,1,1,0.23,407,333
17.0,61.0,40.41148,-3.70457,4,147.0,3,14,2.88,75,147
18.0,73.0,40.4282659,-3.6750697,3,68.0,1,59,11.06,53,30
18.0,73.0,40.4282659,-3.6750697,3,72.0,1,45,8.44,53,29
18.0,73.0,40.4282659,-3.6750697,3,65.0,1,53,10.06,53,31
18.0,73.0,40.42724684585658,-3.674211237703919,3,65.0,1,55,10.44,53,24
8.0,37.0,40.3890031,-3.6553729,4,79.0,2,18,3.33,2,299
11.0,70.0,40.42235932266527,-3.7140178767207392,3,85.0,1,13,3.33,22,316
11.0,70.0,40.42437,-3.7132,3,86.0,1,15,2.9,22,320
12.0,10.0,40.4811846,-3.6584225,3,9.0,1,0,0.0,1,9
17.0,79.0,40.41693856648828,-3.695367810246695,4,99.0,5,0,0.0,24,60
11.0,15.0,40.46152,-3.71181,3,44.0,2,7,1.31,1,336
17.0,61.0,40.40679,-3.69733,4,96.0,3,4,0.78,1,125
15.0,67.0,40.43884162445093,-3.704100285349302,3,68.0,2,6,1.12,2,354
16.0,51.0,40.40338372515743,-3.676683634509236,3,106.0,1,2,0.47,7,363
16.0,51.0,40.40285965938512,-3.678019973656595,3,85.0,1,10,2.0,7,347
5.0,3.0,40.35382,-3.70288,3,30.0,3,24,4.44,1,82
18.0,63.0,40.43843258477998,-3.673007117778792,4,147.0,2,19,3.96,12,44
17.0,61.0,40.40714313599403,-3.704291267925759,3,61.0,2,29,5.34,4,163
17.0,66.0,40.42477,-3.70252,4,82.0,2,22,4.18,12,316
7.0,33.0,40.372296186746446,-3.645070030882584,4,59.0,2,7,1.49,2,256
16.0,59.0,40.44864526905192,-3.689166040518621,4,164.0,1,15,3.0,65,328
17.0,66.0,40.4208377464974,-3.706688190310704,3,50.0,1,33,6.31,19,234
17.0,76.0,40.41201969999999,-3.7081428,3,65.0,30,1,0.26,161,107
8.0,41.0,40.4034663,-3.660044,4,77.0,1,5,1.06,2,73
17.0,66.0,40.4243,-3.70071,3,43.0,2,2,0.54,3,365
14.0,50.0,40.46200106766703,-3.707601693702375,4,117.0,3,2,0.43,36,361
14.0,63.0,40.45006,-3.69896,4,116.0,3,0,0.0,2,323
3.0,11.0,40.39738,-3.73814,3,27.0,1,15,2.83,7,77
15.0,64.0,40.43648,-3.70022,4,140.0,2,6,1.34,1,4
8.0,48.0,40.39648,-3.67044,4,143.0,3,35,6.77,1,217
17.0,77.0,40.4264542960221,-3.700385673541444,3,84.0,3,13,3.1,4,283
6.0,32.0,40.38174,-3.70305,4,70.0,1,34,6.42,20,72
14.0,65.0,40.46065402353617,-3.6942542716301023,3,30.0,15,0,0.0,4,347
9.0,45.0,40.44368,-3.58513,4,121.0,1,6,1.15,4,344
14.0,63.0,40.45543210274314,-3.700634654395221,4,93.0,28,0,0.0,10,289
6.0,28.0,40.38842844031003,-3.699888505143076,4,57.0,2,21,4.2,12,308
17.0,76.0,40.42034241785005,-3.707528691315805,4,83.0,2,18,3.6,12,309
16.0,51.0,40.4017695,-3.6754642,4,115.0,4,14,2.75,43,311
17.0,80.0,40.41464767704809,-3.703775916032763,4,147.0,1,4,0.81,15,62
18.0,68.0,40.42996961616935,-3.674477207360472,3,45.0,1,49,9.3,1,295
11.0,18.0,40.4240039,-3.7213413,4,72.0,28,2,0.43,4,167
16.0,51.0,40.40554,-3.68074,4,104.0,2,0,0.0,1,361
1.0,13.0,40.40093,-3.62418,3,49.0,1,10,2.01,3,210
14.0,57.0,40.4683549,-3.7069386,4,91.0,4,2,0.44,43,352
17.0,61.0,40.406549206730354,-3.7024354591697617,4,111.0,2,20,4.26,1,320
15.0,64.0,40.42977269057992,-3.704300638196481,4,85.0,7,9,2.05,4,203
17.0,76.0,40.4213297,-3.7093026,4,81.0,15,4,1.22,24,230
16.0,66.0,40.44252,-3.66765,3,36.0,1,2,0.7,1,289
12.0,10.0,40.474499,-3.6610323,3,75.0,1,5,1.01,5,360
16.0,59.0,40.45099,-3.66827,4,133.0,1,23,4.57,1,286
8.0,12.0,40.3880301,-3.6508796,3,57.0,1,7,1.49,1,265
10.0,47.0,40.43259,-3.65462,4,89.0,1,0,0.0,87,326
17.0,77.0,40.42749,-3.70173,4,138.0,1,5,0.99,292,335
17.0,80.0,40.41679149082249,-3.7043777627499495,4,106.0,3,12,2.31,7,79
5.0,3.0,40.34625,-3.69722,3,34.0,7,0,0.0,1,349
16.0,66.0,40.43945,-3.67518,3,77.0,1,0,0.0,1,83
1.0,13.0,40.40079543621812,-3.6242437362670894,3,44.0,1,13,2.6,3,71
17.0,80.0,40.41647050821802,-3.703531851790239,4,97.0,2,38,7.6,1,56
16.0,51.0,40.40480950014858,-3.677534234996719,3,85.0,1,7,1.64,7,347
16.0,70.0,40.41685,-3.67322,4,144.0,1,2,0.6,29,301
9.0,5.0,40.42591,-3.61561,3,35.0,20,0,0.0,6,155
17.0,66.0,40.424560050471946,-3.703224023901503,3,110.0,2,12,2.81,7,88
17.0,79.0,40.41191949483034,-3.698082554134832,4,72.0,1,14,3.53,181,58
17.0,61.0,40.40745,-3.70129,4,104.0,1,2,0.62,54,289
13.0,60.0,40.40108180596557,-3.6948409476074295,3,54.0,2,17,3.54,31,352
17.0,79.0,40.41187927681814,-3.6975654575275136,4,97.0,1,0,0.0,407,209
17.0,76.0,40.42313001619415,-3.71078219510651,4,73.0,1,9,4.66,21,292
17.0,76.0,40.4231341,-3.710691,4,71.0,1,7,3.33,21,265
18.0,82.0,40.427021635709046,-3.681452564418035,3,64.0,2,12,2.57,5,24
18.0,82.0,40.42680928975134,-3.681629590213018,3,51.0,2,17,3.52,5,22
14.0,63.0,40.4483251,-3.699131999999999,4,60.0,30,0,0.0,2,70
17.0,66.0,40.42455563945551,-3.704624809163581,4,116.0,1,0,0.0,54,347
13.0,49.0,40.39779,-3.69885,4,80.0,3,4,0.86,6,51
17.0,79.0,40.4128981,-3.6970705,4,139.0,1,14,2.84,65,304
18.0,82.0,40.42695226095025,-3.681817352771759,3,122.0,3,1,0.28,5,17
17.0,61.0,40.4110278,-3.7040088,4,117.0,1,3,2.25,1,298
14.0,63.0,40.449613372095406,-3.694790509731917,4,116.0,1,4,0.85,87,348
16.0,66.0,40.44041041109601,-3.674224217316917,4,86.0,2,0,0.0,1,315
16.0,66.0,40.44392972091409,-3.672826469592596,4,106.0,7,1,0.36,2,351
17.0,77.0,40.42143,-3.69747,3,85.0,2,15,2.92,4,354
14.0,65.0,40.456617823259045,-3.696513839509656,4,162.0,28,3,0.81,62,350
17.0,79.0,40.41817217594719,-3.6975991975773943,4,157.0,1,18,3.62,6,120
16.0,70.0,40.420749,-3.676374,4,129.0,3,4,1.21,1,5
13.0,49.0,40.3978396899976,-3.6994216132918014,4,45.0,2,22,4.46,1,274
17.0,76.0,40.41937,-3.7093,1,40.0,1,22,4.65,11,361
17.0,76.0,40.41766,-3.70972,1,19.0,1,6,1.32,11,250
14.0,50.0,40.45860028363374,-3.705658871959185,4,131.0,5,0,0.0,63,349
10.0,41.0,40.43309393153108,-3.647769340997392,3,50.0,2,13,3.22,3,46
10.0,45.0,40.481181424779386,-3.722719013898768,3,35.0,1,12,2.5,2,256
17.0,61.0,40.41158628847961,-3.707214350157475,4,104.0,1,3,0.87,3,314
8.0,41.0,40.39618093574293,-3.663010237366629,3,148.0,1,0,0.0,8,363
8.0,41.0,40.39797167890234,-3.6630738113138346,3,148.0,1,0,0.0,8,364
8.0,41.0,40.39643420376328,-3.6633688482394406,3,148.0,1,0,0.0,8,364
6.0,42.0,40.39633,-3.7118,4,95.0,1,20,4.26,2,305
12.0,10.0,40.48195,-3.65989,4,89.0,2,11,2.2,2,328
8.0,41.0,40.39799,-3.66197,3,97.0,1,1,1.0,8,361
8.0,41.0,40.39668560605766,-3.663547843244379,3,97.0,1,3,0.64,8,365
8.0,41.0,40.39771054629032,-3.663189567328716,3,97.0,1,2,0.47,8,365
12.0,10.0,40.48166437429278,-3.660143121959909,4,89.0,1,9,1.82,2,354
17.0,61.0,40.406426396201326,-3.704796290094874,4,50.0,30,6,1.62,2,336
14.0,63.0,40.45471,-3.70016,4,77.0,7,1,0.91,8,365
17.0,79.0,40.41258518553219,-3.6969986780391983,4,127.0,1,7,1.42,65,334
15.0,67.0,40.44267,-3.70311,4,95.0,4,3,0.99,1,253
16.0,51.0,40.40266486723373,-3.677126929608152,3,42.0,7,8,1.66,31,102
8.0,48.0,40.39477,-3.66727,4,77.0,1,1,1.0,8,330
1.0,13.0,40.4017,-3.62534,3,32.0,1,0,0.0,3,224
2.0,2.0,40.40152,-3.64155,3,47.0,2,3,0.64,2,320
6.0,45.0,40.387660178571046,-3.730255043045077,3,39.0,1,0,0.0,1,365
17.0,66.0,40.42238,-3.70734,4,101.0,1,37,7.35,1,195
17.0,79.0,40.41888342332973,-3.698088829392418,3,61.0,1,2,0.7,3,326
13.0,55.0,40.4011188,-3.7108627,3,34.0,2,16,3.38,3,45
17.0,61.0,40.40809190288348,-3.700429956436372,4,90.0,7,1,0.2,2,30
17.0,79.0,40.41487,-3.69986,4,144.0,1,36,8.71,26,128
5.0,15.0,40.35366,-3.68314,3,45.0,1,5,1.25,2,319
10.0,75.0,40.45381790508848,-3.652341077708036,4,134.0,1,18,3.97,25,346
17.0,66.0,40.422783,-3.707468,3,140.0,1,1,0.22,120,362
17.0,66.0,40.42278,-3.70747,3,132.0,1,21,6.12,120,362
17.0,66.0,40.422783,-3.707468,3,133.0,1,12,2.83,120,363
6.0,32.0,40.38612251046754,-3.702059054784633,3,68.0,1,2,0.43,1,83
15.0,39.0,40.43654,-3.71251,3,124.0,1,2,0.55,10,336
12.0,54.0,40.45224674025585,-3.6500794924007,4,97.0,1,10,2.24,25,343
10.0,75.0,40.45238,-3.65208,4,106.0,1,6,1.32,25,338
6.0,11.0,40.3831645,-3.7280807,4,66.0,2,19,3.8,2,105
3.0,29.0,40.41110654830252,-3.728313975900497,3,32.0,3,3,0.64,2,42
12.0,54.0,40.4528,-3.65012,4,134.0,1,12,2.83,25,332
10.0,75.0,40.45211,-3.65235,4,133.0,1,12,2.83,25,346
10.0,75.0,40.4524,-3.65211,4,117.0,1,8,2.0,25,330
13.0,49.0,40.398881193091135,-3.700961694568576,4,74.0,30,1,1.0,272,364
16.0,51.0,40.402697547610735,-3.677094743099973,3,33.0,7,5,1.02,31,88
17.0,61.0,40.4105335,-3.7082679,4,93.0,4,14,2.9,1,14
17.0,66.0,40.42598137590623,-3.705176040530205,4,114.0,1,5,1.08,6,155
2.0,10.0,40.4047,-3.62589,3,37.0,1,22,4.4,2,348
15.0,67.0,40.44048,-3.69759,3,72.0,1,5,1.06,1,358
14.0,71.0,40.47169,-3.69457,4,116.0,30,0,0.0,1,19
17.0,66.0,40.4250421,-3.7053912,4,93.0,3,17,3.7,1,303
15.0,64.0,40.43221339099899,-3.703386499896712,3,33.0,28,9,2.09,25,42
13.0,55.0,40.4019245,-3.7013617,3,50.0,1,20,4.72,2,334
13.0,55.0,40.40283426376159,-3.7025364041518647,4,52.0,2,2,0.53,36,340
17.0,61.0,40.4099323,-3.7056853,3,94.0,2,10,2.13,1,341
17.0,76.0,40.411597721337074,-3.709471930665828,4,115.0,2,21,4.74,12,228
17.0,76.0,40.41486161894055,-3.716431608845136,4,163.0,1,1,0.23,95,270
3.0,29.0,40.405019,-3.7417993,4,62.0,1,16,3.24,1,306
10.0,47.0,40.43508,-3.6517,4,78.0,4,21,4.41,9,246
15.0,39.0,40.43631,-3.71137,4,121.0,24,1,0.57,27,211
17.0,61.0,40.41057181613223,-3.697982020676136,3,33.0,1,13,2.65,5,344
17.0,61.0,40.41063,-3.69798,3,33.0,1,14,3.23,5,347
6.0,11.0,40.38376,-3.72888,4,70.0,2,19,4.79,2,136
17.0,61.0,40.41219,-3.69916,3,98.0,1,3,0.64,1,50
14.0,50.0,40.45958307309918,-3.706444349143507,3,50.0,1,5,1.04,4,90
16.0,51.0,40.40272709329402,-3.6770753654389976,3,44.0,7,5,1.26,31,73
17.0,80.0,40.41975,-3.70286,4,71.0,1,10,2.14,8,307
10.0,35.0,40.44277064382015,-3.649300069659272,3,90.0,1,7,1.86,1,334
17.0,66.0,40.42526,-3.70509,3,68.0,2,13,2.83,7,290
6.0,39.0,40.39825,-3.73201,4,65.0,30,3,0.8,14,102
17.0,66.0,40.42677269662384,-3.702787388526276,3,68.0,2,13,2.65,7,293
17.0,66.0,40.42641301298384,-3.702993453380655,3,51.0,2,10,2.44,7,349
17.0,66.0,40.42658184644319,-3.704547295403835,3,53.0,2,5,1.27,7,146
17.0,66.0,40.42495947960157,-3.70343662687738,3,89.0,2,9,2.37,7,316
14.0,65.0,40.4616,-3.69444,3,30.0,7,0,0.0,4,350
17.0,80.0,40.41858066879809,-3.707722127437592,3,56.0,1,7,1.69,1,320
15.0,69.0,40.43494,-3.69277,4,133.0,7,1,0.41,1,21
14.0,63.0,40.454761569954975,-3.700159530106661,4,85.0,7,1,0.48,36,365
14.0,63.0,40.4549280197393,-3.7004813750385024,4,72.0,7,1,1.0,8,365
10.0,45.0,40.42844104324245,-3.656537028790096,3,69.0,1,6,1.28,1,82
3.0,10.0,40.3766626,-3.7674733,4,53.0,1,0,0.0,1,297
6.0,56.0,40.38097,-3.6945,3,40.0,6,2,0.71,2,340
1.0,13.0,40.39477,-3.62141,3,35.0,2,7,2.23,3,355
17.0,76.0,40.41843,-3.7086,1,20.0,1,9,1.84,11,132
2.0,23.0,40.40672286604688,-3.655452773682076,3,52.0,1,0,0.0,1,365
15.0,39.0,40.43608313653412,-3.711620489718452,3,58.0,1,5,1.06,10,326
11.0,46.0,40.46366700000001,-3.74922,3,126.0,1,0,0.0,1,358
2.0,2.0,40.40091,-3.63776,3,26.0,2,20,4.48,1,2
11.0,15.0,40.46425,-3.71705,3,34.0,2,15,3.19,1,119
16.0,70.0,40.41840531502184,-3.673949987795444,3,50.0,15,0,0.0,4,356
16.0,70.0,40.41891,-3.67186,3,40.0,10,1,0.23,4,317
15.0,67.0,40.44435,-3.70344,4,99.0,5,2,0.53,1,198
18.0,73.0,40.428752101706536,-3.6771308391865536,4,140.0,1,1,0.27,23,78
17.0,61.0,40.4101499,-3.707482699999999,3,86.0,2,14,3.31,6,220
2.0,2.0,40.401288336185054,-3.6380048858030056,3,26.0,20,1,0.29,4,47
11.0,18.0,40.43363674448651,-3.7324190873783145,3,18.0,30,0,0.0,215,256
11.0,18.0,40.43239,-3.73258,3,18.0,30,0,0.0,215,256
11.0,18.0,40.43373007254714,-3.732811232847816,3,18.0,30,0,0.0,215,256
11.0,18.0,40.43383,-3.73317,3,18.0,30,0,0.0,215,256
11.0,18.0,40.4331901680321,-3.732397088300433,3,18.0,30,0,0.0,215,256
11.0,18.0,40.43387,-3.73397,3,17.0,30,0,0.0,215,261
11.0,18.0,40.43377,-3.73237,3,18.0,30,0,0.0,215,256
12.0,54.0,40.45246807502255,-3.6503017559781976,4,133.0,1,7,1.54,25,351
10.0,75.0,40.4533,-3.65122,4,122.0,1,8,1.79,25,317
8.0,41.0,40.400268110152574,-3.665147606413676,4,77.0,15,1,0.36,2,16
14.0,50.0,40.4582752,-3.7047832,3,41.0,1,9,2.01,18,242
8.0,41.0,40.40159,-3.66556,4,59.0,1,14,3.33,6,3
6.0,42.0,40.39584,-3.70893,4,116.0,1,3,0.63,292,348
15.0,67.0,40.44149,-3.69675,4,125.0,30,0,0.0,1,257
17.0,76.0,40.41842089091611,-3.708632788360602,1,40.0,1,23,4.76,11,354
17.0,61.0,40.41081146769947,-3.7028023072810536,3,56.0,1,0,0.0,1,261
16.0,64.0,40.45503074789936,-3.68205150557523,4,120.0,28,0,0.0,1,364
11.0,18.0,40.43352,-3.73255,3,18.0,30,0,0.0,215,256
11.0,18.0,40.43340871804837,-3.734113980725178,4,18.0,30,0,0.0,215,224
11.0,18.0,40.43311315362352,-3.734512621457645,3,18.0,30,0,0.0,215,256
11.0,18.0,40.43194844108366,-3.7342289061288456,3,18.0,30,0,0.0,215,256
11.0,18.0,40.431571412349534,-3.7345033686481863,3,18.0,30,0,0.0,215,256
11.0,18.0,40.43372987751842,-3.732782907752496,3,18.0,30,0,0.0,215,256
16.0,64.0,40.45749076311521,-3.673652967881066,4,150.0,7,3,1.03,62,329
11.0,18.0,40.43332564506793,-3.7325423384276855,3,18.0,30,0,0.0,215,256
11.0,18.0,40.43369,-3.73317,3,18.0,30,0,0.0,215,256
11.0,18.0,40.431860953364136,-3.7322797356186777,3,18.0,30,0,0.0,215,256
17.0,79.0,40.4127439,-3.699234,4,158.0,1,8,1.69,47,26
14.0,50.0,40.45704296239804,-3.7072446101682384,4,54.0,29,9,2.27,9,310
17.0,61.0,40.4106,-3.70832,4,98.0,1,0,0.0,407,353
17.0,61.0,40.41065448850894,-3.708003852584764,4,120.0,1,0,0.0,407,334
17.0,76.0,40.41074884974856,-3.709971044893632,4,89.0,1,0,0.0,407,346
17.0,80.0,40.418725273963055,-3.702360263633915,4,118.0,1,4,1.97,1,228
7.0,33.0,40.37582,-3.63466,4,85.0,4,3,0.95,13,303
14.0,57.0,40.46547,-3.70597,3,40.0,4,11,2.66,4,348
14.0,57.0,40.46744575258949,-3.705903452011296,3,35.0,5,7,1.57,4,287
14.0,57.0,40.46559554596216,-3.705474272163994,3,90.0,1,0,0.0,1,90
17.0,61.0,40.40946,-3.70006,4,118.0,3,7,1.56,1,99
6.0,22.0,40.3622789044742,-3.7614080667385874,3,50.0,1,0,0.0,1,128
17.0,76.0,40.41292,-3.7124,4,108.0,2,23,5.27,2,191
17.0,79.0,40.4113759,-3.6947061,4,143.0,28,3,0.78,7,32
10.0,41.0,40.42944,-3.64559,4,72.0,1,5,1.15,181,284
17.0,80.0,40.41559,-3.70803,4,89.0,30,2,0.86,292,347
14.0,50.0,40.46206853804235,-3.7057112749767938,4,151.0,28,3,0.67,93,288
14.0,71.0,40.4711973,-3.692837,4,94.0,2,16,3.75,12,321
13.0,59.0,40.409268624598944,-3.719491073972482,3,57.0,1,12,2.69,1,225
10.0,45.0,40.48269182459507,-3.717071215904053,4,135.0,3,5,1.26,27,218
17.0,77.0,40.42339397457063,-3.692957405349645,4,145.0,3,9,2.55,2,283
13.0,60.0,40.4032,-3.69193,4,66.0,1,0,0.0,1,249
17.0,76.0,40.4115427591132,-3.711680269156517,3,50.0,4,9,2.27,1,314
17.0,76.0,40.418408638639576,-3.7086113306884823,1,20.0,1,2,0.42,11,257
17.0,66.0,40.423410918596254,-3.70118661718728,4,153.0,1,6,1.51,1,80
11.0,47.0,40.45928157582131,-3.7804141582512982,4,90.0,5,1,0.51,63,319
11.0,70.0,40.4213429,-3.7165411,1,52.0,1,4,1.04,1,323
16.0,65.0,40.4743413,-3.6864076,4,125.0,7,6,1.35,62,332
8.0,41.0,40.39615152338252,-3.661664022681437,3,111.0,1,1,0.22,8,365
16.0,59.0,40.4429786,-3.6798439,4,139.0,30,1,0.5,249,76
14.0,57.0,40.4664367,-3.7066367,4,106.0,3,4,1.21,1,320
18.0,83.0,40.4362808,-3.6800678,4,89.0,1,0,0.0,1,1
3.0,29.0,40.41318395644087,-3.7237343080355294,4,159.0,8,8,1.74,28,4
11.0,47.0,40.46072,-3.77912,4,77.0,7,0,0.0,63,335
11.0,47.0,40.45897296236205,-3.778382451290505,4,90.0,5,0,0.0,63,333
11.0,47.0,40.45899422746508,-3.780472073394528,4,90.0,10,1,0.35,63,238
17.0,80.0,40.41589219999999,-3.7015813,4,93.0,1,14,3.28,5,13
11.0,47.0,40.45874,-3.7796,4,73.0,10,0,0.0,63,289
16.0,59.0,40.44506437858764,-3.675146101067445,4,139.0,1,12,2.81,3,242
17.0,61.0,40.408295549363885,-3.7035124525523857,4,136.0,3,25,5.64,10,221
17.0,76.0,40.41842905909924,-3.708600601852423,1,20.0,1,4,0.88,11,256
14.0,71.0,40.4711973,-3.692837,4,78.0,2,13,3.22,12,317
14.0,71.0,40.4713231,-3.6932457,4,112.0,2,17,4.08,12,313
15.0,66.0,40.43207,-3.70955,3,70.0,5,3,0.76,27,136
10.0,75.0,40.4532983,-3.6512188,4,132.0,1,8,1.89,25,351
14.0,63.0,40.4519151,-3.694298799999999,4,160.0,2,25,5.64,1,304
9.0,45.0,40.4450097,-3.5834117,4,77.0,1,19,4.63,21,75
13.0,60.0,40.40420570000001,-3.6922387,4,63.0,3,10,2.36,6,71
18.0,63.0,40.4370471698659,-3.6700977441207,4,103.0,2,12,2.67,1,143
17.0,61.0,40.4080395,-3.7018015,4,76.0,1,4,0.94,2,216
6.0,42.0,40.3914177,-3.7127936,3,45.0,1,2,0.57,1,364
13.0,55.0,40.40451176937186,-3.704772330445413,4,111.0,3,4,0.98,36,350
17.0,79.0,40.4129637,-3.6973598,3,51.0,2,17,4.11,2,294
4.0,40.0,40.47162527482188,-3.5781658323067083,4,135.0,2,5,1.12,2,326
17.0,66.0,40.42594953682721,-3.7017405341768,4,85.0,1,8,1.78,8,337
14.0,50.0,40.45755097813839,-3.7065612717069816,3,32.0,1,0,0.0,1,309
5.0,44.0,40.33314,-3.70334,4,90.0,1,8,2.0,6,92
6.0,32.0,40.3815173483702,-3.7030751428527786,4,59.0,2,6,1.34,31,353
11.0,18.0,40.430785473713335,-3.7245635446204735,3,52.0,30,0,0.0,2,362
17.0,76.0,40.41544836370992,-3.7109761153464342,4,142.0,2,21,4.7,141,336
6.0,58.0,40.383046267745705,-3.714117533876682,4,65.0,3,9,2.01,2,300
14.0,71.0,40.46983382593213,-3.697926122930126,3,42.0,1,10,2.48,2,350
14.0,65.0,40.4591094,-3.699102399999999,3,35.0,1,9,2.31,18,252
8.0,41.0,40.3976962,-3.6598983,4,89.0,10,2,0.56,4,222
17.0,61.0,40.40701822056979,-3.7069516396244926,4,77.0,1,3,0.92,181,302
15.0,64.0,40.43228,-3.70373,4,140.0,1,0,0.0,407,313
18.0,60.0,40.4244108,-3.666444099999999,4,85.0,3,4,1.71,1,37
17.0,79.0,40.41839785906586,-3.6951155094716026,4,89.0,8,1,0.32,24,61
17.0,61.0,40.40970925910371,-3.704180616544397,4,65.0,1,0,0.0,181,248
13.0,84.0,40.4024174255192,-3.687747746417612,4,101.0,3,2,0.54,1,7
6.0,42.0,40.38887574000416,-3.715897557146666,3,54.0,1,5,1.14,1,348
14.0,57.0,40.46599,-3.70568,3,35.0,4,9,2.05,4,265
6.0,28.0,40.38575144284712,-3.710226851494934,4,61.0,3,7,1.63,1,321
17.0,76.0,40.4210844,-3.7083705,4,149.0,2,7,1.64,2,134
6.0,28.0,40.38818,-3.70953,4,97.0,2,6,1.59,1,259
9.0,24.0,40.4314467,-3.6320189,3,40.0,1,4,1.13,4,57
9.0,24.0,40.4314467,-3.6320189,3,40.0,1,62,14.2,4,79
15.0,64.0,40.4323986,-3.703280699999999,4,131.0,2,6,1.49,4,80
10.0,36.0,40.4846403,-3.6849522,4,85.0,1,4,1.06,3,95
9.0,24.0,40.43807624913854,-3.624071087341087,4,105.0,5,2,0.83,63,324
9.0,45.0,40.4440182,-3.5823735,4,77.0,1,4,1.11,21,64
15.0,69.0,40.43120249909893,-3.69200977845576,4,135.0,30,0,0.0,9,298
14.0,63.0,40.45157,-3.70058,1,25.0,1,0,0.0,29,149
14.0,63.0,40.45084,-3.70184,1,25.0,1,2,0.47,29,170
14.0,63.0,40.45091,-3.70017,1,25.0,1,2,0.55,29,192
14.0,63.0,40.45137,-3.70172,1,25.0,1,9,2.06,29,224
14.0,63.0,40.4495,-3.70208,1,25.0,1,6,1.49,29,224
14.0,63.0,40.44937,-3.70065,1,25.0,1,1,0.23,29,224
14.0,63.0,40.45137,-3.70124,1,25.0,1,3,0.78,29,226
14.0,63.0,40.45102,-3.70192,1,25.0,1,1,1.0,29,226
17.0,61.0,40.4108343,-3.7043075,4,92.0,2,25,5.86,1,47
16.0,51.0,40.40510799443729,-3.681714069950704,4,151.0,1,12,3.1,23,330
15.0,39.0,40.43540180139439,-3.7120827825647615,3,125.0,1,4,1.17,10,343
14.0,63.0,40.44939,-3.70045,1,25.0,1,5,1.15,29,224
14.0,63.0,40.44931,-3.70013,1,25.0,1,0,0.0,29,227
14.0,63.0,40.44956,-3.70171,1,25.0,1,4,0.91,29,226
14.0,63.0,40.45017,-3.70182,1,25.0,1,3,0.7,29,226
14.0,63.0,40.45072,-3.70208,1,25.0,1,3,0.83,29,224
14.0,63.0,40.45015,-3.70201,1,25.0,1,2,0.47,29,226
14.0,63.0,40.45156,-3.7005,1,25.0,1,8,1.85,29,222
14.0,63.0,40.44987,-3.70013,1,25.0,1,3,0.69,29,226
14.0,63.0,40.45129,-3.7012,1,25.0,1,4,1.1,29,213
14.0,63.0,40.45156,-3.70171,1,25.0,1,3,0.74,29,227
14.0,63.0,40.44954,-3.70191,1,25.0,1,2,0.69,29,226
14.0,63.0,40.44922,-3.70021,1,25.0,1,1,0.83,29,213
14.0,63.0,40.44957,-3.70013,1,25.0,1,4,0.93,29,222
14.0,63.0,40.45128,-3.70117,1,25.0,1,2,0.46,29,227
14.0,63.0,40.44931,-3.70053,1,25.0,1,1,0.52,29,226
14.0,63.0,40.44926,-3.7018,1,25.0,1,10,2.46,29,226
14.0,63.0,40.45144,-3.7019,1,25.0,1,14,3.18,29,226
14.0,63.0,40.45088,-3.70205,1,25.0,1,0,0.0,29,222
14.0,63.0,40.45158,-3.70198,1,25.0,1,13,3.15,29,223
14.0,63.0,40.44935,-3.70016,1,25.0,1,4,1.29,29,225
6.0,39.0,40.39644,-3.73637,3,39.0,1,33,7.56,7,66
17.0,79.0,40.41242,-3.69636,3,64.0,3,2,0.46,2,328
14.0,57.0,40.46823107960799,-3.700452459524526,4,97.0,2,33,8.11,1,301
16.0,65.0,40.46737,-3.6865,3,145.0,1,0,0.0,3,364
17.0,61.0,40.41156333128354,-3.705450495842225,3,36.0,1,11,3.88,2,318
8.0,48.0,40.383132857494175,-3.6665990368116166,4,89.0,2,9,2.41,1,30
17.0,79.0,40.41475,-3.70016,4,153.0,2,6,2.28,1,111
11.0,34.0,40.47275,-3.82997,4,75.0,2,16,3.93,1,288
6.0,39.0,40.39443,-3.73625,3,27.0,1,18,4.29,7,60
3.0,10.0,40.381844,-3.7808186,3,25.0,1,6,1.82,2,351
17.0,76.0,40.41911,-3.71292,3,50.0,10,0,0.0,13,269
13.0,55.0,40.40196,-3.71047,3,42.0,2,23,5.11,3,37
17.0,76.0,40.41914,-3.71287,3,85.0,10,0,0.0,13,262
17.0,76.0,40.42082,-3.71332,3,50.0,10,0,0.0,13,247
14.0,50.0,40.45938110023886,-3.707033956485693,4,96.0,10,0,0.0,63,320
17.0,66.0,40.42531848950666,-3.703945016301584,4,134.0,14,0,0.0,3,267
6.0,39.0,40.39433,-3.73663,3,38.0,1,24,5.63,7,49
4.0,40.0,40.47018,-3.58009,3,50.0,1,0,0.0,4,355
16.0,51.0,40.40235,-3.67635,4,96.0,3,6,1.43,36,352
15.0,64.0,40.43575553406823,-3.70340362728982,4,80.0,1,37,8.6,1,302
9.0,45.0,40.44443,-3.58276,4,93.0,1,25,6.0,21,54
4.0,15.0,40.45192,-3.58226,4,92.0,5,3,1.18,13,81
17.0,77.0,40.420790062648045,-3.699943094839437,3,101.0,3,6,1.58,27,139
10.0,45.0,40.4829,-3.71701,4,129.0,3,4,1.13,27,218
13.0,55.0,40.40259807872828,-3.701409105976496,4,115.0,3,2,0.85,1,88
17.0,76.0,40.40867,-3.71101,4,161.0,9,15,4.95,9,265
7.0,33.0,40.36379,-3.58392,4,95.0,7,1,0.46,63,335
17.0,66.0,40.42502,-3.70601,3,42.0,1,12,2.81,2,175
10.0,53.0,40.4760867,-3.708812,4,69.0,2,6,1.37,1,89
7.0,33.0,40.36337132444228,-3.601296825906783,3,39.0,1,3,0.71,1,353
6.0,7.0,40.37436847068187,-3.690531194355505,3,38.0,1,0,0.0,1,362
17.0,80.0,40.41833203792751,-3.707507215440273,3,59.0,1,11,2.64,5,52
2.0,23.0,40.40806,-3.65571,4,100.0,1,0,0.0,1,342
10.0,41.0,40.43306,-3.64798,3,54.0,2,15,3.72,3,37
13.0,60.0,40.4035,-3.69381,4,98.0,3,7,2.53,1,59
10.0,45.0,40.4311,-3.64832,3,57.0,1,8,1.89,3,58
17.0,61.0,40.40892656363911,-3.703826703951617,4,129.0,1,0,0.0,181,285
17.0,61.0,40.40875,-3.70478,4,114.0,1,0,0.0,181,285
6.0,20.0,40.38208,-3.70709,3,66.0,1,0,0.0,2,246
11.0,70.0,40.4296564,-3.7221249,3,40.0,1,0,0.0,23,344
11.0,70.0,40.4296564,-3.7221249,3,40.0,1,0,0.0,23,352
11.0,70.0,40.4296564,-3.7221249,3,37.0,1,0,0.0,23,365
3.0,26.0,40.405701698900586,-3.746093982381365,4,136.0,1,12,4.68,6,290
16.0,65.0,40.47389,-3.68473,4,113.0,7,8,2.29,3,297
11.0,70.0,40.4296564,-3.7221249,3,38.0,1,0,0.0,23,349
14.0,63.0,40.44909,-3.69421,4,89.0,1,2,0.52,87,277
11.0,70.0,40.4296564,-3.7221249,3,50.0,1,1,0.34,23,365
11.0,70.0,40.42966,-3.72213,3,37.0,1,3,0.7,23,349
11.0,70.0,40.4296564,-3.7221249,3,47.0,1,1,0.34,23,365
6.0,39.0,40.3959,-3.73307,4,90.0,1,4,1.3,7,355
17.0,61.0,40.410432290122735,-3.702853333090199,4,70.0,30,1,0.47,13,279
17.0,61.0,40.41055,-3.69819,3,76.0,1,20,4.72,4,247
16.0,65.0,40.47484,-3.68435,4,112.0,7,4,1.41,3,309
16.0,64.0,40.45631,-3.67679,4,112.0,3,9,2.09,1,303
3.0,12.0,40.38383985328717,-3.754515939819329,3,35.0,1,2,0.47,1,362
15.0,64.0,40.43335801095593,-3.703448239328819,4,117.0,30,1,1.0,1,247
16.0,59.0,40.44766194223737,-3.688127026622183,3,65.0,1,16,3.9,1,15
11.0,15.0,40.46404715165092,-3.714469224214554,4,95.0,4,21,5.63,2,239
14.0,65.0,40.4591094,-3.699102399999999,3,37.0,1,6,1.67,18,252
17.0,76.0,40.4099393,-3.7108712,4,139.0,5,13,3.05,5,35
17.0,61.0,40.41072066416452,-3.6977578896202448,4,80.0,1,1,1.0,181,267
17.0,61.0,40.40889,-3.69972,4,80.0,1,1,0.35,181,267
14.0,52.0,40.45600012550451,-3.706177642459378,3,59.0,1,4,1.06,1,361
17.0,77.0,40.422899356288085,-3.698551137257149,3,83.0,1,22,5.12,3,342
10.0,35.0,40.436730578689904,-3.6545281712287303,4,94.0,1,3,0.76,1,324
17.0,66.0,40.42385,-3.70163,3,80.0,3,2,0.5,1,294
17.0,66.0,40.421867311405336,-3.708382613515744,4,81.0,15,0,0.0,24,166
14.0,57.0,40.466976393423714,-3.7089267304470455,4,96.0,1,0,0.0,407,293
17.0,66.0,40.42499,-3.70375,4,143.0,3,16,3.84,1,2
1.0,13.0,40.3945817,-3.6259635,3,41.0,1,10,2.5,1,333
6.0,20.0,40.38381,-3.70553,4,80.0,1,7,1.96,2,253
6.0,39.0,40.39893,-3.72162,4,97.0,2,13,3.45,1,68
10.0,41.0,40.42027834626218,-3.63145068886938,3,58.0,7,0,0.0,1,75
17.0,77.0,40.41989703302375,-3.6993336561878905,4,145.0,2,13,3.45,141,241
17.0,61.0,40.41338423941213,-3.7074116617441177,4,125.0,1,4,3.53,2,289
17.0,66.0,40.42642,-3.70406,4,132.0,2,11,2.73,1,70
3.0,29.0,40.40943,-3.72394,3,39.0,3,0,0.0,3,348
17.0,79.0,40.41493,-3.70089,4,147.0,3,2,0.5,6,90
15.0,39.0,40.43303243501707,-3.713412417166418,3,49.0,1,23,5.66,3,337
8.0,48.0,40.3916,-3.66527,4,71.0,1,4,1.1,28,171
14.0,52.0,40.450207,-3.7048624,4,73.0,1,5,1.65,20,330
17.0,66.0,40.42665,-3.70614,4,124.0,1,7,2.96,2,249
13.0,60.0,40.40309,-3.69392,4,102.0,1,7,2.69,181,302
16.0,64.0,40.45637,-3.67558,3,50.0,5,1,0.29,17,356
17.0,77.0,40.42439,-3.69947,4,91.0,2,15,3.81,12,306
18.0,60.0,40.42639791465007,-3.665313694859044,4,78.0,3,5,1.65,3,194
17.0,66.0,40.42219590933624,-3.704622880962956,4,106.0,2,14,5.12,141,350
6.0,28.0,40.38700789307372,-3.7089225033036506,3,70.0,1,10,2.5,1,343
10.0,61.0,40.43863,-3.65128,4,105.0,2,0,0.0,1,18
17.0,80.0,40.41746,-3.70217,4,160.0,3,11,3.03,4,336
12.0,54.0,40.48083543493191,-3.646240470333089,3,52.0,13,0,0.0,3,74
8.0,48.0,40.38523067862985,-3.6679276296940735,4,112.0,2,4,1.21,1,244
17.0,61.0,40.41014982937959,-3.707482740283012,3,97.0,1,17,4.21,6,193
17.0,77.0,40.42621,-3.69832,4,123.0,1,3,1.02,23,84
3.0,11.0,40.39432548292347,-3.7410640595921327,3,49.0,2,19,4.6,5,316
18.0,73.0,40.42315,-3.67327,4,164.0,2,0,0.0,11,4
17.0,61.0,40.4104064845784,-3.701826247885136,4,81.0,2,6,1.86,31,148
6.0,32.0,40.3816182951089,-3.7030074023452753,4,51.0,2,9,2.55,31,167
17.0,61.0,40.40928,-3.70264,4,78.0,1,5,1.25,181,288
9.0,32.0,40.44234,-3.60997,3,115.0,1,0,0.0,1,363
9.0,45.0,40.44408219063554,-3.585192784667015,4,135.0,1,5,1.4,1,362
17.0,66.0,40.42956774814448,-3.711024882342648,4,147.0,1,4,1.32,28,357
17.0,66.0,40.42964027822647,-3.7113236625340105,4,157.0,1,4,1.22,28,349
17.0,66.0,40.42941926857424,-3.709717356450321,4,152.0,1,6,1.59,28,316
15.0,66.0,40.4332743107561,-3.710542368838648,4,151.0,1,2,0.54,28,334
15.0,66.0,40.434570999941,-3.70846438073055,4,162.0,1,3,0.91,28,349
15.0,66.0,40.43141,-3.71129,4,158.0,1,4,1.07,28,337
15.0,66.0,40.43156031771295,-3.711525224653287,4,143.0,1,5,1.44,28,333
17.0,66.0,40.42946331291662,-3.709984392819516,4,155.0,1,2,0.53,28,327
15.0,66.0,40.43142204248537,-3.711705559918489,4,152.0,1,4,1.13,28,353
15.0,66.0,40.43157944881416,-3.711013747811759,4,136.0,1,3,0.93,28,342
15.0,66.0,40.4313289960851,-3.711505889160764,4,154.0,1,2,0.57,28,347
15.0,66.0,40.4316160962434,-3.7109789266492768,4,142.0,1,3,0.79,28,334
8.0,41.0,40.40073466870951,-3.6621560936895534,4,86.0,1,13,3.25,1,248
7.0,33.0,40.37933,-3.63183,4,105.0,1,17,4.15,1,72
17.0,77.0,40.42397987515116,-3.698070901955784,4,94.0,1,4,1.17,1,312
18.0,73.0,40.42380901400029,-3.6758468455811903,4,87.0,5,0,0.0,63,329
18.0,73.0,40.4236740090472,-3.6759815660813455,4,116.0,7,1,0.31,63,274
18.0,68.0,40.43007373803462,-3.673450008676726,4,94.0,1,3,0.83,5,132
17.0,76.0,40.411450015507306,-3.7116027879423954,3,79.0,1,0,0.0,1,43
10.0,45.0,40.425192205553145,-3.6551890522241592,3,27.0,2,0,0.0,1,297
17.0,76.0,40.42272920216527,-3.7109142914414406,3,81.0,2,3,0.8,4,175
14.0,57.0,40.471545681813055,-3.70324680608472,4,118.0,3,5,2.59,7,339
18.0,63.0,40.4374842805158,-3.664618561685305,4,96.0,3,5,2.17,7,334
18.0,63.0,40.43873084634523,-3.665897554527268,4,135.0,3,4,1.71,7,330
12.0,54.0,40.5078,-3.65459,4,116.0,7,9,2.27,11,109
6.0,32.0,40.38766,-3.70017,3,53.0,1,26,7.29,2,326
6.0,28.0,40.38798,-3.70053,3,57.0,1,19,5.33,2,324
18.0,73.0,40.42790244156132,-3.678322434425354,3,56.0,1,1,0.25,1,256
15.0,66.0,40.43319043996925,-3.7050269683469694,4,90.0,7,6,1.53,22,76
6.0,42.0,40.3954,-3.71263,4,90.0,2,17,4.21,5,14
3.0,29.0,40.41329591425732,-3.7289511412382126,3,41.0,1,2,0.53,1,357
14.0,63.0,40.45404,-3.69209,4,116.0,7,3,0.89,36,365
17.0,61.0,40.40933,-3.69924,4,105.0,1,0,0.0,7,359
15.0,64.0,40.43548,-3.70417,4,90.0,30,2,0.8,2,223
17.0,61.0,40.41288,-3.70579,3,73.0,2,16,3.9,4,327
14.0,52.0,40.45294888795678,-3.7046413571166528,4,91.0,1,3,1.0,1,316
17.0,80.0,40.4191252644582,-3.701090749013325,4,143.0,1,18,4.82,8,291
17.0,76.0,40.42068,-3.70805,4,112.0,1,0,0.0,181,326
17.0,66.0,40.4225,-3.7076,4,83.0,1,0,0.0,181,326
15.0,39.0,40.43416,-3.71269,3,119.0,1,4,1.32,10,332
8.0,41.0,40.39363,-3.65955,3,51.0,2,26,6.5,4,78
8.0,37.0,40.39297,-3.65951,3,51.0,2,28,7.37,4,82
6.0,17.0,40.374179731311926,-3.742045756752936,3,41.0,1,0,0.0,1,365
8.0,41.0,40.39826396013426,-3.667472760609024,4,128.0,1,7,1.76,4,287
17.0,61.0,40.4079106,-3.6999866,4,120.0,4,7,1.79,1,73
11.0,15.0,40.47033,-3.72492,3,48.0,7,2,0.56,1,344
17.0,77.0,40.42430169177442,-3.7001541041898673,4,160.0,10,0,0.0,63,365
16.0,59.0,40.4478500269887,-3.673214062902653,4,95.0,2,20,4.96,1,138
12.0,54.0,40.484612920119176,-3.666733838742401,3,72.0,1,0,0.0,1,365
10.0,45.0,40.48275,-3.71628,4,94.0,3,1,0.33,27,226
17.0,61.0,40.41006004411246,-3.6977853985024383,4,91.0,3,12,3.83,10,230
17.0,61.0,40.4101499,-3.707482699999999,3,153.0,2,19,4.67,6,222
14.0,57.0,40.4638528,-3.703527,4,85.0,1,10,2.56,2,166
17.0,61.0,40.4074,-3.69908,4,83.0,30,0,0.0,272,365
17.0,80.0,40.41971,-3.70024,4,106.0,4,2,0.86,2,115
6.0,42.0,40.39675815207669,-3.7126875886649016,4,120.0,28,3,0.93,5,267
13.0,49.0,40.39579,-3.69623,4,93.0,7,9,3.0,1,157
15.0,66.0,40.43071,-3.71164,3,35.0,15,3,0.93,22,194
17.0,76.0,40.41934037597568,-3.709835536913156,4,68.0,30,0,0.0,2,325
18.0,82.0,40.42534,-3.68658,4,136.0,30,0,0.0,5,225
14.0,57.0,40.4673,-3.70008,4,89.0,1,13,3.42,2,150
10.0,53.0,40.4787457,-3.7043785,3,50.0,1,16,4.03,2,197
9.0,32.0,40.44749892847426,-3.608068339526653,3,42.0,1,15,3.72,2,328
14.0,50.0,40.4582752,-3.7047832,3,48.0,1,9,2.7,18,244
14.0,50.0,40.45828,-3.70478,3,54.0,1,2,0.67,18,237
16.0,73.0,40.408239459822205,-3.67884973476885,3,38.0,2,1,1.0,2,62
15.0,66.0,40.43441,-3.70899,4,162.0,1,5,1.29,28,341
8.0,10.0,40.3849651,-3.6714308,4,142.0,1,1,0.36,36,356
6.0,56.0,40.38041342426401,-3.6931068116257815,4,97.0,20,2,0.59,107,195
6.0,56.0,40.38191574962575,-3.6943664870652566,4,104.0,20,0,0.0,107,103
9.0,45.0,40.4416242,-3.5688573,4,76.0,4,3,0.92,13,284
15.0,67.0,40.44051,-3.69499,4,98.0,1,0,0.0,87,237
10.0,45.0,40.42551403877478,-3.652922565081793,4,129.0,2,2,2.0,1,315
15.0,39.0,40.43821,-3.71637,4,137.0,3,4,1.03,3,2
4.0,15.0,40.4524,-3.58484,3,50.0,1,4,1.32,2,63
4.0,40.0,40.476061,-3.580531,4,94.0,1,24,6.43,1,1
17.0,66.0,40.42454900080661,-3.704117473155146,3,58.0,2,22,5.59,1,215
17.0,77.0,40.42571249479924,-3.696917217305718,4,103.0,1,12,3.13,8,329
17.0,66.0,40.42036,-3.70315,3,136.0,1,2,0.61,31,140
17.0,76.0,40.42265,-3.71041,4,88.0,1,5,2.83,181,48
6.0,17.0,40.385338038873954,-3.732481594735192,4,61.0,3,4,1.24,2,305
14.0,63.0,40.44991057417634,-3.702395977546285,4,119.0,1,11,3.33,3,306
17.0,76.0,40.42128835961656,-3.7133118181849234,4,110.0,1,0,0.0,181,225
8.0,48.0,40.3963138,-3.6694739,3,26.0,6,5,1.27,5,175
2.0,1.0,40.40502509856987,-3.643190104620417,4,89.0,1,17,6.3,1,66
14.0,57.0,40.46339,-3.69792,4,68.0,5,1,0.46,63,336
2.0,23.0,40.413674920077135,-3.654262237415615,3,66.0,1,19,5.09,1,336
16.0,66.0,40.444275075809365,-3.672262083842468,4,113.0,7,1,0.36,2,345
17.0,77.0,40.421142554137205,-3.7007523731723215,3,140.0,1,14,3.47,22,223
14.0,52.0,40.454739185154,-3.7044064273859054,4,118.0,4,3,1.3,1,323
17.0,61.0,40.41054351161659,-3.698313613704507,3,48.0,4,1,0.29,3,203
10.0,47.0,40.43362159259657,-3.648587598552967,3,44.0,1,8,2.05,6,350
8.0,48.0,40.39365,-3.66649,4,85.0,2,2,0.55,2,317
13.0,84.0,40.40027377891089,-3.683623136032308,4,121.0,3,4,1.74,1,20
14.0,65.0,40.45862,-3.69373,4,98.0,1,1,0.59,407,344
14.0,50.0,40.4582752,-3.7047832,3,42.0,1,4,1.41,18,249
14.0,50.0,40.4582752,-3.7047832,3,50.0,1,4,1.3,18,245
7.0,33.0,40.37601,-3.62802,3,33.0,1,0,0.0,1,284
14.0,57.0,40.4642004,-3.7001659,4,66.0,2,6,1.55,1,42
17.0,61.0,40.40906270831988,-3.706101263110622,4,91.0,1,16,4.85,1,338
8.0,48.0,40.38555199604782,-3.66949126124382,3,56.0,30,7,1.86,1,42
16.0,70.0,40.4215593,-3.6793681,4,110.0,30,1,0.37,9,251
17.0,76.0,40.4224,-3.71169,3,118.0,1,5,1.65,22,152
4.0,40.0,40.47261186304155,-3.577033505356231,3,50.0,1,0,0.0,3,365
9.0,45.0,40.44403798423312,-3.5838587096744896,4,78.0,1,9,2.7,21,45
8.0,48.0,40.39306,-3.66484,3,45.0,1,10,4.29,1,272
8.0,48.0,40.3940833,-3.6704895,3,42.0,1,3,0.84,2,346
3.0,26.0,40.40754811176753,-3.748556234890345,3,24.0,1,15,4.05,3,246
14.0,57.0,40.46525006709911,-3.7018993304807424,3,35.0,1,27,7.57,1,329
15.0,64.0,40.42949474807696,-3.696629516780377,3,95.0,1,0,0.0,1,364
10.0,61.0,40.43923117089589,-3.646835417327164,4,144.0,3,4,1.88,1,54
6.0,42.0,40.39595,-3.70904,3,29.0,4,1,0.43,6,292
10.0,36.0,40.5062298,-3.6754065,4,90.0,1,9,2.37,1,134
14.0,71.0,40.47049,-3.69479,4,116.0,30,0,0.0,1,3
1.0,13.0,40.3954171276163,-3.6231198444607857,3,25.0,2,7,3.09,3,358
17.0,61.0,40.41077142955888,-3.706345776708347,3,28.0,3,8,3.75,13,3
15.0,66.0,40.43169,-3.71096,3,43.0,15,0,0.0,27,142
15.0,66.0,40.4319,-3.71005,3,38.0,15,1,0.47,27,136
17.0,79.0,40.41751,-3.69882,3,70.0,1,0,0.0,4,115
17.0,79.0,40.41751,-3.69882,3,70.0,1,0,0.0,4,111
17.0,79.0,40.41751,-3.69882,3,70.0,1,0,0.0,4,115
17.0,79.0,40.41751,-3.69882,3,70.0,1,4,1.69,4,108
15.0,66.0,40.43732929246566,-3.704428948746527,4,112.0,7,0,0.0,1,15
17.0,61.0,40.411013526614994,-3.706198237172741,3,26.0,3,9,3.86,1,6
17.0,66.0,40.42299640246607,-3.7070179900178193,3,46.0,1,2,2.0,54,118
17.0,66.0,40.42243241110872,-3.7087164731303455,3,42.0,1,0,0.0,54,173
17.0,66.0,40.42305,-3.70732,3,41.0,1,3,1.15,54,99
17.0,66.0,40.42225,-3.70856,3,46.0,1,1,1.0,54,147
17.0,66.0,40.42280529094912,-3.708581121214409,3,46.0,1,3,1.5,54,193
16.0,65.0,40.471240717180734,-3.687505786323539,3,32.0,1,4,1.58,54,225
16.0,65.0,40.47185,-3.68731,3,43.0,1,0,0.0,54,100
17.0,66.0,40.42491,-3.70773,3,43.0,1,8,2.05,2,175
16.0,84.0,40.46032,-3.68634,3,39.0,14,0,0.0,22,165
16.0,66.0,40.4413685,-3.6727111,4,122.0,1,9,2.37,19,288
6.0,8.0,40.36984999566814,-3.708540085851984,3,36.0,6,3,1.05,2,287
13.0,49.0,40.39696511664903,-3.698457045468503,4,97.0,1,13,3.45,14,318
3.0,10.0,40.37677,-3.77023,3,25.0,1,11,2.92,1,226
17.0,66.0,40.42653854259958,-3.708227723836899,3,96.0,1,6,1.96,4,335
17.0,66.0,40.42606229066241,-3.708709466074151,3,101.0,1,9,3.14,4,322
17.0,66.0,40.42565,-3.70839,3,102.0,2,11,5.5,4,323
3.0,29.0,40.40738773376465,-3.732031251426785,4,104.0,3,8,2.12,1,324
17.0,76.0,40.42244,-3.71045,3,105.0,1,9,2.81,22,77
18.0,68.0,40.43221407266709,-3.6727781830549673,4,135.0,1,3,0.82,1,349
14.0,57.0,40.4652982,-3.6957256,3,40.0,1,1,0.28,1,355
14.0,63.0,40.45553,-3.70083,4,90.0,28,1,0.38,10,155
17.0,61.0,40.407146415811496,-3.703070414365238,4,125.0,3,4,3.0,2,69
16.0,51.0,40.40692,-3.67421,3,128.0,1,0,0.0,18,360
16.0,51.0,40.40542,-3.6722,3,125.0,1,0,0.0,18,362
3.0,26.0,40.40578,-3.74918,3,31.0,1,17,4.55,3,79
10.0,47.0,40.4331,-3.65338,4,138.0,1,0,0.0,407,359
16.0,51.0,40.406635710393466,-3.6763156830996016,4,164.0,2,11,3.27,3,256
14.0,50.0,40.461824056051874,-3.702512651349088,4,97.0,1,21,5.38,2,355
17.0,66.0,40.42447,-3.70474,4,143.0,4,6,2.31,1,44
4.0,40.0,40.47448,-3.57756,3,50.0,10,0,0.0,6,141
16.0,51.0,40.40482,-3.6744,3,136.0,1,0,0.0,18,363
16.0,51.0,40.40538,-3.67397,3,125.0,1,0,0.0,18,365
14.0,63.0,40.4513052,-3.6980628,3,50.0,1,4,1.12,9,219
6.0,39.0,40.39403443290036,-3.7256302312016487,3,30.0,1,0,0.0,2,260
6.0,39.0,40.3939444,-3.7255262,3,30.0,1,0,0.0,2,317
14.0,63.0,40.45037,-3.69772,3,50.0,1,5,1.33,9,204
13.0,46.0,40.4006733,-3.6970733,4,110.0,1,2,0.71,19,336
8.0,48.0,40.39524,-3.66619,4,143.0,2,1,0.43,7,344
14.0,50.0,40.461943555193685,-3.7082986806303504,4,81.0,7,3,0.85,36,353
17.0,80.0,40.4140518,-3.7066181,4,131.0,2,6,1.73,1,221
10.0,45.0,40.48325,-3.71552,4,152.0,10,1,0.42,27,189
14.0,63.0,40.45073,-3.69907,3,50.0,1,2,0.53,9,191
18.0,82.0,40.42575,-3.68079,4,114.0,2,2,0.67,2,357
17.0,66.0,40.42363,-3.70764,3,118.0,1,1,0.51,120,353
14.0,63.0,40.45050642625717,-3.6987948366926178,3,80.0,1,3,0.83,9,208
14.0,63.0,40.45081,-3.69888,3,98.0,1,6,2.5,9,211
14.0,63.0,40.45014,-3.69729,3,50.0,1,2,0.83,9,214
14.0,63.0,40.45173347903891,-3.697013422570957,3,84.0,1,7,2.08,9,207
14.0,63.0,40.45241,-3.69832,3,84.0,1,3,0.79,9,206
14.0,63.0,40.450201890672496,-3.697752864511863,3,94.0,1,5,1.32,9,185
17.0,66.0,40.42183,-3.70652,3,120.0,1,3,1.3,120,349
10.0,41.0,40.42801,-3.64108,4,78.0,3,17,4.55,2,249
17.0,77.0,40.42112902779701,-3.700333745031054,4,143.0,2,2,0.6,1,2
15.0,64.0,40.43017991757168,-3.70346551965016,3,30.0,1,1,0.29,33,332
8.0,41.0,40.395157177714616,-3.6621855944395065,3,26.0,3,3,0.85,1,251
17.0,61.0,40.411557384331125,-3.7039693320736142,4,109.0,1,0,0.0,1,257
13.0,49.0,40.39696,-3.69676,3,66.0,2,0,0.0,2,65
16.0,64.0,40.4565267,-3.6801464,4,107.0,30,0,0.0,161,364
17.0,76.0,40.40930354059832,-3.7126174370091674,4,93.0,2,1,0.7,2,21
10.0,36.0,40.492678942352434,-3.696389330999314,4,100.0,1,5,1.35,28,358
6.0,45.0,40.3896284,-3.7298238,3,25.0,2,5,1.95,1,271
10.0,36.0,40.49202524736483,-3.694876086311589,4,88.0,1,9,2.39,28,341
17.0,61.0,40.4096,-3.70484,3,21.0,3,4,1.71,13,5
6.0,39.0,40.39136725571057,-3.733823373913765,3,39.0,1,4,1.13,1,240
17.0,77.0,40.42262,-3.69688,4,138.0,1,23,6.45,6,55
17.0,61.0,40.40958275728098,-3.709133568439925,3,77.0,1,0,0.0,3,365
17.0,61.0,40.410151522601794,-3.706750153621863,3,22.0,1,9,3.75,13,3
17.0,61.0,40.4096659236296,-3.706859218186954,3,24.0,3,6,2.47,13,4
15.0,64.0,40.43682574938643,-3.7039096044521456,4,154.0,1,4,1.3,52,305
11.0,15.0,40.46872,-3.71394,4,80.0,30,0,0.0,272,364
17.0,79.0,40.41650115721927,-3.6997436096658696,3,163.0,1,0,0.0,1,179
16.0,51.0,40.40455186513949,-3.675615738492293,4,131.0,2,4,1.35,3,325
16.0,80.0,40.40128,-3.66974,4,99.0,7,0,0.0,1,329
14.0,71.0,40.47174005995196,-3.688532920631505,4,72.0,30,0,0.0,272,364
10.0,45.0,40.42414382545403,-3.6557376695750974,4,105.0,10,6,1.76,9,64
14.0,52.0,40.44933,-3.70409,4,67.0,30,2,0.86,272,364
15.0,66.0,40.43013,-3.70951,4,153.0,1,0,0.0,28,332
6.0,22.0,40.37189,-3.74415,4,73.0,1,0,0.0,6,242
16.0,66.0,40.43881,-3.67559,3,18.0,30,0,0.0,215,259
16.0,66.0,40.43989,-3.67758,3,18.0,30,0,0.0,215,132
17.0,61.0,40.41209159257348,-3.699158362298895,4,90.0,2,4,1.12,1,32
17.0,76.0,40.41068196730561,-3.713990928809858,4,71.0,1,2,0.83,1,112
14.0,63.0,40.45124351909334,-3.699725401810784,4,142.0,1,4,1.21,181,342
10.0,45.0,40.42991079999999,-3.6523999,4,96.0,1,13,4.87,2,335
6.0,32.0,40.384189095649305,-3.703569918339428,1,46.0,1,4,1.1,5,355
16.0,64.0,40.45390404214107,-3.6892980481083018,4,135.0,1,1,0.3,1,329
11.0,15.0,40.4631,-3.71422,4,78.0,3,23,6.45,2,234
3.0,5.0,40.3973715,-3.7682971,3,57.0,1,5,1.4,2,68
6.0,28.0,40.3859853663044,-3.7096791341900826,3,28.0,10,0,0.0,1,133
17.0,66.0,40.42623481138533,-3.707885406911373,4,99.0,1,0,0.0,5,193
10.0,45.0,40.42896722868382,-3.649064035752957,4,125.0,3,13,3.79,2,90
17.0,61.0,40.4093054,-3.7045334,3,75.0,2,3,0.86,1,282
3.0,11.0,40.39717,-3.74014,3,27.0,1,9,2.67,7,77
6.0,32.0,40.38281,-3.70518,3,36.0,1,5,1.56,5,329
6.0,20.0,40.38347,-3.70572,1,46.0,1,3,1.05,5,349
8.0,10.0,40.38289,-3.67087,3,32.0,2,0,0.0,1,349
9.0,32.0,40.44675,-3.60861,3,41.0,1,25,7.01,2,329
10.0,45.0,40.42920642501704,-3.650680281530031,4,102.0,4,6,1.64,2,103
13.0,59.0,40.4082898,-3.7167504,3,56.0,1,1,0.28,1,90
3.0,11.0,40.39810226279779,-3.738984949886799,4,128.0,2,7,2.12,3,247
17.0,77.0,40.4248851,-3.6985488,4,95.0,1,2,0.62,24,260
17.0,61.0,40.40966417890672,-3.7042513920099434,4,78.0,3,6,2.22,14,298
17.0,66.0,40.42206,-3.70261,4,119.0,3,10,3.0,12,184
15.0,64.0,40.4298965983496,-3.703186351128268,3,46.0,1,39,10.93,2,97
18.0,73.0,40.4276442,-3.6772513,4,160.0,10,5,2.38,1,239
6.0,22.0,40.35977098934936,-3.762162132834065,3,47.0,1,0,0.0,1,365
8.0,10.0,40.38092,-3.66904,4,112.0,2,16,4.62,2,320
11.0,34.0,40.47118,-3.82453,3,46.0,1,6,2.12,1,332
6.0,56.0,40.37996331559427,-3.694331118936848,4,93.0,20,1,1.0,107,167
6.0,56.0,40.38123,-3.69481,4,106.0,20,1,0.7,107,166
17.0,77.0,40.4248851,-3.6985488,4,97.0,1,5,1.74,24,317
14.0,50.0,40.45845293817692,-3.70722570817398,4,98.0,4,1,0.31,63,327
6.0,56.0,40.37995881151806,-3.6929913955830425,4,103.0,20,0,0.0,107,118
17.0,77.0,40.42076912736282,-3.7000039604986874,3,151.0,1,2,2.0,7,355
10.0,41.0,40.42929,-3.63437,4,80.0,1,5,1.6,181,335
10.0,41.0,40.4273,-3.63591,4,78.0,1,3,1.5,181,338
6.0,56.0,40.37970593360685,-3.6933390480674015,4,91.0,20,1,1.0,107,161
17.0,77.0,40.4211460409175,-3.700084362433873,3,92.0,1,18,4.95,7,347
6.0,56.0,40.38195,-3.69435,4,98.0,20,0,0.0,107,140
17.0,66.0,40.422783,-3.707468,3,136.0,1,0,0.0,120,359
17.0,61.0,40.4134,-3.70585,3,49.0,2,5,1.65,4,353
10.0,41.0,40.42765081558041,-3.6356820027018175,4,77.0,1,2,0.71,181,335
10.0,41.0,40.42887985432512,-3.635511865545472,4,75.0,1,1,0.31,181,338
6.0,56.0,40.38178809337372,-3.6941455461095263,4,102.0,20,0,0.0,107,154
3.0,11.0,40.40296,-3.73895,4,72.0,2,0,0.0,1,60
9.0,32.0,40.44535602045339,-3.6129354535467217,3,60.0,1,2,0.57,2,351
8.0,41.0,40.40066,-3.66419,3,30.0,1,8,2.24,1,2
15.0,64.0,40.43057,-3.70272,4,137.0,1,0,0.0,3,258
17.0,77.0,40.4223441520523,-3.700527193006642,4,102.0,2,12,3.33,17,216
10.0,53.0,40.479267898829335,-3.7052619570561953,4,89.0,2,0,0.0,1,13
3.0,26.0,40.408272927769495,-3.743128042852781,4,76.0,1,4,1.56,1,110
6.0,32.0,40.38513,-3.70325,3,39.0,1,1,0.35,2,19
16.0,65.0,40.475765479517385,-3.685793183967888,4,120.0,7,2,2.0,3,330
14.0,57.0,40.46877820063557,-3.701468356801149,3,46.0,3,5,1.4,1,139
11.0,15.0,40.4707,-3.72409,3,38.0,1,1,0.28,1,245
13.0,60.0,40.40123,-3.6955,4,139.0,3,2,0.85,75,173
15.0,69.0,40.435933451329255,-3.693928686065464,3,28.0,30,0,0.0,215,257
15.0,69.0,40.43595585901653,-3.6949913397797256,3,26.0,30,0,0.0,215,257
15.0,69.0,40.43796113257231,-3.695579980157856,3,25.0,30,0,0.0,215,257
15.0,69.0,40.43592,-3.69427,3,28.0,30,0,0.0,215,257
14.0,57.0,40.4663787,-3.7047844,3,26.0,3,7,2.28,4,348
15.0,69.0,40.43631863943215,-3.695396231325798,3,27.0,30,0,0.0,215,257
15.0,69.0,40.4368,-3.69355,3,28.0,30,0,0.0,215,257
15.0,67.0,40.446183699003335,-3.702310003267231,4,149.0,1,1,0.37,54,48
14.0,65.0,40.45814,-3.69546,4,148.0,1,9,2.52,3,145
12.0,10.0,40.47996,-3.66215,3,36.0,1,23,6.7,1,1
14.0,50.0,40.461546824835615,-3.7036316383852688,4,113.0,3,0,0.0,13,318
18.0,73.0,40.4254541640878,-3.676104024776837,4,108.0,7,0,0.0,63,333
17.0,61.0,40.40740078116868,-3.6978381650369374,4,133.0,8,1,0.32,1,128
17.0,80.0,40.4148114,-3.7036534,3,98.0,2,2,2.0,12,334
16.0,84.0,40.46064,-3.68402,3,40.0,30,0,0.0,22,165
12.0,61.0,40.47191345038374,-3.647650937964052,4,94.0,2,0,0.0,41,365
3.0,12.0,40.38868876072083,-3.7601013109087935,3,32.0,1,0,0.0,1,361
8.0,41.0,40.39933,-3.66183,4,67.0,2,12,3.87,4,4
17.0,66.0,40.42455,-3.70614,3,57.0,1,4,1.2,1,61
8.0,41.0,40.40009015831107,-3.660278226698877,4,66.0,4,14,3.93,4,6
16.0,59.0,40.45115605168773,-3.6884040575506742,3,30.0,30,0,0.0,215,256
15.0,70.0,40.43937762964649,-3.714492462810208,4,152.0,1,1,1.0,292,313
16.0,59.0,40.44907047388273,-3.6901343800688418,3,28.0,30,0,0.0,215,256
17.0,66.0,40.4246249,-3.704466,4,115.0,30,1,0.43,1,365
16.0,59.0,40.44930288232351,-3.6889389725706816,3,25.0,30,0,0.0,215,256
16.0,59.0,40.44916188885172,-3.688643002918066,3,28.0,30,0,0.0,215,256
16.0,59.0,40.45137443709461,-3.68887237260928,3,31.0,30,0,0.0,215,256
16.0,78.0,40.41471294494976,-3.671648504715021,4,146.0,1,0,0.0,292,319
15.0,39.0,40.439093511989135,-3.7152581670419016,4,109.0,1,3,0.99,292,323
17.0,61.0,40.409,-3.70221,4,116.0,1,6,2.17,292,313
15.0,64.0,40.4294,-3.70249,3,67.0,5,2,0.55,27,162
13.0,55.0,40.39937657037071,-3.7040720568715737,4,99.0,1,9,2.93,292,278
15.0,39.0,40.43700558509383,-3.714646065947285,4,139.0,1,2,0.87,292,297
13.0,60.0,40.4024745,-3.6911289,4,52.0,1,0,0.0,92,271
12.0,54.0,40.48966078520417,-3.672120767906191,4,127.0,1,3,2.31,65,346
12.0,54.0,40.47333,-3.63297,4,144.0,2,0,0.0,41,360
17.0,66.0,40.42591,-3.7128,4,163.0,2,4,4.0,141,352
17.0,79.0,40.415242428967375,-3.701518562882297,3,162.0,1,5,1.92,92,342
14.0,63.0,40.44841212674884,-3.694997641868421,3,20.0,14,0,0.0,22,76
17.0,66.0,40.42036,-3.7029,4,80.0,1,0,0.0,28,322
17.0,76.0,40.42237873102472,-3.709835152656225,3,99.0,1,9,2.55,22,138
12.0,27.0,40.46778907492173,-3.63887102000516,3,164.0,1,0,0.0,1,363
17.0,61.0,40.40792,-3.70829,3,65.0,1,0,0.0,3,354
17.0,76.0,40.42225,-3.70955,3,104.0,1,3,0.83,22,256
17.0,66.0,40.42466,-3.70926,3,98.0,1,12,3.33,22,257
17.0,61.0,40.4091138,-3.7047479,4,116.0,4,0,0.0,2,169
12.0,54.0,40.48828790286438,-3.66568169934598,4,100.0,1,0,0.0,11,126
15.0,64.0,40.4327955222952,-3.699608390636835,4,65.0,1,5,1.67,38,283
17.0,66.0,40.42774756211484,-3.7080393307221553,4,142.0,14,2,0.67,8,302
15.0,39.0,40.43882738017584,-3.7145527272695817,4,152.0,1,2,0.74,292,200
1.0,13.0,40.401170342388006,-3.605645245242204,4,81.0,30,1,0.48,4,341
17.0,76.0,40.42084852923004,-3.708093341074401,3,43.0,1,3,3.0,38,169
17.0,76.0,40.4212,-3.70879,3,38.0,1,4,1.9,38,138
17.0,66.0,40.421,-3.70678,3,46.0,1,3,1.3,38,174
17.0,66.0,40.42296366063971,-3.7066599559181848,3,38.0,1,1,1.0,38,166
15.0,39.0,40.4390465506257,-3.716445950938819,4,139.0,1,0,0.0,292,208
15.0,39.0,40.43708,-3.7163,4,146.0,1,3,1.17,292,207
15.0,39.0,40.43905,-3.71645,4,146.0,1,2,0.83,292,219
15.0,39.0,40.43717325869102,-3.716361951440964,4,151.0,1,3,1.2,292,227
15.0,39.0,40.43773135659257,-3.714519357183109,4,146.0,1,3,1.15,292,189
15.0,39.0,40.43698,-3.71449,4,140.0,1,3,1.13,292,194
15.0,39.0,40.43773270703731,-3.7145867248104256,4,131.0,1,2,0.95,292,237
15.0,39.0,40.43885,-3.71643,4,124.0,1,4,1.58,292,241
15.0,39.0,40.4391232213986,-3.715913523210395,4,146.0,1,1,0.39,292,132
15.0,39.0,40.43881794767281,-3.7143174500423455,4,146.0,1,2,1.5,292,192
12.0,27.0,40.463826156203766,-3.648851971632418,4,80.0,14,1,1.0,36,359
18.0,63.0,40.43241,-3.66682,3,92.0,2,4,1.19,1,340
17.0,76.0,40.40961633063432,-3.7114053490737975,4,123.0,1,10,3.33,1,317
12.0,54.0,40.48683809589406,-3.6713907896254514,4,128.0,21,4,2.26,2,42
17.0,61.0,40.41058610079463,-3.6979367583990097,3,45.0,1,7,2.16,5,248
3.0,11.0,40.39784,-3.73938,3,47.0,1,3,3.0,7,94
16.0,59.0,40.44453406478122,-3.673831273753674,3,45.0,2,0,0.0,1,57
17.0,61.0,40.41047,-3.70115,4,143.0,20,0,0.0,33,143
17.0,77.0,40.42607743344981,-3.692962681799837,4,65.0,1,1,0.42,15,40
16.0,65.0,40.46693140010793,-3.685118699224788,4,84.0,1,1,1.0,1,349
17.0,61.0,40.410318375892885,-3.700177893115153,3,43.0,5,0,0.0,3,75
17.0,66.0,40.42273595789468,-3.7088840809509183,4,125.0,1,2,0.76,36,337
17.0,76.0,40.4220172,-3.7090772,4,137.0,1,10,2.94,36,329
17.0,76.0,40.4220172,-3.7090772,4,144.0,1,13,3.9,36,338
17.0,76.0,40.4220172,-3.7090772,4,149.0,1,9,3.21,36,328
17.0,76.0,40.4220172,-3.7090772,4,132.0,1,11,3.4,36,314
17.0,66.0,40.42845856325752,-3.705095238983631,3,41.0,1,0,0.0,1,59
14.0,57.0,40.4680477,-3.7027674,3,40.0,1,2,0.65,1,60
2.0,2.0,40.399464272706,-3.641319303034581,3,42.0,2,3,1.17,2,287
17.0,66.0,40.42427688764746,-3.710835999866548,3,104.0,1,6,1.76,22,69
13.0,49.0,40.3983594,-3.700579,3,57.0,3,1,0.34,2,306
9.0,5.0,40.418295890499714,-3.61551709576255,3,36.0,1,30,9.09,1,46
14.0,50.0,40.46087130454145,-3.701119741734688,4,62.0,2,3,1.18,12,348
6.0,8.0,40.371570255344,-3.708477399858193,3,41.0,6,3,1.22,1,339
6.0,25.0,40.3869248,-3.741570599999999,3,39.0,4,0,0.0,1,365
6.0,39.0,40.39733062976888,-3.733407966792584,3,38.0,1,18,5.51,1,305
6.0,45.0,40.396414264494254,-3.716754418738828,4,109.0,3,0,0.0,1,3
16.0,51.0,40.40442629961806,-3.6819367242025463,4,72.0,2,1,0.36,1,8
10.0,61.0,40.4371,-3.64866,3,80.0,1,0,0.0,1,365
6.0,22.0,40.35987,-3.75634,3,30.0,30,0,0.0,3,287
17.0,66.0,40.4289,-3.71021,4,116.0,14,2,0.74,8,330
17.0,66.0,40.42786982525541,-3.708113359543386,4,153.0,14,3,2.14,8,312
15.0,64.0,40.43041432927146,-3.6973884818503504,4,102.0,1,0,0.0,72,307
9.0,24.0,40.43141444711431,-3.628102872317901,3,33.0,1,0,0.0,38,337
9.0,24.0,40.43167,-3.62629,3,47.0,1,0,0.0,38,338
9.0,24.0,40.42943357379085,-3.6275218845787554,3,40.0,1,1,1.0,38,186
9.0,24.0,40.4296669010927,-3.626751211334692,3,37.0,1,0,0.0,38,319
16.0,59.0,40.44781365917099,-3.670693306822674,4,129.0,1,1,0.43,38,227
17.0,66.0,40.42316158707384,-3.7031699877692574,4,71.0,1,1,0.33,38,258
13.0,46.0,40.39725,-3.69433,4,49.0,1,8,2.89,38,320
11.0,18.0,40.42219,-3.72279,4,46.0,1,1,0.37,38,272
16.0,70.0,40.42021,-3.67632,4,105.0,1,0,0.0,72,271
17.0,66.0,40.426104051120575,-3.703472202124445,4,96.0,1,3,0.94,38,261
3.0,29.0,40.4058239,-3.7414604,3,42.0,1,1,1.0,2,323
1.0,13.0,40.40465,-3.60828,4,150.0,1,14,4.29,3,146
16.0,66.0,40.44321559999999,-3.6745218,3,55.0,1,4,4.0,6,335
17.0,61.0,40.41087,-3.70209,4,87.0,2,1,1.0,6,282
16.0,66.0,40.44294167534998,-3.673475627057292,3,55.0,1,2,2.0,6,235
16.0,66.0,40.44509126689645,-3.670839097393307,4,85.0,1,0,0.0,38,199
3.0,12.0,40.39102,-3.76353,3,40.0,2,8,2.82,1,334
17.0,80.0,40.41882,-3.7055,4,74.0,2,3,3.0,1,174
6.0,7.0,40.37188,-3.68747,3,25.0,1,10,3.26,2,114
14.0,65.0,40.46329,-3.69564,4,59.0,4,0,0.0,63,331
14.0,65.0,40.46176,-3.69722,4,60.0,4,1,1.0,63,309
14.0,57.0,40.46378176197546,-3.697903408389028,4,70.0,5,2,0.8,63,338
14.0,50.0,40.46030033215141,-3.706338333036357,4,107.0,4,0,0.0,63,346
3.0,12.0,40.38757,-3.75853,3,36.0,1,5,1.63,1,348
7.0,33.0,40.36523,-3.58461,4,86.0,7,0,0.0,63,358
18.0,73.0,40.42388398834071,-3.677798923607329,4,131.0,7,0,0.0,63,274
17.0,66.0,40.4257403,-3.7089323,4,76.0,30,1,1.0,1,306
3.0,12.0,40.39628,-3.76775,3,55.0,1,2,0.7,2,68
7.0,33.0,40.37454,-3.62346,4,69.0,2,7,2.14,7,64
9.0,31.0,40.4471,-3.62813,4,89.5,1,3,0.99,95,351
18.0,83.0,40.43760814856422,-3.682501384349578,4,107.0,1,0,0.0,72,227
17.0,79.0,40.41429,-3.7031,4,128.0,1,0,0.0,292,158
16.0,84.0,40.46504012924328,-3.676959021463343,3,32.0,1,2,0.73,23,290
16.0,84.0,40.46711,-3.6762,3,29.0,1,0,0.0,23,288
16.0,84.0,40.46478970309887,-3.674492110381627,3,27.0,1,0,0.0,23,350
16.0,84.0,40.466225748770746,-3.67529070793518,3,25.0,1,0,0.0,23,328
3.0,29.0,40.4058239,-3.7414604,3,28.0,1,1,1.0,2,342
16.0,84.0,40.465070022457176,-3.677072806887201,3,55.0,1,0,0.0,23,287
16.0,84.0,40.46477575559894,-3.67606859002492,3,35.0,1,1,0.43,23,208
16.0,84.0,40.4649718659412,-3.6757235955812906,3,32.0,1,1,1.0,23,241
16.0,84.0,40.46479,-3.67417,3,32.0,1,0,0.0,23,307
17.0,66.0,40.42338,-3.70072,4,49.0,1,0,0.0,38,313
14.0,65.0,40.4588,-3.69802,4,116.0,1,2,0.76,11,319
14.0,65.0,40.460622053490944,-3.698220418939679,4,142.0,1,3,1.06,11,333
17.0,66.0,40.4211594517778,-3.702838608598336,3,43.0,1,1,1.0,6,295
17.0,77.0,40.42536836655563,-3.6947155122677087,4,87.0,30,0,0.0,1,318
14.0,65.0,40.45858,-3.70011,4,117.0,1,1,0.41,11,330
17.0,76.0,40.4115924,-3.7091706,4,95.0,1,0,0.0,407,349
17.0,76.0,40.41058269820626,-3.710270886158966,4,113.0,1,0,0.0,407,235
17.0,76.0,40.41197,-3.71014,4,116.0,1,0,0.0,407,312
17.0,76.0,40.41113182137032,-3.710040120614515,4,110.0,1,0,0.0,407,314
17.0,61.0,40.4105199162269,-3.70805288884129,4,101.0,1,0,0.0,407,104
17.0,61.0,40.41114672320813,-3.708075448559995,4,113.0,1,0,0.0,407,267
14.0,65.0,40.458952122837545,-3.698003348790786,4,116.0,1,3,1.06,11,330
14.0,65.0,40.45843,-3.69795,4,132.0,1,3,1.18,11,327
14.0,65.0,40.46075597610609,-3.6981955846667502,4,114.0,1,4,1.4,11,323
16.0,84.0,40.46214,-3.68076,4,98.0,1,2,0.7,38,168
16.0,84.0,40.4621047872844,-3.681787053424823,4,85.0,1,0,0.0,38,198
16.0,65.0,40.46801,-3.68402,4,120.0,1,0,0.0,38,244
16.0,59.0,40.44716357611136,-3.6705930936145577,4,77.0,1,0,0.0,38,199
6.0,32.0,40.38475124790629,-3.705505070591044,3,38.0,1,0,0.0,5,351
9.0,32.0,40.43986,-3.61258,3,85.0,1,0,0.0,1,365
2.0,2.0,40.4010392,-3.642252,3,22.0,7,0,0.0,4,77
17.0,61.0,40.4068705,-3.7005407,4,65.0,30,0,0.0,4,255
17.0,80.0,40.42011,-3.70373,3,41.0,1,11,3.59,6,126
17.0,66.0,40.42151,-3.70389,3,45.0,1,15,5.7,6,262
17.0,66.0,40.42085,-3.70414,3,40.0,1,18,6.0,6,306
17.0,61.0,40.41124,-3.69935,4,69.0,1,16,5.33,1,329
14.0,65.0,40.4591094,-3.699102399999999,3,29.0,1,2,0.91,18,249
14.0,50.0,40.45841,-3.70572,4,71.0,5,0,0.0,63,298
14.0,50.0,40.45808,-3.70691,4,94.0,7,1,1.0,63,339
16.0,84.0,40.46707,-3.67587,1,18.0,1,0,0.0,23,365
16.0,84.0,40.46543688993865,-3.676331708272544,1,24.0,1,0,0.0,23,365
16.0,84.0,40.46686,-3.67373,1,21.0,1,0,0.0,23,40
17.0,61.0,40.41193519999999,-3.7042566,3,34.0,1,4,1.41,2,331
17.0,66.0,40.42931,-3.70437,3,57.0,2,8,3.04,1,43
16.0,84.0,40.465154977708565,-3.675932431980872,1,19.0,1,0,0.0,23,229
16.0,84.0,40.464730751416894,-3.675546228843932,1,21.0,1,0,0.0,23,38
16.0,84.0,40.46493715493225,-3.6769556048585135,1,23.0,1,0,0.0,23,63
8.0,41.0,40.4027,-3.6625,3,95.0,1,1,0.43,120,361
8.0,41.0,40.40212,-3.66368,3,105.0,1,4,1.4,120,360
16.0,84.0,40.46477,-3.67506,4,49.0,1,0,0.0,23,212
8.0,41.0,40.40419,-3.66254,3,93.0,1,10,3.33,120,362
16.0,84.0,40.46434,-3.67696,4,39.0,1,1,0.54,23,349
8.0,41.0,40.4023,-3.66355,3,97.0,1,1,1.0,120,337
9.0,32.0,40.44053,-3.60712,3,31.0,1,0,0.0,1,242
13.0,55.0,40.3979,-3.70968,4,90.0,5,0,0.0,13,252
17.0,61.0,40.409696816345935,-3.706238429175865,3,33.0,15,1,1.0,14,232
17.0,66.0,40.42056,-3.70319,4,135.0,2,14,5.53,141,180
17.0,77.0,40.42303,-3.69782,4,139.0,1,11,3.51,12,312
16.0,65.0,40.46915715158586,-3.686387540303055,4,95.0,1,0,0.0,38,167
14.0,50.0,40.45949,-3.70778,4,102.0,5,1,1.0,63,336
17.0,77.0,40.42553,-3.70041,3,79.0,2,22,7.5,1,47
18.0,63.0,40.43638,-3.67508,4,99.0,30,0,0.0,4,269
17.0,61.0,40.40910179999999,-3.704243,4,143.0,15,1,0.83,8,93
18.0,68.0,40.42903,-3.67296,3,157.0,1,1,0.68,10,339
18.0,73.0,40.42769922266525,-3.67239808994454,3,134.0,1,1,1.0,10,311
3.0,5.0,40.39618,-3.76953,4,60.0,25,0,0.0,1,141
8.0,10.0,40.3789643,-3.6687885,3,57.0,1,7,2.1,2,338
8.0,10.0,40.37896,-3.66879,3,46.0,1,8,2.4,2,342
6.0,11.0,40.383595268395794,-3.7280570025773554,3,34.0,1,5,1.5,2,272
18.0,82.0,40.42765144529809,-3.6816020725316494,3,120.0,4,6,2.12,1,55
15.0,39.0,40.43541327168224,-3.7138209246461154,3,128.0,1,4,1.67,10,343
17.0,80.0,40.4162049,-3.7016184,4,145.0,3,4,1.38,13,48
3.0,29.0,40.41302,-3.72896,4,112.0,2,1,1.0,1,63
11.0,70.0,40.42058,-3.71615,3,50.0,1,0,0.0,8,107
11.0,70.0,40.42058,-3.71615,3,50.0,1,14,6.77,8,4
11.0,70.0,40.42058,-3.71615,3,50.0,1,2,2.0,8,90
11.0,70.0,40.42058,-3.71615,3,50.0,1,0,0.0,8,112
11.0,70.0,40.42058,-3.71615,3,50.0,1,0,0.0,8,109
6.0,32.0,40.3878528,-3.6986425,4,120.0,3,0,0.0,11,30
17.0,61.0,40.40856,-3.69732,3,86.0,1,1,0.3,7,355
10.0,45.0,40.43093875418951,-3.654589263341229,4,142.0,1,11,3.63,1,296
11.0,70.0,40.42223191208802,-3.714877141415009,4,130.0,1,2,0.71,38,268
16.0,65.0,40.47194242827268,-3.685481052837023,3,45.0,1,0,0.0,38,119
17.0,61.0,40.40782,-3.69998,4,96.0,14,2,0.75,1,30
14.0,71.0,40.47344501367175,-3.6878858506679535,3,71.0,1,3,0.91,2,358
17.0,61.0,40.40979,-3.70164,4,146.0,4,12,4.5,28,76
10.0,41.0,40.431826860298045,-3.643967745992333,3,8.0,2,1,0.38,2,27
5.0,35.0,40.34657,-3.69022,3,35.0,1,0,0.0,1,365
17.0,61.0,40.4091138,-3.7047479,4,114.0,4,0,0.0,2,169
14.0,52.0,40.4538038,-3.709183699999999,3,44.0,1,22,6.88,53,35
14.0,52.0,40.4538038,-3.709183699999999,3,51.0,1,28,8.94,53,31
14.0,52.0,40.4538038,-3.709183699999999,3,53.0,1,29,9.35,53,33
14.0,52.0,40.4538038,-3.709183699999999,3,43.0,1,23,7.26,53,35
14.0,52.0,40.4538038,-3.709183699999999,3,51.0,1,22,7.17,53,29
9.0,32.0,40.44625,-3.61193,3,45.0,1,3,0.91,2,365
6.0,45.0,40.39131,-3.72396,3,45.0,2,0,0.0,1,327
15.0,69.0,40.43610470542687,-3.699088767170906,4,73.0,7,0,0.0,1,94
15.0,66.0,40.43386,-3.70958,3,70.0,10,0,0.0,27,135
17.0,61.0,40.41132,-3.70073,4,106.0,3,6,1.88,75,190
13.0,46.0,40.394885238582006,-3.694482408463955,3,35.0,1,3,0.91,1,256
15.0,64.0,40.43403,-3.69969,3,75.0,2,0,0.0,2,146
16.0,78.0,40.40794,-3.67627,4,105.0,7,1,0.39,1,17
16.0,66.0,40.44461,-3.66747,4,125.0,30,1,1.0,62,339
15.0,67.0,40.44447,-3.70134,4,84.0,30,2,1.05,272,365
18.0,82.0,40.42114,-3.68436,4,155.0,7,1,1.0,1,47
8.0,48.0,40.3867282,-3.6691016,3,39.0,1,0,0.0,1,365
10.0,36.0,40.51445,-3.67257,4,68.0,4,0,0.0,63,338
10.0,36.0,40.51269194983388,-3.678469323949893,4,79.0,5,2,1.03,63,331
10.0,44.0,40.51398,-3.67933,4,68.0,4,1,1.0,63,336
17.0,79.0,40.41219780000001,-3.6941512,4,79.0,3,2,0.98,1,239
17.0,66.0,40.42116,-3.70612,4,125.0,2,22,6.88,1,232
17.0,77.0,40.42384029999999,-3.6956844,4,99.0,4,10,3.3,11,288
17.0,66.0,40.42082324960991,-3.701956942327884,4,158.0,1,0,0.0,20,202
10.0,45.0,40.483308888479776,-3.7154105852656847,4,139.0,3,2,0.91,27,218
7.0,33.0,40.36434,-3.58506,4,95.0,7,0,0.0,63,358
12.0,10.0,40.48036,-3.65945,3,45.0,1,10,3.37,1,345
12.0,61.0,40.47223,-3.65339,3,33.0,1,22,8.05,1,316
10.0,36.0,40.4966759,-3.6901937,4,68.0,1,1,0.33,1,335
16.0,80.0,40.4006355,-3.6721536,4,96.0,14,3,1.17,23,352
7.0,33.0,40.36385,-3.58308,4,102.0,7,1,0.46,63,271
14.0,57.0,40.46327,-3.69764,4,80.0,5,1,1.0,63,351
15.0,64.0,40.43409380205281,-3.700160119207645,3,114.0,1,0,0.0,1,359
15.0,66.0,40.43121051888427,-3.707033134996891,3,68.0,1,1,1.0,1,311
15.0,64.0,40.429847609554685,-3.69688380740967,4,90.0,4,0,0.0,30,103
17.0,61.0,40.4090926,-3.699013,4,68.0,2,7,2.16,1,35
12.0,54.0,40.50641,-3.65501,4,155.0,7,13,4.24,11,45
17.0,79.0,40.41484,-3.70025,4,114.0,1,3,1.25,4,120
17.0,66.0,40.42141,-3.7065,4,163.0,2,0,0.0,16,342
6.0,42.0,40.39347,-3.70866,3,58.0,10,0,0.0,1,365
6.0,11.0,40.38309742913796,-3.729133582574633,3,44.0,2,12,4.29,2,337
15.0,66.0,40.43748,-3.7046,4,140.0,10,0,0.0,1,8
6.0,8.0,40.36633,-3.70659,4,93.0,3,0,0.0,3,363
17.0,66.0,40.4248313,-3.7047946,4,114.0,1,8,2.89,6,74
14.0,63.0,40.45389,-3.70035,4,48.0,2,4,1.69,1,6
6.0,45.0,40.38736,-3.72192,4,121.0,4,2,1.25,46,77
17.0,61.0,40.41031,-3.70263,4,125.0,2,0,0.0,1,338
16.0,51.0,40.40498,-3.67998,4,125.0,7,0,0.0,1,79
14.0,65.0,40.46208,-3.69732,4,62.0,4,0,0.0,63,315
13.0,49.0,40.39386,-3.69673,4,91.0,1,0,0.0,54,337
7.0,33.0,40.36439,-3.58431,4,94.5,7,0,0.0,63,335
11.0,47.0,40.46066,-3.77833,4,116.0,7,0,0.0,5,365
14.0,63.0,40.45334,-3.70054,4,125.0,28,1,0.67,10,273
7.0,33.0,40.37785,-3.63354,4,84.0,1,4,1.64,8,351
6.0,45.0,40.39225,-3.72041,4,115.0,1,0,0.0,1,198
17.0,61.0,40.4103,-3.70342,4,69.0,30,0,0.0,272,335
17.0,77.0,40.42371,-3.69819,4,89.0,2,3,3.0,1,225
12.0,61.0,40.47171403696953,-3.647677983796546,4,94.0,2,0,0.0,41,363
17.0,76.0,40.41015,-3.70989,4,85.0,1,0,0.0,24,348
17.0,61.0,40.41013476743807,-3.697309456765652,4,120.0,10,4,1.76,1,221
12.0,61.0,40.47218,-3.64816,4,94.0,2,0,0.0,41,365
17.0,80.0,40.41529,-3.7055,3,89.0,5,0,0.0,6,260
18.0,68.0,40.43327,-3.67391,4,87.0,1,1,0.42,1,14
14.0,65.0,40.4591094,-3.699102399999999,3,29.0,1,6,1.94,18,259
17.0,66.0,40.42629,-3.71016,3,88.0,2,1,0.36,1,348
3.0,12.0,40.39438,-3.74279,3,46.0,2,10,4.29,5,301
10.0,35.0,40.44418,-3.65329,4,102.0,7,2,1.2,2,57
13.0,49.0,40.39531900821072,-3.6955296318462905,4,98.0,2,0,0.0,1,365
14.0,52.0,40.45313246921501,-3.7049175441849913,4,72.0,1,1,0.73,54,226
8.0,41.0,40.39493117089764,-3.662485826720394,4,51.0,1,4,2.79,181,303
10.0,61.0,40.43264,-3.65817,4,129.0,1,0,0.0,3,355
6.0,22.0,40.36822,-3.74567,3,89.0,1,9,3.21,1,341
15.0,66.0,40.4305856,-3.7091895,4,54.0,3,9,3.1,22,261
17.0,76.0,40.41591906380828,-3.712368345054071,3,159.0,1,6,1.89,9,360
9.0,32.0,40.4390298,-3.6075478,4,63.0,2,3,1.34,16,182
9.0,32.0,40.4390298,-3.6075478,4,63.0,2,2,0.95,16,218
17.0,77.0,40.42526356653348,-3.7004570280767615,4,100.0,1,2,0.71,181,184
13.0,60.0,40.404188121338265,-3.692706801852412,4,116.0,2,15,5.06,4,99
16.0,30.0,40.4095382,-3.6693628,4,139.0,15,3,3.0,9,66
17.0,79.0,40.41528452141409,-3.701418211639405,4,112.0,2,7,2.88,16,52
9.0,32.0,40.43622,-3.60991,3,34.0,1,13,4.24,1,82
9.0,32.0,40.4390298,-3.6075478,4,68.0,2,2,1.11,16,212
9.0,32.0,40.4390298,-3.6075478,4,68.0,2,4,1.69,16,183
6.0,32.0,40.3841,-3.70364,3,33.0,1,0,0.0,4,342
6.0,32.0,40.38419437289414,-3.703537019689374,3,38.0,1,0,0.0,4,330
11.0,47.0,40.45919,-3.77847,4,100.0,7,0,0.0,5,344
11.0,70.0,40.42143,-3.71482,4,108.0,1,10,3.85,292,342
17.0,80.0,40.4147139,-3.7031572,4,149.0,1,6,2.17,1,82
11.0,47.0,40.46030046137768,-3.778118548379573,4,120.0,7,0,0.0,5,365
17.0,76.0,40.41577,-3.71036,3,111.0,1,6,2.0,9,347
8.0,41.0,40.39833404558328,-3.666199281099682,4,78.0,1,1,1.0,54,201
10.0,45.0,40.43093,-3.65913,4,106.0,1,0,0.0,54,288
10.0,61.0,40.43317,-3.65958,3,62.0,1,0,0.0,1,364
15.0,70.0,40.44692,-3.70668,4,121.0,1,5,1.97,43,338
15.0,70.0,40.44677,-3.70502,4,121.0,1,0,0.0,43,351
1.0,6.0,40.40622,-3.6078,3,36.0,2,0,0.0,1,256
17.0,61.0,40.41336,-3.70411,3,149.0,5,0,0.0,6,271
17.0,80.0,40.41562,-3.70485,3,77.0,5,1,0.37,6,264
17.0,76.0,40.4162615198093,-3.711947529593025,3,163.0,1,5,2.27,9,342
17.0,80.0,40.41557,-3.70498,3,110.0,5,0,0.0,6,271
17.0,61.0,40.41332,-3.70353,3,130.0,5,0,0.0,6,271
11.0,47.0,40.45864,-3.77906,4,112.0,7,0,0.0,5,365
11.0,47.0,40.45901985304679,-3.779399288576893,4,120.0,7,0,0.0,5,365
15.0,67.0,40.44628,-3.70131,3,53.0,1,9,3.07,11,334
17.0,66.0,40.42295,-3.70445,3,43.0,1,3,3.0,6,117
17.0,66.0,40.421190005028734,-3.702578710149888,3,41.0,1,12,3.87,6,82
17.0,66.0,40.42274,-3.70372,3,43.0,1,9,3.14,6,120
17.0,66.0,40.42092,-3.70212,3,30.0,1,17,5.54,6,139
17.0,66.0,40.42156,-3.70366,3,54.0,1,18,5.93,6,315
17.0,66.0,40.42212,-3.70301,3,39.0,1,13,4.48,6,320
17.0,61.0,40.40863,-3.69713,3,119.0,1,1,0.33,3,364
13.0,49.0,40.39563,-3.69837,3,56.0,2,5,1.72,2,287
17.0,66.0,40.42273017228714,-3.706553514921763,4,121.0,20,0,0.0,2,264
17.0,76.0,40.41295,-3.70763,4,85.0,1,10,3.7,2,106
17.0,66.0,40.4215824,-3.7026425,4,84.0,2,2,0.7,1,47
17.0,80.0,40.416498963653055,-3.702111926458733,4,132.0,4,4,1.74,13,111
6.0,39.0,40.39307117789812,-3.7257309118999538,3,45.0,1,6,2.09,1,315
17.0,77.0,40.421840628852415,-3.6983824401872343,4,115.0,1,0,0.0,6,66
3.0,11.0,40.40098,-3.73753,3,38.0,2,0,0.0,1,79
3.0,29.0,40.412,-3.72897,3,28.0,20,0,0.0,5,348
6.0,17.0,40.38641,-3.73286,3,51.0,1,0,0.0,1,362
6.0,39.0,40.39598,-3.73095,4,129.0,4,5,2.17,43,356
1.0,6.0,40.40597,-3.60477,4,72.0,3,2,0.71,6,330
15.0,66.0,40.43089,-3.70942,4,151.0,1,6,2.07,28,344
15.0,64.0,40.43302384608414,-3.703259019483882,4,140.0,3,1,0.35,2,350
8.0,41.0,40.39676,-3.66215,4,70.0,1,16,5.33,10,340
17.0,61.0,40.41052,-3.7017,4,73.0,1,12,4.24,10,324
12.0,54.0,40.48541176313645,-3.667744472622872,4,99.0,30,0,0.0,1,358
14.0,52.0,40.44818,-3.70564,3,18.0,6,1,1.0,2,46
17.0,66.0,40.42377464294103,-3.703021556138992,4,134.0,1,12,4.24,13,84
17.0,61.0,40.40577,-3.70644,4,9.0,7,0,0.0,36,350
13.0,59.0,40.4009432,-3.7200252,4,126.0,10,0,0.0,1,282
17.0,76.0,40.41133,-3.70855,3,139.0,2,9,5.09,6,190
14.0,71.0,40.47029,-3.69983,3,37.0,1,1,0.35,2,331
9.0,45.0,40.44815334795939,-3.6009885580561605,3,66.0,1,12,4.19,1,14
16.0,59.0,40.44125,-3.68257,4,143.0,1,18,6.92,9,70
12.0,27.0,40.4636,-3.64861,3,40.0,1,0,0.0,5,339
3.0,11.0,40.40838,-3.72379,3,55.0,30,0,0.0,1,249
3.0,26.0,40.4035131,-3.7566,3,27.0,1,1,0.38,1,365
9.0,31.0,40.442715526004434,-3.63700301534424,4,67.0,2,2,2.0,16,65
9.0,31.0,40.4427686,-3.6369601,4,94.0,2,9,3.86,16,211
12.0,61.0,40.47489,-3.64713,4,100.0,1,1,1.0,1,337
10.0,41.0,40.43484,-3.63833,3,33.0,1,0,0.0,1,361
9.0,32.0,40.4390298,-3.6075478,4,68.0,2,1,0.47,16,234
9.0,32.0,40.4390298,-3.6075478,4,68.0,2,2,0.85,16,220
10.0,41.0,40.43597,-3.63728,4,75.0,9,0,0.0,1,365
17.0,61.0,40.41269949894486,-3.7075115793299993,4,99.0,3,3,1.07,1,75
1.0,13.0,40.40491,-3.60895,4,143.0,1,10,4.23,1,121
17.0,66.0,40.42096101902419,-3.7019424665260896,4,107.0,1,0,0.0,407,287
17.0,66.0,40.420800960695225,-3.703858779150661,4,89.0,1,0,0.0,407,318
17.0,66.0,40.42307817223378,-3.701818202967032,4,99.0,1,0,0.0,407,274
17.0,66.0,40.42082,-3.70176,4,143.0,1,0,0.0,407,10
17.0,66.0,40.42268,-3.70235,4,89.0,1,0,0.0,407,103
17.0,66.0,40.4214,-3.70175,4,143.0,1,0,0.0,407,103
17.0,66.0,40.42107,-3.70318,4,102.0,1,0,0.0,407,253
17.0,66.0,40.4226560363192,-3.703040495901678,4,102.0,1,1,0.73,407,261
17.0,66.0,40.42081,-3.70227,4,140.0,1,0,0.0,407,132
17.0,66.0,40.42267,-3.70182,4,95.0,1,0,0.0,407,273
17.0,66.0,40.42085527523223,-3.703259106145095,4,101.0,1,0,0.0,407,306
17.0,66.0,40.42271185083101,-3.702292035661601,4,95.0,1,0,0.0,407,103
16.0,66.0,40.44709,-3.66331,4,107.0,1,0,0.0,292,346
11.0,47.0,40.45870652577717,-3.7789918309227217,4,75.0,7,0,0.0,63,341
18.0,60.0,40.42444,-3.66711,3,49.0,1,3,1.06,1,255
9.0,32.0,40.43903,-3.60755,4,63.0,2,2,0.87,16,217
6.0,45.0,40.39462504151274,-3.7203399091959,3,84.0,1,3,1.1,1,333
17.0,77.0,40.42051,-3.69735,4,88.0,1,7,2.53,2,89
15.0,66.0,40.43541594406472,-3.7068038061261177,4,162.0,1,1,0.38,13,164
14.0,63.0,40.45161,-3.70236,4,80.0,15,1,1.0,1,194
17.0,79.0,40.41138,-3.69471,4,131.0,2,2,2.0,12,81
14.0,50.0,40.4618668,-3.7043415,3,53.0,1,22,8.8,53,30
6.0,11.0,40.38283,-3.72821,4,73.0,30,1,0.53,272,365
14.0,50.0,40.4618668,-3.7043415,3,51.0,1,17,6.89,53,28
14.0,50.0,40.4618668,-3.7043415,3,57.0,1,18,7.4,53,33
14.0,50.0,40.4618668,-3.7043415,3,46.0,1,20,8.11,53,14
14.0,50.0,40.4618668,-3.7043415,3,52.0,1,16,8.14,53,34
11.0,47.0,40.45861257611507,-3.778723880584285,4,70.0,3,2,2.0,63,339
14.0,50.0,40.4618668,-3.7043415,3,48.0,1,17,6.8,53,36
11.0,47.0,40.45907383409456,-3.778655853961496,4,73.0,4,0,0.0,63,332
11.0,47.0,40.46054,-3.78025,4,70.0,7,0,0.0,63,343
13.0,49.0,40.3934,-3.69657,4,66.0,30,1,0.55,272,365
11.0,47.0,40.458826822409634,-3.7783505877980414,4,86.0,7,0,0.0,63,330
14.0,63.0,40.45326539681366,-3.694332405762308,4,141.0,1,3,1.36,38,1
9.0,32.0,40.4390298,-3.6075478,4,63.0,2,1,0.56,16,200
10.0,41.0,40.42165186129616,-3.631926541773991,4,82.0,1,4,1.97,4,328
16.0,59.0,40.44800808898683,-3.6728509044766513,4,65.0,1,0,0.0,38,77
17.0,66.0,40.4236333,-3.708172999999999,4,139.0,2,1,1.0,1,355
14.0,52.0,40.44728,-3.70533,4,144.0,2,10,5.08,141,331
15.0,39.0,40.43401,-3.71311,3,56.0,3,3,3.0,7,339
15.0,39.0,40.43248,-3.71442,3,23.0,5,1,1.0,7,329
14.0,63.0,40.44776,-3.70355,4,143.0,2,8,3.93,141,335
14.0,52.0,40.44716,-3.70511,4,128.0,2,5,2.34,141,347
2.0,2.0,40.4069004,-3.6591817,3,120.0,1,0,0.0,8,258
15.0,64.0,40.42921,-3.70183,4,122.0,1,0,0.0,1,65
8.0,41.0,40.399114221922886,-3.6646141161097536,4,63.0,1,7,3.44,6,2
17.0,77.0,40.42374,-3.69844,4,108.0,2,2,0.71,2,316
17.0,80.0,40.42026,-3.70581,3,62.0,1,1,0.34,2,359
2.0,2.0,40.4069,-3.65918,3,120.0,1,0,0.0,8,240
12.0,27.0,40.4592,-3.64685,3,56.0,1,1,0.56,181,307
2.0,2.0,40.4069004,-3.6591817,3,127.0,1,0,0.0,8,267
10.0,41.0,40.43211,-3.63907,4,107.0,1,13,4.64,28,328
2.0,2.0,40.4069,-3.65918,3,118.0,1,0,0.0,8,255
2.0,2.0,40.4069004,-3.6591817,3,116.0,1,0,0.0,8,225
2.0,2.0,40.4069004,-3.6591817,3,116.0,1,0,0.0,8,260
14.0,57.0,40.46761,-3.70961,4,94.0,1,0,0.0,407,20
17.0,66.0,40.4217,-3.70506,4,100.0,1,8,3.75,1,58
2.0,2.0,40.4069004,-3.6591817,3,116.0,1,0,0.0,8,261
2.0,2.0,40.4069,-3.65918,3,119.0,1,0,0.0,8,227
17.0,79.0,40.41665,-3.70039,4,127.0,3,2,0.71,6,101
17.0,61.0,40.41223,-3.70286,4,150.0,3,8,3.33,29,302
6.0,39.0,40.3891272,-3.7327719,4,89.0,1,0,0.0,1,76
17.0,77.0,40.42144079312939,-3.697506058926639,4,141.0,2,9,3.25,11,45
14.0,65.0,40.46476842105759,-3.6934735280675177,4,146.0,1,2,1.28,23,92
17.0,77.0,40.4202,-3.69702,4,129.0,1,0,0.0,23,87
18.0,68.0,40.42962074276661,-3.677224057931143,4,138.0,30,0,0.0,2,267
18.0,60.0,40.42924,-3.66083,4,118.0,4,3,1.15,11,131
12.0,54.0,40.45460526980235,-3.6480182156346586,4,137.0,1,5,2.24,65,346
6.0,28.0,40.38755,-3.70526,4,64.0,1,15,5.36,20,44
14.0,63.0,40.4544314,-3.701384599999999,4,85.0,28,0,0.0,10,106
15.0,66.0,40.43129,-3.7081,4,126.0,3,0,0.0,2,29
17.0,66.0,40.42607,-3.70319,4,153.0,3,5,2.14,1,102
17.0,61.0,40.41005,-3.69491,3,44.0,2,2,0.76,1,40
11.0,70.0,40.426179019563534,-3.7166501561972978,4,136.0,1,1,0.48,38,45
17.0,61.0,40.40757,-3.70342,4,92.0,1,4,1.69,1,126
12.0,54.0,40.48553878888694,-3.617827332541406,4,88.0,1,0,0.0,407,319
15.0,64.0,40.43550286368652,-3.701081134655352,4,149.0,1,2,2.0,5,346
17.0,61.0,40.41279,-3.70451,3,73.0,1,35,12.65,4,245
14.0,52.0,40.45236,-3.71047,3,41.0,15,2,0.94,1,286
8.0,41.0,40.39911,-3.66317,3,57.0,1,6,2.61,28,349
10.0,41.0,40.42861,-3.63654,4,86.0,1,5,2.11,181,332
10.0,41.0,40.42761,-3.63458,4,76.0,1,1,1.0,181,332
16.0,51.0,40.40396026065671,-3.6744930620534726,3,87.0,1,0,0.0,1,358
15.0,66.0,40.4378,-3.71057,3,115.0,1,0,0.0,2,364
6.0,20.0,40.3809331,-3.7062211,4,109.0,3,11,4.18,4,335
14.0,57.0,40.47082,-3.70321,4,115.0,1,1,1.0,292,339
17.0,66.0,40.42548,-3.70456,4,144.0,1,3,1.17,1,345
5.0,44.0,40.34274,-3.70999,4,90.0,1,2,1.62,28,319
11.0,70.0,40.42058,-3.71615,3,50.0,1,1,1.0,8,111
10.0,41.0,40.42941,-3.64508,4,75.0,30,1,0.65,272,347
5.0,44.0,40.3334364,-3.7027812,4,91.0,2,3,1.3,19,283
16.0,80.0,40.400513270610446,-3.668672723942561,3,96.0,1,0,0.0,19,203
9.0,32.0,40.44781,-3.61072,3,103.0,1,0,0.0,120,354
16.0,80.0,40.39962,-3.66936,4,100.0,1,1,0.83,19,226
16.0,80.0,40.400513270610446,-3.668678088360591,4,107.0,1,0,0.0,19,244
16.0,80.0,40.40050918543167,-3.668683452778621,4,106.0,1,0,0.0,19,222
16.0,80.0,40.40050101507329,-3.66869418161468,4,106.0,1,0,0.0,19,225
16.0,80.0,40.40048058917307,-3.668678088360591,4,104.0,1,1,1.0,19,230
16.0,80.0,40.40048875953392,-3.668672723942561,4,105.0,1,2,1.54,19,238
15.0,69.0,40.42919439962861,-3.693303671459564,4,69.0,30,1,0.67,272,365
17.0,61.0,40.41221,-3.70486,4,82.0,2,10,4.17,5,157
14.0,63.0,40.45615,-3.69504,4,98.0,1,1,1.0,38,293
15.0,69.0,40.42773,-3.69386,4,69.0,30,0,0.0,272,365
7.0,33.0,40.36436672549104,-3.5929721133322645,3,34.5,2,0,0.0,1,358
10.0,45.0,40.42339,-3.64936,4,103.0,1,0,0.0,1,344
1.0,13.0,40.40003,-3.62119,3,50.0,1,1,0.42,1,197
17.0,79.0,40.4124,-3.69708,4,118.0,2,6,2.5,141,343
11.0,70.0,40.42133394733993,-3.716967136177664,4,114.0,2,2,2.0,1,64
18.0,60.0,40.4239750024511,-3.665827363729477,4,80.0,9,0,0.0,1,180
8.0,12.0,40.38842317694879,-3.6481425538659096,3,38.0,1,0,0.0,1,365
12.0,61.0,40.46926534267538,-3.650461116599701,3,54.0,1,8,3.33,2,291
4.0,57.0,40.48799,-3.61236,3,85.0,1,1,0.91,1,76
3.0,12.0,40.39176,-3.74261,3,38.0,1,0,0.0,1,317
13.0,46.0,40.40002731329766,-3.696956395112248,3,45.0,2,0,0.0,1,66
16.0,80.0,40.39777407510979,-3.670920418106171,4,92.0,3,7,3.56,1,348
10.0,45.0,40.42496,-3.6567,3,24.0,3,0,0.0,1,102
16.0,80.0,40.40048838226919,-3.6686783856016634,4,107.0,1,0,0.0,19,224
14.0,50.0,40.460609865,-3.699822758757543,4,137.0,1,4,1.69,11,308
16.0,80.0,40.40050101507329,-3.668672723942561,4,105.0,1,1,0.83,19,222
16.0,80.0,40.4005,-3.66868,4,106.0,1,2,1.71,19,229
17.0,77.0,40.42,-3.69777,3,54.0,4,6,2.86,9,187
14.0,50.0,40.4607528493824,-3.700064183458832,4,160.0,1,3,1.18,11,340
14.0,50.0,40.46045,-3.69865,4,121.0,1,1,1.0,11,336
14.0,65.0,40.45865013679733,-3.697870520499684,4,123.0,1,2,0.8,11,331
17.0,61.0,40.4083,-3.70033,4,76.0,3,15,5.7,1,177
8.0,12.0,40.3877489,-3.6423796,3,46.0,1,0,0.0,1,365
14.0,57.0,40.46992,-3.70209,4,49.0,3,6,3.0,2,255
17.0,61.0,40.409168092684126,-3.709010402717685,3,43.0,2,0,0.0,1,72
17.0,80.0,40.4158,-3.7043,4,155.0,5,3,1.61,17,340
17.0,80.0,40.41504,-3.70435,4,158.0,5,11,5.16,17,346
3.0,26.0,40.40738,-3.749,4,62.0,2,3,1.14,2,46
17.0,80.0,40.41574,-3.70397,4,150.0,5,5,3.49,17,354
17.0,80.0,40.414561868092726,-3.703708333624054,4,151.0,5,5,2.31,17,345
17.0,80.0,40.41648,-3.70201,4,149.0,5,5,2.54,17,354
17.0,79.0,40.41415309841844,-3.702835125533965,4,133.0,5,9,3.8,17,353
17.0,79.0,40.41440645469107,-3.703779829736327,4,142.0,5,3,1.27,17,351
17.0,76.0,40.42119,-3.71007,3,40.0,1,4,1.52,1,67
14.0,63.0,40.44843,-3.6998,3,47.0,1,5,2.08,1,308
3.0,26.0,40.4059,-3.74464,3,38.0,1,0,0.0,1,345
13.0,59.0,40.40287,-3.71896,4,164.0,3,2,2.0,1,359
17.0,61.0,40.41366,-3.70239,3,54.0,1,4,1.71,20,75
15.0,66.0,40.43846,-3.71016,4,109.0,1,1,0.41,12,348
11.0,70.0,40.42058,-3.71615,3,50.0,1,0,0.0,4,113
11.0,70.0,40.42058,-3.71615,3,50.0,1,0,0.0,4,108
17.0,77.0,40.42461,-3.69637,4,143.0,4,4,1.71,1,1
17.0,66.0,40.42085,-3.70433,4,126.0,5,0,0.0,17,333
17.0,66.0,40.42256,-3.70558,4,146.0,5,0,0.0,17,347
17.0,66.0,40.42074,-3.70555,4,126.0,5,6,3.05,17,343
17.0,66.0,40.42205,-3.70618,4,102.0,5,6,2.54,17,348
17.0,66.0,40.42302,-3.70633,4,156.0,5,3,1.48,17,328
16.0,70.0,40.42113,-3.67822,3,93.0,2,1,1.0,1,328
8.0,48.0,40.3892684,-3.6700963,4,90.0,3,1,0.42,1,30
3.0,10.0,40.38387,-3.76837,3,26.0,2,3,1.38,1,319
8.0,48.0,40.39395,-3.66976,4,77.0,1,2,2.0,2,291
17.0,80.0,40.41436,-3.70548,3,66.0,2,2,0.92,4,351
17.0,66.0,40.4251,-3.70264,4,67.0,1,3,2.31,3,158
17.0,61.0,40.41046,-3.70365,4,123.0,3,7,3.23,75,129
11.0,15.0,40.46277177896624,-3.7196256892396815,3,35.0,1,0,0.0,1,346
16.0,84.0,40.46293,-3.68758,3,40.0,14,1,0.48,22,165
17.0,80.0,40.41611,-3.70705,3,78.0,2,3,1.23,4,348
17.0,80.0,40.41487,-3.70538,3,72.0,2,7,2.76,4,355
16.0,84.0,40.46182,-3.68918,3,40.0,14,0,0.0,22,165
17.0,80.0,40.41455,-3.70726,3,89.0,2,7,2.8,4,328
17.0,61.0,40.4107,-3.69839,4,152.0,1,8,3.33,8,293
15.0,69.0,40.43598,-3.69752,3,50.0,2,0,0.0,6,361
6.0,7.0,40.3744,-3.69109,4,110.0,5,0,0.0,13,70
6.0,22.0,40.37166,-3.74827,4,113.0,1,4,2.86,4,354
10.0,45.0,40.48315,-3.71479,3,102.0,1,2,1.58,120,360
17.0,61.0,40.4113373,-3.6993852,4,159.0,1,8,3.38,8,298
10.0,45.0,40.48152,-3.7137,4,104.0,1,5,2.14,120,358
10.0,12.0,40.48342,-3.7139,4,103.0,1,1,1.0,120,357
10.0,45.0,40.4814,-3.71341,3,101.0,1,10,4.23,120,362
10.0,53.0,40.48199,-3.71341,3,97.0,1,0,0.0,120,343
6.0,22.0,40.36986,-3.747,4,153.0,1,2,1.58,4,364
6.0,22.0,40.37017,-3.74844,4,115.0,1,2,1.4,4,364
6.0,22.0,40.37137,-3.74669,4,108.0,1,1,1.0,4,350
17.0,61.0,40.40727,-3.70051,4,102.0,2,11,5.32,12,270
17.0,76.0,40.41224,-3.71146,4,102.0,2,0,0.0,12,305
16.0,64.0,40.45806,-3.68712,4,92.0,7,2,0.86,3,168
10.0,41.0,40.42868511122046,-3.6450562682530094,3,57.0,1,4,1.69,2,358
10.0,45.0,40.4757,-3.7298,3,50.0,1,9,3.6,28,361
8.0,48.0,40.38962,-3.66881,4,58.0,1,7,3.28,1,3
5.0,44.0,40.33453243282975,-3.702723763393936,4,103.0,1,9,4.09,1,315
17.0,76.0,40.40912760945624,-3.7128479623253017,4,72.0,1,0,0.0,38,267
14.0,71.0,40.4710466001688,-3.688350670036368,4,164.0,1,1,1.0,23,62
9.0,24.0,40.43477553589424,-3.622399147142735,3,39.0,1,0,0.0,38,350
9.0,24.0,40.43342086123821,-3.622379613736089,3,33.0,1,1,0.88,38,353
9.0,24.0,40.43439671323756,-3.622170485933681,3,30.0,1,0,0.0,38,349
17.0,61.0,40.40725,-3.70042,3,80.0,2,0,0.0,2,48
17.0,76.0,40.42235,-3.71128,4,143.0,2,0,0.0,23,365
14.0,50.0,40.4614,-3.70482,4,80.0,30,0,0.0,2,347
17.0,61.0,40.4075198,-3.6974071,4,136.0,5,8,3.24,5,227
17.0,76.0,40.41267,-3.70763,4,105.0,28,1,1.0,93,349
9.0,45.0,40.44607,-3.57692,4,96.0,1,1,0.94,1,4
15.0,69.0,40.43694,-3.69274,4,147.0,5,0,0.0,63,325
16.0,66.0,40.44211,-3.6736,4,80.0,5,1,1.0,63,341
5.0,10.0,40.34445762488844,-3.6896407568496015,3,50.0,1,0,0.0,1,88
11.0,47.0,40.45877924618394,-3.780034221212658,4,76.0,5,0,0.0,63,347
11.0,47.0,40.4591,-3.77857,4,89.0,7,1,0.86,63,346
11.0,47.0,40.45880310885967,-3.778474327356185,4,89.0,7,0,0.0,63,337
15.0,69.0,40.43266804783075,-3.694386856639541,3,140.0,1,6,2.31,10,341
15.0,69.0,40.43076,-3.69376,3,110.0,1,6,2.73,10,359
15.0,69.0,40.430714747079584,-3.69528167177142,3,107.0,1,3,1.25,10,351
15.0,69.0,40.43263914315151,-3.696025501572048,3,127.0,1,6,2.69,10,297
17.0,76.0,40.41396,-3.70849,4,110.0,1,2,0.87,2,324
17.0,80.0,40.41381300461386,-3.706941707051488,4,137.0,1,0,0.0,87,249
13.0,59.0,40.41257,-3.71947,4,67.0,30,0,0.0,272,92
18.0,63.0,40.43716,-3.67433,4,74.0,2,2,1.05,7,328
17.0,77.0,40.42854,-3.70104,4,108.0,30,1,0.52,272,365
13.0,60.0,40.40184,-3.69004,4,82.0,28,1,0.73,93,355
17.0,76.0,40.41182,-3.71291,4,129.0,3,2,0.85,75,157
13.0,55.0,40.40051,-3.70267,4,88.0,20,0,0.0,4,44
3.0,5.0,40.397876363108594,-3.770244052177173,3,28.0,1,0,0.0,1,356
17.0,61.0,40.41130948002705,-3.700423017751047,4,93.0,1,2,0.86,1,327
12.0,54.0,40.47865935393836,-3.6284781971203417,3,88.0,1,0,0.0,2,294
6.0,17.0,40.37394,-3.74462,4,68.0,1,2,0.98,6,218
6.0,17.0,40.37338,-3.74387,4,48.0,1,1,1.0,6,252
6.0,17.0,40.37359,-3.7437,4,73.0,1,3,3.0,6,251
6.0,17.0,40.37402,-3.7457,4,55.0,1,0,0.0,6,246
6.0,17.0,40.37418,-3.74379,4,48.0,1,0,0.0,6,249
15.0,39.0,40.4365,-3.71509,4,100.0,1,0,0.0,292,313
17.0,66.0,40.42489,-3.70308,4,98.0,1,1,0.5,87,287
17.0,66.0,40.42422,-3.70803,3,47.0,7,1,1.0,6,24
17.0,76.0,40.42273021423016,-3.710986040532589,4,83.0,2,0,0.0,2,308
18.0,73.0,40.426429681589255,-3.6766787229562974,4,154.0,1,1,1.0,23,64
10.0,41.0,40.42987,-3.63967,3,50.0,30,2,0.85,1,365
16.0,84.0,40.46247,-3.68731,4,128.0,1,1,1.0,23,12
16.0,84.0,40.462097405639845,-3.689127827376075,4,154.0,1,0,0.0,23,68
17.0,77.0,40.42424,-3.69253,4,121.0,1,3,2.0,23,82
17.0,80.0,40.4145748,-3.707166,3,52.0,1,1,1.0,1,351
14.0,50.0,40.45872,-3.70753,4,84.0,7,0,0.0,63,326
17.0,61.0,40.410941728291135,-3.706007210635705,3,70.0,1,0,0.0,1,23
17.0,77.0,40.42044828554474,-3.6981720720626874,3,115.0,1,5,2.68,10,251
17.0,79.0,40.419677319175655,-3.6996159363692342,3,114.0,1,10,4.17,10,272
17.0,77.0,40.42198253509742,-3.6981301587255926,3,132.0,1,3,1.27,10,313
17.0,80.0,40.41525,-3.70347,4,144.0,1,0,0.0,6,316
2.0,2.0,40.39574,-3.64173,3,31.0,1,16,6.49,1,28
9.0,5.0,40.42092,-3.61695,3,121.0,1,1,0.86,20,358
9.0,5.0,40.42253,-3.61728,3,121.0,1,3,1.36,20,351
17.0,80.0,40.41985,-3.70027,3,107.0,1,4,1.67,10,301
3.0,29.0,40.4061073,-3.7351737,3,35.0,1,29,11.6,1,267
17.0,77.0,40.42024,-3.69988,3,118.0,1,3,1.27,10,350
10.0,41.0,40.42675,-3.64043,3,37.0,1,3,1.18,1,324
14.0,65.0,40.46433,-3.68965,3,125.0,1,0,0.0,1,364
9.0,45.0,40.44371655047708,-3.5834701359272003,4,125.0,1,19,8.03,1,134
14.0,57.0,40.46230316588395,-3.699179486002848,4,117.0,2,5,2.68,1,128
17.0,61.0,40.40910071323764,-3.706305564754384,3,70.0,20,1,0.64,14,257
17.0,61.0,40.4104,-3.7063,4,57.0,3,6,2.57,14,307
9.0,45.0,40.44957,-3.57724,4,108.0,1,1,0.64,15,335
16.0,65.0,40.48133748488833,-3.675467558205128,4,88.0,1,5,2.11,1,35
10.0,36.0,40.4924559,-3.6908989,3,36.0,1,2,0.94,14,70
10.0,36.0,40.4924559,-3.6908989,3,38.0,1,1,0.46,14,53
17.0,79.0,40.4136,-3.69619,3,70.0,1,10,4.23,5,258
17.0,61.0,40.4113373,-3.6993852,4,143.0,1,9,3.97,8,302
6.0,45.0,40.39460053756377,-3.720921613276005,3,30.0,2,11,4.58,2,1
3.0,26.0,40.40803,-3.7434,3,38.0,1,0,0.0,1,354
17.0,61.0,40.407087335,-3.698860109,4,104.0,1,3,1.55,2,333
18.0,73.0,40.4281916,-3.6711984,4,141.0,1,4,1.69,2,340
12.0,61.0,40.47082605898261,-3.649562874519907,4,117.0,2,0,0.0,23,365
16.0,73.0,40.41739578526746,-3.690702695770265,3,121.0,1,4,2.93,28,291
9.0,5.0,40.4216,-3.61552,3,92.0,1,0,0.0,20,353
9.0,5.0,40.42124,-3.61706,3,115.0,1,2,0.91,20,354
11.0,47.0,40.46082,-3.77898,4,116.0,5,1,1.0,63,314
17.0,66.0,40.42575,-3.70872,3,96.0,2,2,1.36,4,244
11.0,47.0,40.45986,-3.77824,4,88.0,7,0,0.0,63,319
11.0,47.0,40.46052,-3.78006,4,90.0,7,1,0.53,63,339
17.0,77.0,40.42151,-3.69936,4,92.0,2,9,3.8,51,254
12.0,61.0,40.47328,-3.6362,4,118.0,1,0,0.0,1,335
17.0,77.0,40.42631,-3.69696,4,160.0,4,0,0.0,1,312
17.0,61.0,40.4134997,-3.7045998,4,91.0,1,0,0.0,407,103
7.0,33.0,40.3789846,-3.6330215,4,74.0,1,0,0.0,2,318
11.0,47.0,40.46025,-3.7804,4,114.0,5,1,0.44,63,273
11.0,47.0,40.45938,-3.78035,4,86.0,5,0,0.0,63,324
11.0,47.0,40.45847,-3.77879,4,80.0,5,3,1.91,63,351
17.0,80.0,40.41662965819743,-3.7017042306884695,4,123.0,3,3,1.25,13,101
17.0,79.0,40.41621,-3.7006,4,90.0,1,4,3.08,292,255
17.0,79.0,40.4113759,-3.6947061,4,127.0,2,7,4.12,12,71
17.0,80.0,40.4152029,-3.7082373,4,72.0,28,0,0.0,3,341
6.0,56.0,40.37402,-3.69617,4,140.0,7,3,2.37,1,346
17.0,61.0,40.41267,-3.70647,4,92.0,1,0,0.0,72,258
17.0,66.0,40.4226778,-3.7030368,4,90.0,3,0,0.0,30,200
17.0,76.0,40.41114,-3.71247,4,112.0,3,1,0.51,75,148
9.0,24.0,40.43992,-3.62361,4,95.0,1,0,0.0,63,333
16.0,65.0,40.4678271,-3.6847877,4,153.0,1,18,7.94,53,30
3.0,29.0,40.41043,-3.72863,3,33.0,2,0,0.0,1,313
17.0,61.0,40.41285,-3.70228,3,47.0,1,11,5.32,20,145
17.0,66.0,40.42896,-3.7101,4,116.0,14,1,1.0,8,335
17.0,76.0,40.41308,-3.71162,4,122.0,3,7,3.44,75,35
17.0,61.0,40.4113373,-3.6993852,4,147.0,1,7,3.18,8,332
12.0,61.0,40.47493,-3.63725,4,157.0,3,0,0.0,7,4
16.0,84.0,40.46151,-3.68697,4,153.0,1,0,0.0,55,351
16.0,84.0,40.46291149945187,-3.688779181678959,4,123.0,1,3,2.0,55,349
16.0,84.0,40.46223721968829,-3.686974155890187,4,158.0,1,1,0.73,55,338
14.0,65.0,40.4591094,-3.699102399999999,3,35.0,1,4,1.88,18,249
17.0,66.0,40.42099,-3.70655,4,87.0,3,2,1.5,25,16
14.0,65.0,40.45835,-3.6998,3,35.0,1,2,1.18,18,238
17.0,66.0,40.42428,-3.7022,4,131.0,30,0,0.0,20,362
17.0,79.0,40.41594,-3.69787,3,49.0,7,2,1.2,10,256
10.0,41.0,40.42482,-3.64168,4,72.0,1,1,0.94,181,304
8.0,10.0,40.37883,-3.66861,4,92.0,2,4,2.26,2,337
17.0,61.0,40.407087335,-3.698860109,4,102.0,1,2,1.54,2,93
14.0,71.0,40.47169882336897,-3.6907751003894207,4,137.0,4,9,4.22,120,76
12.0,27.0,40.45898,-3.6469,3,45.0,1,2,0.98,181,266
12.0,27.0,40.45944,-3.64666,3,45.0,1,1,0.57,181,269
12.0,27.0,40.45968,-3.64491,3,47.0,1,0,0.0,181,269
12.0,27.0,40.46092,-3.64674,3,55.0,1,0,0.0,181,300
6.0,39.0,40.39293,-3.73982,3,43.0,1,7,3.23,1,222
17.0,66.0,40.42819,-3.70583,4,153.0,1,0,0.0,6,328
14.0,65.0,40.4623368065206,-3.6951643161717,4,88.0,1,1,1.0,2,321
10.0,45.0,40.43009271603938,-3.6497431693115145,4,90.0,1,5,3.06,1,349
18.0,73.0,40.4285914,-3.6761267,4,134.0,1,5,2.34,43,317
9.0,45.0,40.44846,-3.57647,4,74.0,1,0,0.0,181,322
17.0,66.0,40.42041,-3.70498,4,69.0,30,0,0.0,272,258
17.0,66.0,40.42356222624237,-3.705380757724439,4,105.0,3,1,1.0,75,130
13.0,46.0,40.4009,-3.6968,4,121.0,30,1,1.0,272,364
17.0,80.0,40.4148114,-3.7036534,4,110.0,2,7,7.0,12,322
10.0,35.0,40.44242,-3.65539,4,77.0,1,4,1.97,2,294
17.0,80.0,40.41483749310183,-3.703460432589054,4,133.0,2,8,8.0,12,324
17.0,79.0,40.41426629348352,-3.702558136814975,4,110.0,2,6,4.74,12,319
15.0,64.0,40.43384,-3.70293,4,84.0,1,1,1.0,1,345
17.0,80.0,40.41574,-3.70377,4,69.0,2,10,8.33,12,283
17.0,80.0,40.41582323732301,-3.702541469997106,4,128.0,2,8,8.0,12,328
17.0,80.0,40.41610948469332,-3.703754432701384,4,89.0,2,5,3.49,12,320
6.0,39.0,40.39436,-3.73905,4,76.0,1,11,5.69,1,259
17.0,61.0,40.4113373,-3.6993852,4,149.0,1,1,1.0,8,333
17.0,61.0,40.41279,-3.70655,3,99.0,1,11,4.65,4,335
17.0,61.0,40.41294,-3.70691,3,121.0,1,8,3.38,4,317
17.0,61.0,40.41097,-3.70827,3,120.0,1,8,4.0,4,176
17.0,61.0,40.41327,-3.7073,3,90.0,1,2,1.62,4,293
13.0,59.0,40.41042,-3.71988,3,40.0,1,0,0.0,1,358
16.0,70.0,40.42072,-3.67834,3,35.0,4,0,0.0,1,17
17.0,80.0,40.4175,-3.70783,4,128.0,1,0,0.0,6,216
17.0,66.0,40.42366,-3.70541,3,49.0,1,0,0.0,181,320
18.0,82.0,40.428727830008285,-3.68569980949614,3,32.0,2,0,0.0,1,357
17.0,66.0,40.42338,-3.7042,3,49.0,1,0,0.0,181,316
17.0,66.0,40.4255,-3.70506,3,53.0,1,0,0.0,181,341
17.0,61.0,40.40939,-3.69898,4,105.0,2,5,3.95,24,323
17.0,61.0,40.4113373,-3.6993852,4,134.0,1,8,8.0,8,313
17.0,61.0,40.4113373,-3.6993852,4,134.0,1,2,2.0,8,348
17.0,66.0,40.42404,-3.70557,3,54.0,1,0,0.0,181,314
10.0,36.0,40.50168424637296,-3.6917073279619217,3,36.0,3,0,0.0,1,358
17.0,61.0,40.4084333,-3.6993742,4,144.0,4,0,0.0,1,337
17.0,80.0,40.4152029,-3.7082373,4,85.0,28,0,0.0,3,364
17.0,80.0,40.4157,-3.70823,3,92.0,1,0,0.0,2,353
18.0,60.0,40.4258797428646,-3.66401064964644,4,131.0,1,0,0.0,2,347
17.0,61.0,40.41077,-3.70169,4,141.0,20,0,0.0,33,26
18.0,60.0,40.42761870458756,-3.665252057292791,4,116.0,1,1,0.86,2,307
1.0,13.0,40.39857,-3.5469,3,42.0,1,0,0.0,3,19
18.0,60.0,40.42513,-3.66279,3,36.0,1,2,1.67,1,340
17.0,80.0,40.4152029,-3.7082373,4,64.0,28,0,0.0,3,332
17.0,79.0,40.413272,-3.6998776,3,65.0,2,8,4.21,6,337
15.0,66.0,40.43747,-3.70764,3,79.0,7,0,0.0,1,67
15.0,64.0,40.43263351834193,-3.7012631545219934,4,140.0,1,3,1.5,36,340
17.0,80.0,40.41806,-3.70557,3,23.0,2,10,5.0,16,64
15.0,69.0,40.43196,-3.69724,3,62.0,2,14,6.67,8,319
17.0,66.0,40.42779,-3.7101,4,142.0,14,3,2.09,8,280
17.0,79.0,40.41375,-3.6968,4,75.0,3,2,1.87,23,105
17.0,66.0,40.4279,-3.71016,4,153.0,14,2,2.0,8,335
17.0,76.0,40.41219,-3.71294,4,120.0,30,0,0.0,6,221
17.0,61.0,40.4101271,-3.6969898,4,89.0,1,0,0.0,1,239
17.0,61.0,40.40949,-3.69956,3,29.0,3,1,0.86,6,74
16.0,59.0,40.44406,-3.67503,3,140.0,1,0,0.0,6,158
16.0,66.0,40.44204,-3.67544,3,55.0,1,0,0.0,6,231
5.0,44.0,40.33344445308822,-3.7039244547486314,4,103.0,1,6,3.21,1,344
8.0,48.0,40.39612,-3.67008,4,63.0,3,2,0.94,1,336
17.0,61.0,40.41174,-3.70274,3,45.0,1,1,0.7,20,85
13.0,60.0,40.40295,-3.69684,4,82.0,1,0,0.0,1,320
14.0,63.0,40.4548892601409,-3.701438138658488,3,39.0,10,1,0.65,1,17
3.0,29.0,40.40943571457658,-3.7288259355819697,4,117.0,3,0,0.0,3,92
17.0,61.0,40.410458601,-3.703678489,4,95.0,1,4,2.11,4,318
17.0,77.0,40.42495,-3.70019,4,131.0,2,0,0.0,141,353
17.0,76.0,40.41193,-3.71003,4,121.0,2,0,0.0,141,352
17.0,79.0,40.41278,-3.69931,4,143.0,2,0,0.0,141,342
17.0,66.0,40.42199,-3.70864,4,147.0,2,0,0.0,141,338
5.0,35.0,40.36128,-3.68897,3,29.0,1,0,0.0,2,347
13.0,60.0,40.405206228,-3.692422774,4,128.0,1,0,0.0,4,322
3.0,29.0,40.40869,-3.72982,4,99.0,3,4,3.0,3,74
10.0,45.0,40.429444304596935,-3.652496303905977,4,105.0,1,5,2.63,10,156
18.0,60.0,40.42787813807686,-3.663743670787719,4,90.0,1,0,0.0,181,343
1.0,13.0,40.405100593386,-3.616466539035891,3,49.0,1,0,0.0,1,343
7.0,33.0,40.3660148,-3.5882183,3,34.5,1,14,9.55,3,133
7.0,33.0,40.36602,-3.58822,3,34.5,1,4,2.86,3,142
7.0,33.0,40.3660148,-3.5882183,3,34.5,1,1,1.0,3,139
18.0,63.0,40.43038,-3.67051,4,133.0,3,2,1.36,1,243
17.0,80.0,40.41685,-3.70542,4,107.0,1,3,1.64,6,329
15.0,67.0,40.4427358,-3.7037368,4,104.0,1,1,1.0,407,331
12.0,74.0,40.45034,-3.60516,4,117.0,1,3,1.91,3,314
17.0,61.0,40.40908,-3.70462,4,90.0,3,0,0.0,14,294
8.0,41.0,40.3986254,-3.6650494,4,100.0,1,7,6.18,1,310
6.0,32.0,40.38723,-3.70075,4,105.0,1,4,2.5,1,340
17.0,61.0,40.41244612823971,-3.701682078125224,3,90.0,2,8,4.44,3,105
17.0,61.0,40.41203288151243,-3.7020618084617687,3,94.0,2,13,6.0,3,58
17.0,61.0,40.41364405089416,-3.7033697078498378,3,105.0,2,8,4.44,3,63
17.0,76.0,40.41020779999999,-3.7129706,4,50.0,30,0,0.0,2,267
17.0,76.0,40.41261,-3.71253,4,116.0,3,9,4.91,7,179
6.0,45.0,40.39545,-3.7195,4,71.0,1,6,3.0,6,291
6.0,32.0,40.38377992333773,-3.704593189017877,4,57.0,1,12,6.43,20,60
12.0,10.0,40.4764048,-3.661203,3,52.0,1,17,8.95,53,31
12.0,10.0,40.4764048,-3.661203,3,44.0,1,11,5.59,53,38
12.0,10.0,40.4764048,-3.661203,3,43.0,1,12,6.0,53,32
12.0,10.0,40.4764048,-3.661203,3,46.0,1,13,7.36,53,34
14.0,65.0,40.46022125004388,-3.695386254442012,4,98.0,1,0,0.0,87,264
17.0,80.0,40.416648614963,-3.70443407446146,4,129.0,2,5,4.41,1,249
17.0,80.0,40.41669839112469,-3.704395517706871,4,98.0,2,1,1.0,1,249
14.0,57.0,40.46899,-3.70094,4,120.0,3,1,0.75,36,360
13.0,60.0,40.40587,-3.6964,3,31.0,1,6,6.0,1,211
6.0,25.0,40.38664,-3.74139,4,85.0,2,1,1.0,2,103
11.0,15.0,40.46471802767246,-3.7106474116444583,4,107.0,2,3,1.53,1,117
17.0,61.0,40.40884773996842,-3.69892085608441,4,63.0,30,0,0.0,2,268
17.0,76.0,40.4190558,-3.708495799999999,4,144.0,1,5,3.19,25,292
17.0,80.0,40.41425,-3.70597,4,88.0,30,0,0.0,1,34
16.0,51.0,40.40613,-3.6807,3,48.0,1,0,0.0,2,365
17.0,66.0,40.42501,-3.70663,4,110.0,1,1,1.0,1,339
17.0,76.0,40.41780242543791,-3.710129228836057,4,123.0,29,0,0.0,24,328
8.0,48.0,40.3935235,-3.6666192,4,70.0,2,4,3.75,14,50
15.0,66.0,40.43081,-3.7054,3,84.0,2,2,2.0,1,339
17.0,80.0,40.4197,-3.70297,4,164.0,2,1,1.0,1,32
17.0,61.0,40.41151,-3.70288,4,139.0,1,6,4.09,28,137
18.0,73.0,40.42615,-3.67855,4,145.0,1,7,4.47,3,110
14.0,63.0,40.45458,-3.69843,4,115.0,5,3,1.7,1,308
17.0,76.0,40.419027858,-3.708463062,4,134.0,1,4,2.18,25,332
8.0,37.0,40.38884,-3.65553,4,87.0,2,5,3.85,1,296
18.0,60.0,40.43014803144752,-3.661147984251506,4,146.0,1,0,0.0,1,335
12.0,10.0,40.4764048,-3.661203,3,42.0,1,7,3.89,53,34
12.0,10.0,40.4764048,-3.661203,3,41.0,1,9,4.82,53,40
12.0,10.0,40.4764048,-3.661203,3,51.0,1,15,8.04,53,29
12.0,10.0,40.4764048,-3.661203,3,48.0,1,14,7.24,53,34
12.0,10.0,40.4764048,-3.661203,3,44.0,1,11,6.0,53,39
12.0,10.0,40.4764048,-3.661203,3,48.0,1,8,5.22,53,38
17.0,76.0,40.4225043,-3.7111836,4,164.0,1,6,3.21,24,343
14.0,65.0,40.46138,-3.69663,4,125.0,7,3,2.37,14,267
3.0,26.0,40.40384647069996,-3.7462298498973534,4,63.0,1,0,0.0,4,53
17.0,61.0,40.40981,-3.70185,4,99.0,30,0,0.0,272,350
17.0,79.0,40.41545,-3.70144,4,127.0,1,6,3.83,4,116
16.0,84.0,40.4594,-3.68566,4,114.0,1,0,0.0,407,286
14.0,50.0,40.45844,-3.70993,3,43.0,2,0,0.0,2,352
17.0,76.0,40.417137,-3.7091519,4,143.0,28,0,0.0,12,55
16.0,64.0,40.45765,-3.68562,4,114.0,1,0,0.0,407,316
17.0,61.0,40.41244,-3.70147,3,64.0,2,3,3.0,7,342
14.0,50.0,40.45842,-3.70969,3,43.0,2,0,0.0,2,351
8.0,37.0,40.38684,-3.65655,4,79.0,2,0,0.0,10,350
17.0,76.0,40.417137,-3.7091519,4,143.0,28,0,0.0,12,55
17.0,80.0,40.41655170464773,-3.702845267424831,4,106.0,1,0,0.0,6,266
17.0,61.0,40.40955,-3.70092,4,74.0,28,1,1.0,93,267
17.0,66.0,40.4225,-3.70462,4,80.0,21,0,0.0,21,190
17.0,61.0,40.4101499,-3.707482699999999,3,159.0,2,6,5.62,6,221
11.0,47.0,40.45855,-3.78026,4,47.0,7,0,0.0,63,293
11.0,47.0,40.45846,-3.77961,4,47.0,7,0,0.0,63,275
17.0,79.0,40.413272,-3.6998776,3,54.0,2,14,8.94,5,348
16.0,70.0,40.41958,-3.67695,4,122.0,5,1,0.58,1,111
17.0,76.0,40.4123865,-3.7118522,3,54.0,2,4,3.33,4,355
17.0,76.0,40.4123865,-3.7118522,3,55.0,2,1,1.0,4,92
17.0,76.0,40.4123865,-3.7118522,3,68.0,2,4,2.86,4,339
17.0,76.0,40.41239,-3.71185,3,56.0,2,8,4.53,4,346
17.0,66.0,40.42433980814442,-3.7096410037828,3,115.0,1,4,3.16,22,51
17.0,79.0,40.41327,-3.69988,3,57.0,2,9,5.87,5,348
17.0,79.0,40.41327,-3.69988,3,57.0,2,5,3.06,5,360
17.0,79.0,40.413272,-3.6998776,3,57.0,2,5,3.0,5,18
17.0,79.0,40.413272,-3.6998776,3,62.0,2,6,3.33,5,21
6.0,58.0,40.3823177,-3.712969,4,93.0,10,0,0.0,1,365
13.0,46.0,40.3995639,-3.6942982,4,102.0,29,1,1.0,1,300
16.0,78.0,40.4142,-3.67534,4,130.0,28,0,0.0,62,299
10.0,41.0,40.42769,-3.64208,4,145.0,1,5,2.63,13,254
17.0,61.0,40.41244,-3.70147,3,55.0,2,8,5.11,7,347
17.0,61.0,40.4124394,-3.7014673,3,57.0,2,1,1.0,7,354
17.0,61.0,40.4124394,-3.7014673,3,60.0,2,2,1.4,7,354
17.0,61.0,40.41244,-3.70147,3,57.0,2,5,3.0,7,349
17.0,61.0,40.41244,-3.70147,3,70.0,2,5,3.26,7,341
17.0,66.0,40.42265,-3.7073,3,134.0,1,0,0.0,120,362
17.0,66.0,40.42374,-3.70655,3,125.0,1,0,0.0,120,354
17.0,77.0,40.42397,-3.69744,4,105.0,1,5,3.26,4,308
18.0,73.0,40.42635,-3.6691,4,121.0,30,0,0.0,4,347
17.0,79.0,40.41387,-3.7024,3,63.0,1,4,2.18,20,47
5.0,44.0,40.3419587096838,-3.7163532440813705,4,94.0,1,0,0.0,11,346
5.0,44.0,40.34249,-3.71441,4,151.0,1,3,3.0,11,354
3.0,11.0,40.39438,-3.74085,3,31.0,4,0,0.0,5,315
15.0,69.0,40.43196,-3.69724,3,70.0,2,10,6.0,8,338
15.0,69.0,40.4319571,-3.6972415,3,63.0,2,4,4.0,8,346
15.0,69.0,40.43196,-3.69724,3,63.0,2,5,3.49,8,345
10.0,41.0,40.427619596439726,-3.6404610767211887,4,105.0,2,2,1.87,2,244
17.0,80.0,40.41836727516934,-3.7079725787043576,3,65.0,1,0,0.0,2,316
17.0,61.0,40.41187,-3.70237,3,57.0,1,1,0.56,20,78
14.0,65.0,40.46212,-3.69301,4,55.0,1,0,0.0,14,244
10.0,53.0,40.47586680006521,-3.7096619386381233,4,53.0,30,0,0.0,1,55
17.0,79.0,40.4148051,-3.6984083,3,51.0,7,2,1.3,10,263
6.0,22.0,40.37103,-3.74877,3,28.0,1,3,3.0,1,341
17.0,76.0,40.41006,-3.71234,4,127.0,1,0,0.0,38,281
17.0,79.0,40.41288,-3.69633,4,121.0,1,1,1.0,1,245
17.0,66.0,40.42585,-3.70892,4,86.0,30,0,0.0,1,341
15.0,69.0,40.4346514,-3.6928908,3,24.0,21,0,0.0,6,57
17.0,80.0,40.41508766690063,-3.702633306384087,3,54.0,1,2,2.0,2,329
15.0,69.0,40.43465,-3.69289,3,30.0,21,1,0.7,6,73
15.0,69.0,40.43465,-3.69289,3,28.0,15,0,0.0,6,32
15.0,69.0,40.43465,-3.69289,3,25.0,2,0,0.0,6,54
15.0,69.0,40.43465,-3.69289,3,64.0,2,2,1.4,6,63
15.0,69.0,40.43465,-3.69289,3,27.0,7,0,0.0,6,14
8.0,10.0,40.37423898146231,-3.6646421497838606,4,44.0,1,3,3.0,1,9
16.0,70.0,40.41767,-3.67404,3,29.0,30,3,2.81,4,115
16.0,70.0,40.41769,-3.67826,4,164.0,5,1,0.79,21,119
17.0,76.0,40.4111,-3.71622,4,96.0,28,0,0.0,1,334
17.0,79.0,40.4142066,-3.7020479,3,57.0,2,2,1.33,6,52
17.0,79.0,40.4134757,-3.7009466,3,135.0,1,0,0.0,3,359
17.0,79.0,40.4142066,-3.7020479,3,62.0,2,6,4.29,6,356
17.0,79.0,40.41421,-3.70205,3,55.0,2,11,7.17,6,349
17.0,79.0,40.41478583668732,-3.700852625340937,4,154.0,1,0,0.0,1,346
11.0,70.0,40.4213429,-3.7165411,1,49.0,1,1,0.7,1,360
17.0,66.0,40.42173,-3.70561,4,151.0,2,0,0.0,11,320
17.0,66.0,40.4235743,-3.702935,3,22.0,1,3,2.57,1,320
16.0,51.0,40.40264444199008,-3.677110836354063,3,37.0,7,0,0.0,31,159
16.0,59.0,40.44783,-3.67208,4,140.0,3,6,5.0,120,77
8.0,12.0,40.39023,-3.64348,4,84.0,2,5,3.66,31,246
17.0,66.0,40.42581,-3.70564,4,134.0,1,6,3.91,11,329
16.0,59.0,40.43765,-3.68054,4,96.0,30,0,0.0,9,318
17.0,66.0,40.42423,-3.706,4,145.0,4,5,3.41,11,287
10.0,45.0,40.42933,-3.6546,4,125.0,1,3,2.65,1,279
15.0,64.0,40.43386,-3.70351,4,140.0,3,2,2.0,36,361
13.0,59.0,40.4133381,-3.7197503,4,98.0,1,8,5.71,6,260
17.0,77.0,40.42187,-3.69942,4,88.0,1,5,3.26,11,239
3.0,26.0,40.40735,-3.74888,3,108.0,1,0,0.0,3,350
5.0,3.0,40.36047,-3.69422,4,127.0,2,0,0.0,5,164
17.0,66.0,40.42206,-3.70465,3,58.0,1,0,0.0,1,78
17.0,61.0,40.4086459,-3.7075157,3,60.0,7,0,0.0,2,239
10.0,36.0,40.49423,-3.69584,3,34.0,1,4,2.79,1,303
6.0,32.0,40.3837286,-3.7045976,3,45.0,1,0,0.0,4,349
7.0,33.0,40.3781899,-3.6260017,3,29.0,1,5,5.0,2,123
6.0,32.0,40.38438,-3.70547,3,39.0,1,0,0.0,4,356
17.0,77.0,40.42053200564967,-3.698557037911965,4,78.0,1,2,2.0,2,283
17.0,77.0,40.41995323688175,-3.698948183692557,4,77.0,1,2,2.0,2,185
12.0,54.0,40.4853332,-3.6676724,4,111.0,30,0,0.0,249,288
17.0,77.0,40.42253140673864,-3.697575952471487,4,128.0,1,1,1.0,23,91
16.0,70.0,40.41867,-3.67124,4,127.0,28,0,0.0,62,321
9.0,32.0,40.4390298,-3.6075478,4,68.0,2,2,2.0,1,186
14.0,52.0,40.45561,-3.70787,4,53.0,29,0,0.0,9,288
12.0,54.0,40.454283,-3.6477696,4,144.0,1,2,2.0,65,329
15.0,66.0,40.43530579822132,-3.705023798585492,4,140.0,1,0,0.0,407,6
3.0,10.0,40.37998,-3.76763,3,106.0,1,1,0.75,1,256
17.0,80.0,40.4196952,-3.7024371,4,106.0,1,8,5.33,6,246
9.0,45.0,40.44487,-3.58402,4,119.0,1,2,1.87,21,57
17.0,76.0,40.41271,-3.71094,4,110.0,3,3,3.0,75,102
5.0,44.0,40.3334364,-3.7027812,4,126.0,1,3,2.57,23,164
14.0,50.0,40.45699,-3.70735,4,53.0,29,0,0.0,9,270
8.0,12.0,40.3880239,-3.647754599999999,3,43.0,1,1,1.0,1,359
17.0,80.0,40.41938,-3.70525,3,27.0,2,2,2.0,16,65
16.0,51.0,40.40692,-3.67892,3,30.0,1,2,2.0,7,97
18.0,68.0,40.42995565598388,-3.6785517300893065,3,29.0,30,0,0.0,1,256
18.0,60.0,40.4281993288116,-3.66631098280238,3,78.0,1,3,3.0,1,29
11.0,70.0,40.42058,-3.71615,3,50.0,1,0,0.0,4,5
6.0,45.0,40.38718079279919,-3.7231726571917534,3,28.0,1,0,0.0,1,327
17.0,66.0,40.42171,-3.70361,4,105.0,5,0,0.0,1,348
17.0,77.0,40.42442,-3.69918,4,116.0,3,8,5.85,17,318
5.0,15.0,40.35138,-3.68057,4,154.0,1,2,1.82,1,218
13.0,46.0,40.40042,-3.69471,4,118.0,1,0,0.0,1,191
17.0,61.0,40.4124394,-3.7014673,3,63.0,2,1,1.0,7,353
14.0,71.0,40.47378728069812,-3.690206875877581,4,131.0,4,12,8.57,120,70
17.0,79.0,40.41518236586238,-3.698907178503819,4,86.0,2,3,3.0,23,305
10.0,62.0,40.46718627046908,-3.666258100703817,4,101.0,1,0,0.0,2,339
10.0,62.0,40.46903,-3.66813,4,132.0,1,0,0.0,2,248
10.0,36.0,40.49577,-3.69445,3,95.0,1,0,0.0,120,361
14.0,50.0,40.4596062451935,-3.705274081157387,4,85.0,1,0,0.0,4,143
6.0,20.0,40.38287,-3.70788,4,92.0,1,5,4.69,10,329
10.0,36.0,40.49565,-3.69452,3,95.0,1,2,2.0,120,363
14.0,57.0,40.4609348,-3.6984055,3,48.0,1,17,12.75,2,305
17.0,61.0,40.40827787314878,-3.698587001894923,4,118.0,3,1,1.0,29,326
18.0,60.0,40.42757,-3.66561,4,85.0,1,3,2.65,20,343
17.0,66.0,40.4215264,-3.7028186,4,113.0,1,0,0.0,1,160
17.0,66.0,40.42306,-3.70147,4,73.0,30,0,0.0,272,328
9.0,32.0,40.44164,-3.60821,4,155.0,1,0,0.0,3,339
17.0,77.0,40.42171231185034,-3.697696030139923,4,77.0,1,1,0.83,11,196
6.0,20.0,40.3821126,-3.7095009,4,106.0,2,0,0.0,4,43
10.0,45.0,40.43153,-3.64828,3,70.0,1,0,0.0,6,353
6.0,28.0,40.38564,-3.71347,3,49.0,2,2,2.0,4,110
14.0,63.0,40.44884,-3.70183,4,120.0,2,0,0.0,1,101
14.0,57.0,40.4609348,-3.6984055,3,52.0,1,8,5.71,2,303
17.0,61.0,40.4103237,-3.7081761,4,121.0,2,3,3.0,3,43
15.0,69.0,40.4373736,-3.699565599999999,3,63.0,4,0,0.0,2,119
13.0,59.0,40.40562,-3.7145,4,90.0,30,0,0.0,1,274
17.0,66.0,40.42540746490826,-3.709866678786872,4,51.0,2,2,1.43,2,287
17.0,66.0,40.4272,-3.70726,3,27.0,2,2,1.87,2,215
17.0,61.0,40.41333,-3.70726,4,105.0,1,0,0.0,3,167
17.0,76.0,40.41473,-3.70889,4,85.0,1,0,0.0,3,206
10.0,36.0,40.49484,-3.69794,3,34.0,1,3,3.0,1,326
6.0,17.0,40.37839706611421,-3.7397168906990417,4,52.0,1,1,1.0,1,310
10.0,61.0,40.43263,-3.65888,4,124.0,30,3,3.0,181,323
15.0,66.0,40.432181367393554,-3.711116998653225,4,139.0,1,1,1.0,2,337
17.0,61.0,40.40919,-3.69921,4,101.0,2,0,0.0,20,29
18.0,73.0,40.42182,-3.67812,4,150.0,30,0,0.0,62,346
11.0,46.0,40.46249448164816,-3.748909676652332,4,109.0,1,0,0.0,1,365
17.0,80.0,40.41536939428611,-3.705413495325322,4,78.0,1,5,4.29,1,297
13.0,55.0,40.40019,-3.70333,3,81.0,1,8,6.49,4,7
8.0,48.0,40.39596,-3.66609,4,95.0,2,0,0.0,2,317
17.0,77.0,40.42083389114175,-3.6977836352108224,3,83.0,1,6,5.45,4,94
17.0,66.0,40.42094,-3.70503,4,138.0,3,2,2.0,11,317
17.0,66.0,40.42032,-3.70485,4,160.0,1,0,0.0,1,343
16.0,78.0,40.41273,-3.67621,4,114.0,2,2,2.0,2,172
17.0,61.0,40.40916,-3.70418,4,77.0,1,0,0.0,181,304
17.0,76.0,40.41586,-3.71038,4,130.0,1,4,4.0,1,166
10.0,36.0,40.492661640281085,-3.693962697591872,4,98.0,1,1,1.0,4,346
17.0,79.0,40.41318,-3.70057,3,70.0,1,44,0.53,3,112
17.0,79.0,40.41318,-3.70057,3,70.0,1,1,1.0,3,85
17.0,66.0,40.42410882,-3.70910728,4,113.0,1,1,1.0,1,140
17.0,61.0,40.4094093,-3.6988265,4,138.0,3,2,2.0,9,66
8.0,48.0,40.39438,-3.66621,4,85.0,2,0,0.0,2,316
18.0,73.0,40.42629,-3.67937,4,48.0,12,1,1.0,36,328
14.0,50.0,40.46036,-3.70068,4,24.0,19,0,0.0,1,226
8.0,41.0,40.4007,-3.66323,4,89.0,14,0,0.0,1,198
12.0,27.0,40.46539,-3.6477,3,58.0,1,1,1.0,1,164
17.0,61.0,40.4096642,-3.7049962,3,56.0,4,0,0.0,5,344
15.0,39.0,40.43512,-3.71232,4,146.0,1,1,1.0,43,29
17.0,61.0,40.4089045603216,-3.699203728720746,4,115.0,1,1,1.0,52,300
17.0,66.0,40.4252,-3.70484,3,70.0,2,0,0.0,3,348
15.0,66.0,40.4316,-3.71058,4,134.0,2,1,1.0,141,133
5.0,44.0,40.34358,-3.71592,4,90.0,1,0,0.0,11,342
17.0,79.0,40.41537,-3.69765,3,49.0,7,1,1.0,10,257
15.0,67.0,40.4425286692162,-3.703889258319781,4,102.0,1,0,0.0,407,310
11.0,15.0,40.46675794140116,-3.711798726322912,3,29.0,1,0,0.0,1,349
12.0,54.0,40.47669,-3.63713,4,86.0,1,4,4.0,18,168
6.0,17.0,40.3849128,-3.7328343,4,68.0,2,2,2.0,14,79
12.0,54.0,40.47668,-3.63783,4,94.0,1,4,4.0,18,170
6.0,11.0,40.38308,-3.72956,3,47.0,2,0,0.0,2,331
12.0,61.0,40.47478,-3.63678,4,94.0,1,3,3.0,18,166
12.0,61.0,40.47451,-3.63833,4,80.0,1,3,3.0,18,161
3.0,5.0,40.39504,-3.772,3,40.0,1,0,0.0,1,363
18.0,73.0,40.42828,-3.67332,3,159.0,1,0,0.0,10,326
17.0,61.0,40.407363624,-3.703486221,4,109.0,1,0,0.0,65,257
14.0,52.0,40.454030106074256,-3.7057458000000087,4,119.0,1,0,0.0,47,75
4.0,57.0,40.46245,-3.59143,4,104.0,1,0,0.0,23,323
17.0,66.0,40.42144,-3.70291,4,122.0,3,1,1.0,24,43
17.0,76.0,40.419026326,-3.708455686,4,142.0,1,0,0.0,25,303
16.0,59.0,40.44982,-3.67304,4,103.0,1,1,1.0,181,313
17.0,76.0,40.4190202,-3.708462392,4,137.0,1,5,5.0,25,324
12.0,54.0,40.4971648,-3.6089149,4,113.0,1,0,0.0,3,363
12.0,54.0,40.4971648,-3.6089149,4,97.0,1,8,8.0,3,363
5.0,44.0,40.3334364,-3.7027812,4,90.0,1,1,1.0,23,157
16.0,64.0,40.45776,-3.67488,4,120.0,28,0,0.0,62,350
13.0,60.0,40.40507,-3.6924,4,120.0,2,0,0.0,11,340
13.0,60.0,40.40472,-3.69049,4,129.0,2,2,2.0,11,327
13.0,60.0,40.40301,-3.69118,4,114.0,3,2,2.0,11,336
1.0,13.0,40.40484,-3.606346,3,28.0,1,0,0.0,1,227
3.0,11.0,40.40432,-3.72958,3,28.0,1,5,5.0,1,311
17.0,79.0,40.41494,-3.69949,4,135.0,7,0,0.0,3,334
10.0,41.0,40.42863,-3.64317,4,96.0,2,0,0.0,2,50
17.0,80.0,40.42005,-3.70262,4,143.0,2,2,2.0,1,258
17.0,76.0,40.41903,-3.70845,4,143.0,1,2,2.0,25,321
13.0,59.0,40.4104,-3.71849,3,40.0,30,0,0.0,1,225
18.0,82.0,40.42915,-3.6863,4,141.0,1,1,1.0,4,295
10.0,45.0,40.4260737,-3.6487823,3,33.0,1,0,0.0,3,345
17.0,61.0,40.4105604,-3.707865,3,64.0,1,2,2.0,1,359
3.0,29.0,40.41078,-3.7268,4,92.0,3,0,0.0,5,230
14.0,57.0,40.46149,-3.69929,4,144.0,2,1,1.0,2,345
17.0,80.0,40.41706,-3.70743,4,124.0,3,0,0.0,7,223
16.0,80.0,40.398242,-3.6726702,4,102.0,1,0,0.0,23,152
17.0,66.0,40.4236282,-3.709391399999999,4,135.0,28,1,1.0,62,340
17.0,61.0,40.41023,-3.69885,4,152.0,1,2,2.0,8,314
13.0,49.0,40.39857,-3.69939,3,53.0,1,0,0.0,1,293
15.0,64.0,40.43199963741389,-3.699876977246095,3,40.0,1,1,1.0,1,57
17.0,61.0,40.41046927286872,-3.698755355797701,4,83.0,1,0,0.0,2,130
17.0,61.0,40.41381020310679,-3.706541471163944,1,40.0,1,0,0.0,8,349
15.0,67.0,40.44574,-3.70151,4,100.0,10,1,1.0,14,82
16.0,51.0,40.40582,-3.67715,3,30.0,1,2,2.0,7,92
6.0,45.0,40.38842,-3.71825,4,161.0,1,0,0.0,16,353
6.0,45.0,40.388421,-3.7182493,4,110.0,1,0,0.0,16,352
9.0,45.0,40.44266942777922,-3.582416032898588,4,114.0,1,0,0.0,181,209
16.0,66.0,40.43867,-3.67553,3,69.0,30,0,0.0,6,334
17.0,61.0,40.41381428747835,-3.706552200000004,1,40.0,1,0,0.0,8,349
17.0,61.0,40.41382654059154,-3.706546835581974,1,55.0,1,0,0.0,8,344
13.0,46.0,40.39639,-3.68999,3,56.0,1,0,0.0,2,346
12.0,27.0,40.46609823403065,-3.629932701587677,3,30.0,5,1,1.0,2,93
17.0,79.0,40.41456752148768,-3.695599934615404,4,150.0,1,0,0.0,54,258
8.0,10.0,40.38066223825616,-3.6711875518125576,3,27.0,1,0,0.0,1,356
18.0,82.0,40.42286199999999,-3.6901218,4,152.0,1,0,0.0,2,45
17.0,61.0,40.40882,-3.69954,4,50.0,28,0,0.0,2,340
14.0,50.0,40.4606,-3.7074,3,59.0,1,0,0.0,4,13
8.0,48.0,40.39538,-3.66609,3,34.0,1,0,0.0,1,88
15.0,66.0,40.4376981,-3.709573599999999,4,157.0,1,2,2.0,3,108
17.0,61.0,40.40760849999999,-3.704466,4,108.0,3,0,0.0,1,345
14.0,52.0,40.4500727,-3.7078355,4,161.0,1,0,0.0,3,103
17.0,76.0,40.4135,-3.71198,4,99.0,3,0,0.0,2,211
9.0,24.0,40.44057,-3.62484,4,89.0,15,0,0.0,2,330
17.0,61.0,40.41381020310679,-3.7065575644180337,3,157.0,1,0,0.0,8,337
17.0,61.0,40.41382245622073,-3.7065575644180337,3,158.0,1,0,0.0,8,341
3.0,29.0,40.40641,-3.73212,3,55.0,1,1,1.0,4,359
14.0,71.0,40.46866,-3.69022,3,140.0,1,0,0.0,1,365
3.0,29.0,40.40814,-3.73403,3,40.0,1,0,0.0,4,359
6.0,45.0,40.38842,-3.71825,4,131.0,1,1,1.0,16,357
6.0,45.0,40.388421,-3.7182493,4,115.0,1,0,0.0,16,358
18.0,82.0,40.42149,-3.68231,4,78.0,1,3,3.0,4,292
10.0,85.0,40.4814244922321,-3.737162384664561,3,48.0,6,0,0.0,1,76
17.0,61.0,40.41098,-3.70605,3,75.0,1,0,0.0,8,335
17.0,61.0,40.41089,-3.70387,3,70.0,1,0,0.0,8,333
17.0,61.0,40.41086,-3.70375,3,80.0,1,0,0.0,8,283
17.0,61.0,40.41267,-3.70574,3,65.0,1,0,0.0,8,352
17.0,61.0,40.41033,-3.6954,3,53.0,2,0,0.0,3,342
16.0,70.0,40.41649,-3.67449,3,60.0,2,3,3.0,3,343
8.0,41.0,40.39989,-3.65894,3,95.0,1,0,0.0,120,361
17.0,76.0,40.42327490215136,-3.710831478238105,4,136.0,1,0,0.0,21,337
17.0,61.0,40.41142,-3.70389,3,71.0,1,0,0.0,8,354
17.0,61.0,40.40968,-3.70606,3,37.0,1,2,2.0,5,294
11.0,70.0,40.42533,-3.71267,3,110.0,2,1,1.0,4,4
8.0,41.0,40.3963,-3.66438,3,96.0,1,2,2.0,120,365
12.0,54.0,40.48081,-3.63319,4,154.0,1,0,0.0,181,347
17.0,76.0,40.41208,-3.71255,4,147.0,1,0,0.0,292,344
17.0,76.0,40.41553,-3.7094,4,133.0,3,1,1.0,7,229
17.0,61.0,40.40885,-3.70406,3,43.0,1,0,0.0,5,295
17.0,80.0,40.41704,-3.7075,4,133.0,3,0,0.0,7,314
17.0,61.0,40.41042,-3.70605,3,37.0,1,4,4.0,5,274
3.0,29.0,40.409750502938685,-3.731868959477836,4,102.0,1,2,2.0,3,73
17.0,61.0,40.40936,-3.70439,3,39.0,1,4,4.0,5,312
4.0,40.0,40.47252,-3.57812,3,32.0,1,0,0.0,3,350
17.0,61.0,40.41306,-3.70575,4,132.0,1,0,0.0,407,286
14.0,57.0,40.4609348,-3.6984055,3,46.0,1,7,7.0,2,350
17.0,79.0,40.41461054837282,-3.7012996174832393,4,138.0,2,1,1.0,2,275
6.0,17.0,40.37719057842724,-3.748352564871311,3,55.0,2,0,0.0,2,343
6.0,17.0,40.37583,-3.74941,3,55.0,2,0,0.0,2,344
4.0,19.0,40.4627801,-3.583431999999999,3,44.0,1,0,0.0,14,25
17.0,76.0,40.41902,-3.70846,4,134.0,1,4,4.0,25,299
17.0,76.0,40.41902,-3.70847,4,143.0,1,3,3.0,25,318
17.0,76.0,40.41901969,-3.708468427,4,143.0,1,2,2.0,25,321
17.0,76.0,40.419022242,-3.708467756,4,154.0,1,1,1.0,25,322
17.0,66.0,40.42662,-3.70595,4,74.0,2,1,1.0,6,74
17.0,76.0,40.41903041,-3.708464404,4,125.0,1,1,1.0,25,286
17.0,61.0,40.41004,-3.69707,3,54.0,2,0,0.0,3,350
15.0,67.0,40.44533684397744,-3.7025596759490975,4,66.0,2,0,0.0,31,257
17.0,61.0,40.40964,-3.6956,3,55.0,2,0,0.0,3,327
3.0,29.0,40.41226,-3.72927,4,127.0,2,0,0.0,6,276
17.0,76.0,40.419023774,-3.708463733,3,154.0,1,4,4.0,25,342
18.0,73.0,40.4282,-3.67387,4,156.0,1,0,0.0,407,317
17.0,76.0,40.41903,-3.70847,2,154.0,1,0,0.0,25,309
17.0,76.0,40.419030155,-3.708457027,4,153.0,1,2,2.0,25,335
17.0,61.0,40.4113164,-3.703707999999999,4,95.0,2,2,2.0,2,307
13.0,60.0,40.40101295847783,-3.6948320899352938,3,47.0,4,1,1.0,31,347
17.0,76.0,40.419023263,-3.70845971,2,152.0,1,1,1.0,25,337
16.0,66.0,40.43904,-3.67477,4,152.0,1,0,0.0,407,327
17.0,80.0,40.41489553257572,-3.7081431421807833,4,133.0,3,0,0.0,7,225
17.0,76.0,40.41698,-3.70917,4,133.0,3,0,0.0,7,320
17.0,79.0,40.4152,-3.70164,3,59.0,2,1,1.0,4,347
17.0,79.0,40.4152,-3.70164,3,60.0,2,0,0.0,4,344
13.0,60.0,40.40332,-3.70055,3,69.0,1,0,0.0,22,335
17.0,61.0,40.408224112967744,-3.698549368966632,4,83.0,1,0,0.0,181,273
16.0,59.0,40.44432,-3.67404,4,65.0,1,0,0.0,181,307
17.0,80.0,40.41529876823722,-3.703089952468872,4,164.0,2,0,0.0,4,95
17.0,61.0,40.41263,-3.70204,4,131.0,1,0,0.0,10,356
14.0,57.0,40.46428,-3.70426,4,104.0,3,0,0.0,93,347
14.0,57.0,40.46776,-3.70767,4,78.0,7,0,0.0,36,355
14.0,57.0,40.464293239999,-3.703533564831855,4,80.0,10,0,0.0,36,365
4.0,40.0,40.47151,-3.57823,3,35.0,1,1,1.0,3,350
17.0,66.0,40.42349,-3.70717,4,78.0,2,1,1.0,20,350
4.0,15.0,40.47079554597466,-3.5759576429964106,3,35.0,1,3,3.0,3,342
12.0,54.0,40.48438,-3.66678,4,92.0,2,1,1.0,2,242
17.0,61.0,40.41248,-3.70093,3,67.0,2,0,0.0,4,345
17.0,61.0,40.41248,-3.70093,3,60.0,2,0,0.0,4,355
17.0,61.0,40.4124752,-3.7009325,3,60.0,2,0,0.0,4,113
17.0,61.0,40.41244,-3.70147,3,64.0,1,0,0.0,3,353
17.0,61.0,40.41244,-3.70147,3,72.0,2,1,1.0,3,351
17.0,61.0,40.4124394,-3.7014673,3,67.0,2,0,0.0,3,332
14.0,50.0,40.45791,-3.70204,3,28.0,1,0,0.0,4,353
14.0,52.0,40.44989015908592,-3.704961539265264,3,30.0,1,0,0.0,4,346
16.0,59.0,40.44134418235666,-3.683668343861417,3,71.0,1,0,0.0,1,356
17.0,61.0,40.41248,-3.70093,3,65.0,2,0,0.0,4,352
15.0,39.0,40.43274,-3.7129,4,163.0,3,1,1.0,11,285
17.0,66.0,40.42702326483211,-3.706677578707248,4,145.0,1,2,2.0,77,342
17.0,80.0,40.41613,-3.7024,4,155.0,2,0,0.0,4,100
17.0,80.0,40.4148566160913,-3.703983127291445,4,162.0,2,1,1.0,4,97
7.0,33.0,40.36666784253999,-3.622673973441124,4,157.0,1,0,0.0,1,365
17.0,66.0,40.4223592,-3.7054141,4,111.0,1,0,0.0,31,318
15.0,69.0,40.43084,-3.6947555,3,59.0,3,0,0.0,6,91
17.0,61.0,40.41242,-3.70568,1,27.0,1,7,7.0,3,347
17.0,61.0,40.41229,-3.69921,4,96.0,1,5,5.0,3,286
17.0,77.0,40.42417,-3.69305,4,142.0,28,0,0.0,1,239
17.0,61.0,40.4107,-3.7055,3,22.0,1,1,1.0,3,361
17.0,80.0,40.41586806470375,-3.703542424389916,4,162.0,2,0,0.0,4,99
14.0,52.0,40.454034188003526,-3.7057243423278896,4,108.0,1,0,0.0,47,82
18.0,60.0,40.42347,-3.66555,4,135.0,1,1,1.0,1,162
14.0,50.0,40.45877,-3.70064,4,88.0,1,0,0.0,1,48
17.0,77.0,40.422409642067976,-3.700046986341477,3,74.0,2,0,0.0,3,148
16.0,51.0,40.40320437575667,-3.676014393568039,4,70.0,7,0,0.0,1,207
14.0,50.0,40.45726227021409,-3.7045777342291575,3,29.0,1,0,0.0,5,354
17.0,61.0,40.40772,-3.70913,4,121.0,1,0,0.0,2,243
17.0,77.0,40.422139991020885,-3.70045462678849,4,88.0,3,0,0.0,2,202
17.0,66.0,40.42413,-3.70107,4,110.0,2,3,3.0,141,148
13.0,60.0,40.401615887,-3.696380138,4,91.0,1,0,0.0,28,354
13.0,59.0,40.4041763,-3.7150144,4,88.0,1,0,0.0,47,99
17.0,76.0,40.4202,-3.70884,1,55.0,1,0,0.0,10,345
17.0,77.0,40.42213,-3.6971,4,100.0,30,0,0.0,8,32
14.0,50.0,40.46133,-3.70786,3,50.0,2,0,0.0,2,266
17.0,80.0,40.4146884574556,-3.707189188848008,4,143.0,1,0,0.0,16,323
13.0,55.0,40.40003,-3.70177,3,64.0,2,1,1.0,8,351
13.0,55.0,40.400033,-3.7017648,3,41.0,2,0,0.0,8,352
13.0,55.0,40.400033,-3.7017648,3,99.0,2,0,0.0,8,335
17.0,79.0,40.4152,-3.70164,3,63.0,2,0,0.0,4,327
17.0,79.0,40.4152,-3.70164,3,70.0,2,0,0.0,4,340
16.0,70.0,40.4166,-3.67486,3,48.0,2,0,0.0,8,305
17.0,79.0,40.4127439,-3.699234,4,142.0,1,0,0.0,47,38
17.0,76.0,40.4123,-3.71182,3,75.0,2,2,2.0,6,334
14.0,57.0,40.4659545,-3.7029212,4,99.0,3,1,1.0,2,342
14.0,63.0,40.4474183,-3.7013575,4,91.0,3,0,0.0,1,53
6.0,20.0,40.38147,-3.70843,4,90.0,2,0,0.0,4,40
12.0,61.0,40.47045,-3.63684,4,99.0,1,1,1.0,1,67
17.0,61.0,40.40813,-3.70827,4,123.0,1,0,0.0,2,246
10.0,36.0,40.48410039055092,-3.687507973710568,3,39.0,1,2,2.0,1,353
17.0,76.0,40.422022,-3.7091663,3,128.0,1,0,0.0,6,154
17.0,79.0,40.41421,-3.70205,3,62.0,2,0,0.0,6,357
17.0,61.0,40.41249,-3.70388,3,22.0,1,0,0.0,3,355
17.0,79.0,40.4116744,-3.6954284,4,91.0,20,0,0.0,33,242
17.0,61.0,40.40953,-3.70754,4,150.0,1,0,0.0,1,352
10.0,41.0,40.42999,-3.64168,4,96.0,1,0,0.0,292,285
7.0,33.0,40.37755,-3.62535,3,21.0,1,1,1.0,2,295
16.0,70.0,40.41649,-3.67449,3,70.0,2,0,0.0,3,332
16.0,70.0,40.41649,-3.67449,3,67.0,2,0,0.0,3,340
17.0,77.0,40.4249203,-3.7007496,3,57.0,2,0,0.0,2,239
17.0,66.0,40.42506,-3.70725,4,135.0,30,0,0.0,6,222
14.0,52.0,40.44708,-3.70433,4,110.0,4,0,0.0,1,264
6.0,8.0,40.3712058,-3.7081057,3,51.0,1,0,0.0,1,360
17.0,80.0,40.41818,-3.70044,4,100.0,28,0,0.0,93,350
17.0,77.0,40.4226427,-3.6980861,3,67.0,1,0,0.0,22,336
14.0,63.0,40.4495786,-3.7005911,4,101.0,3,0,0.0,2,331
17.0,77.0,40.4226427,-3.6980861,3,56.0,1,0,0.0,22,337
17.0,77.0,40.4226427,-3.6980861,3,56.0,1,0,0.0,22,343
17.0,77.0,40.4226427,-3.6980861,3,56.0,1,0,0.0,22,342
17.0,77.0,40.4215288,-3.6990096,3,59.0,1,0,0.0,22,312
17.0,76.0,40.4175391,-3.7112908,4,162.0,1,2,2.0,11,329
17.0,77.0,40.4215288,-3.6990096,3,67.0,1,0,0.0,22,290
17.0,77.0,40.4215288,-3.6990096,3,59.0,1,0,0.0,22,246
15.0,69.0,40.43084,-3.69476,3,59.0,3,0,0.0,6,95
15.0,69.0,40.43084,-3.69476,3,52.0,1,0,0.0,6,92
15.0,69.0,40.43084,-3.6947555,3,61.0,3,0,0.0,6,83
15.0,69.0,40.43084,-3.6947555,3,52.0,3,0,0.0,6,74
15.0,69.0,40.43084,-3.6947555,3,59.0,1,0,0.0,6,84
17.0,80.0,40.41466,-3.70401,4,162.0,2,2,2.0,10,337
16.0,80.0,40.40089704164263,-3.667806227535282,4,68.0,1,0,0.0,6,3
16.0,51.0,40.40471464890203,-3.680607788885508,4,108.0,21,0,0.0,9,336
3.0,5.0,40.39935,-3.77503,3,29.0,1,0,0.0,1,354
17.0,66.0,40.425125186,-3.704113219,4,159.0,1,0,0.0,65,273
17.0,61.0,40.41257,-3.70092,4,100.0,2,0,0.0,12,307
14.0,50.0,40.45729,-3.7042,3,29.0,2,0,0.0,5,352
6.0,45.0,40.38884,-3.7165,3,53.0,2,0,0.0,1,14
17.0,66.0,40.4263571,-3.7074789,3,50.0,15,0,0.0,8,324
15.0,64.0,40.43172,-3.70012,3,100.0,1,0,0.0,8,333
11.0,18.0,40.42366,-3.71585,4,104.0,3,0,0.0,24,60
17.0,77.0,40.42178,-3.69946,4,129.0,1,0,0.0,8,105
13.0,72.0,40.38905,-3.68982,4,146.0,2,0,0.0,1,106
17.0,77.0,40.42199,-3.69806,4,128.0,2,0,0.0,2,65
9.0,45.0,40.44468,-3.58293,4,74.0,1,0,0.0,21,62
8.0,41.0,40.3982,-3.66401,4,107.0,1,0,0.0,95,348
17.0,61.0,40.408822662148864,-3.705768235851186,4,118.0,4,3,3.0,28,78
17.0,61.0,40.40991167085436,-3.705489734974317,4,161.0,4,1,1.0,28,78
14.0,50.0,40.45801,-3.70726,4,96.0,1,0,0.0,10,325
17.0,61.0,40.4093556,-3.6999376,4,111.0,1,0,0.0,1,91
17.0,61.0,40.40791,-3.70126,4,92.0,2,0,0.0,6,317
1.0,13.0,40.39377,-3.62305,3,36.0,1,0,0.0,3,317
17.0,77.0,40.4205,-3.70041,4,90.0,1,0,0.0,1,297
13.0,60.0,40.40508,-3.70156,3,69.0,1,0,0.0,22,345
6.0,32.0,40.38304,-3.70379,3,45.0,1,0,0.0,5,353
17.0,80.0,40.41971,-3.70502,3,65.0,2,0,0.0,2,349
14.0,50.0,40.4608364,-3.7029596,4,129.0,1,0,0.0,1,330
13.0,60.0,40.40473,-3.70202,3,72.0,1,0,0.0,22,344
17.0,80.0,40.41974,-3.70562,3,75.0,2,0,0.0,2,358
14.0,63.0,40.4566783,-3.7004628,3,54.0,30,0,0.0,4,332
13.0,55.0,40.40452,-3.70218,3,72.0,1,0,0.0,22,297
17.0,61.0,40.41173295211024,-3.7065456073005714,4,116.0,1,0,0.0,87,332
17.0,76.0,40.41508,-3.71262,3,60.0,2,0,0.0,2,280
17.0,61.0,40.4091953040833,-3.708027228713036,3,64.0,1,0,0.0,1,262
14.0,57.0,40.4609348,-3.6984055,3,42.0,1,2,2.0,2,326
6.0,20.0,40.3821126,-3.7095009,4,106.0,2,0,0.0,4,48
13.0,60.0,40.40494,-3.70022,4,119.0,1,0,0.0,14,277
17.0,61.0,40.40837,-3.69861,4,46.0,1,0,0.0,87,269
17.0,61.0,40.40968098124405,-3.7005503593187017,4,70.0,1,0,0.0,87,274
10.0,53.0,40.48230830036052,-3.71226307476178,4,78.0,1,0,0.0,87,341
16.0,66.0,40.44216506285168,-3.67069179929896,4,130.0,2,0,0.0,12,279
18.0,82.0,40.42814,-3.68062,3,42.0,3,1,1.0,1,36
17.0,66.0,40.4213366,-3.703023099999999,3,67.0,1,0,0.0,22,316
17.0,80.0,40.4160633,-3.707432,3,67.0,1,0,0.0,22,326
6.0,42.0,40.3943704,-3.710531699999999,4,127.0,1,0,0.0,1,326
17.0,80.0,40.4160633,-3.707432,3,67.0,1,0,0.0,22,312
17.0,80.0,40.4160633,-3.707432,3,56.0,1,0,0.0,22,293
17.0,76.0,40.4143,-3.71023,4,75.0,30,0,0.0,2,257
3.0,12.0,40.396216771738445,-3.763201948459449,3,28.0,3,0,0.0,2,61
14.0,52.0,40.4520872,-3.7091847,3,82.0,1,0,0.0,3,364
15.0,66.0,40.435593950521785,-3.709573657809917,4,67.0,28,0,0.0,1,339
11.0,70.0,40.4298122,-3.7167957,4,127.0,2,0,0.0,1,349
17.0,66.0,40.42344,-3.70359,4,92.0,3,0,0.0,2,248
17.0,61.0,40.41204,-3.70384,3,57.0,1,0,0.0,20,79
14.0,71.0,40.4721001,-3.689775,3,62.0,1,2,2.0,4,39
8.0,48.0,40.3935235,-3.6666192,4,80.0,2,0,0.0,14,33
17.0,76.0,40.42094606366958,-3.709366992115975,4,112.0,1,0,0.0,6,204
15.0,69.0,40.43411095565456,-3.692270414385148,3,140.0,1,0,0.0,5,365
17.0,79.0,40.415453677,-3.701444086,4,71.0,1,0,0.0,4,82
14.0,63.0,40.45298,-3.69999,4,103.0,1,0,0.0,1,236
17.0,61.0,40.411,-3.69732,4,110.0,3,0,0.0,29,213
15.0,69.0,40.43266,-3.6902,3,140.0,1,0,0.0,5,364
12.0,54.0,40.4861,-3.6703369,4,98.0,1,0,0.0,1,58
15.0,69.0,40.43352727072837,-3.689928662557689,3,140.0,1,0,0.0,5,362
17.0,80.0,40.416412621,-3.706238638,4,96.0,1,0,0.0,4,89
6.0,20.0,40.3821126,-3.7095009,4,88.0,2,0,0.0,4,33
8.0,48.0,40.3874077073002,-3.6704677908086873,3,35.0,2,0,0.0,1,346
15.0,69.0,40.43217049573785,-3.690135590616313,3,152.0,1,0,0.0,5,365
17.0,77.0,40.4198781552554,-3.699298738848685,4,104.0,1,0,0.0,38,321
17.0,76.0,40.41528,-3.71303,4,144.0,1,0,0.0,407,134
17.0,76.0,40.41518741898506,-3.713058774856427,4,152.0,1,0,0.0,407,331
17.0,76.0,40.41599,-3.7131,4,146.0,1,0,0.0,407,284
17.0,79.0,40.4126227,-3.6969358,4,159.0,1,0,0.0,1,194
17.0,76.0,40.41619,-3.71081,4,145.0,1,0,0.0,407,72
17.0,79.0,40.4126227,-3.6969358,4,139.0,1,0,0.0,1,232
17.0,61.0,40.41301,-3.70113,4,67.0,1,0,0.0,1,326
17.0,79.0,40.4126227,-3.6969358,4,134.0,1,0,0.0,1,197
17.0,79.0,40.412591917,-3.697038191,4,132.0,1,0,0.0,1,348
17.0,66.0,40.42399,-3.70599,4,116.0,1,0,0.0,1,154
17.0,76.0,40.41517,-3.71008,4,120.0,7,0,0.0,1,335
17.0,66.0,40.42654,-3.70883,3,39.0,2,0,0.0,14,264
8.0,48.0,40.39397387952173,-3.667897244073416,4,154.0,1,1,1.0,3,344
14.0,50.0,40.46061637705039,-3.706047805838028,4,77.0,3,0,0.0,8,345
14.0,50.0,40.46082796752585,-3.7037532073853296,4,107.0,3,0,0.0,8,351
6.0,25.0,40.38829,-3.73484,4,59.0,1,0,0.0,1,105
6.0,39.0,40.3978405,-3.7179593,3,49.0,2,0,0.0,1,338
13.0,46.0,40.40042,-3.69828,3,50.0,1,0,0.0,22,348
18.0,73.0,40.42235,-3.67375,3,45.0,3,0,0.0,1,356
13.0,60.0,40.40195,-3.69791,3,64.0,1,0,0.0,22,337
17.0,76.0,40.41687,-3.70956,3,60.0,2,0,0.0,5,343
6.0,32.0,40.38247980000001,-3.7038014,4,155.0,4,0,0.0,43,360
6.0,39.0,40.3934028,-3.7401546,4,150.0,4,0,0.0,43,365
6.0,25.0,40.3869,-3.7374,4,109.0,1,0,0.0,3,26
17.0,76.0,40.41687,-3.70956,3,75.0,2,0,0.0,5,331
13.0,60.0,40.40203,-3.69681,3,50.0,1,0,0.0,22,326
17.0,76.0,40.41687,-3.70956,3,70.0,2,0,0.0,5,336
17.0,76.0,40.41687,-3.70956,3,56.0,2,0,0.0,5,343
17.0,76.0,40.41687,-3.70956,3,60.0,2,0,0.0,5,338
17.0,61.0,40.41167,-3.6987,3,58.0,1,0,0.0,1,352
11.0,47.0,40.46033,-3.77794,4,75.0,3,0,0.0,8,362
11.0,47.0,40.45953,-3.77871,4,77.0,4,0,0.0,8,365
11.0,47.0,40.459075454786415,-3.780267913648598,4,77.0,3,0,0.0,8,365
11.0,47.0,40.46018,-3.77831,4,77.0,3,0,0.0,8,362
11.0,47.0,40.46067,-3.77971,4,77.0,3,0,0.0,8,345
11.0,47.0,40.45859,-3.78036,4,102.0,3,0,0.0,8,355
12.0,61.0,40.47216,-3.65419,4,115.0,7,0,0.0,3,251
17.0,79.0,40.41523,-3.70172,3,59.0,1,0,0.0,22,307
17.0,79.0,40.41563,-3.70131,3,67.0,1,0,0.0,22,290
17.0,79.0,40.41383,-3.70142,3,56.0,1,0,0.0,22,333
17.0,79.0,40.41421,-3.7016,3,67.0,1,0,0.0,22,341
17.0,61.0,40.40668,-3.70047,4,97.0,1,0,0.0,8,12
8.0,48.0,40.3927162,-3.6660436,4,115.0,4,0,0.0,43,359
6.0,39.0,40.3956215,-3.7315335,4,82.0,4,0,0.0,43,343
14.0,57.0,40.4649509024551,-3.704577907919884,4,80.0,4,0,0.0,43,342
17.0,61.0,40.41061776487973,-3.708336018025875,4,147.0,2,0,0.0,2,340
6.0,39.0,40.3956215,-3.7315335,4,82.0,4,0,0.0,43,357
8.0,10.0,40.38175,-3.67004,4,61.0,20,0,0.0,1,30
17.0,80.0,40.416544954,-3.708609132,4,109.0,1,0,0.0,28,346
9.0,45.0,40.44258,-3.56987,4,89.0,4,0,0.0,13,283
10.0,53.0,40.47835,-3.70494,4,125.0,1,0,0.0,28,354
9.0,45.0,40.44054368523816,-3.569780166318525,4,96.0,4,0,0.0,13,296
17.0,61.0,40.4091699,-3.7038218,4,112.0,1,0,0.0,28,345
12.0,10.0,40.47482851847765,-3.6614872856426137,3,34.0,1,1,1.0,1,333
17.0,80.0,40.416544954,-3.708609132,4,109.0,1,0,0.0,28,355
17.0,76.0,40.415720987,-3.709799647,4,143.0,1,0,0.0,28,321
17.0,66.0,40.4247783,-3.7060279,4,102.0,1,0,0.0,24,328
17.0,66.0,40.42513,-3.70269,4,110.0,1,0,0.0,24,345
17.0,77.0,40.4267,-3.70076,4,126.0,1,0,0.0,24,344
17.0,76.0,40.4210968,-3.7098061,4,95.0,1,0,0.0,24,350
17.0,76.0,40.4210968,-3.7098061,4,95.0,1,0,0.0,24,351
17.0,79.0,40.412212915,-3.696627472,4,92.0,1,0,0.0,24,40
17.0,76.0,40.41531704,-3.708557938,4,116.0,1,0,0.0,24,358
17.0,80.0,40.41857,-3.70106,4,127.0,1,0,0.0,24,358
17.0,66.0,40.4234249,-3.7055946,4,145.0,1,0,0.0,24,353
15.0,67.0,40.44063,-3.69759,4,106.0,1,0,0.0,24,359
17.0,66.0,40.4280383,-3.7087337,4,94.0,1,0,0.0,24,356
17.0,66.0,40.4280383,-3.7087337,4,111.0,1,0,0.0,24,356
17.0,77.0,40.42614,-3.70105,4,131.0,1,0,0.0,24,334
18.0,68.0,40.42899,-3.67238,4,108.0,1,0,0.0,24,339
10.0,35.0,40.439282,-3.653352,4,117.0,1,0,0.0,24,356
3.0,29.0,40.40969,-3.731,4,102.0,1,0,0.0,28,338
15.0,69.0,40.4334504,-3.6973254,4,136.0,30,0,0.0,249,269
13.0,60.0,40.405909432,-3.693250912,4,129.0,1,0,0.0,65,31
13.0,46.0,40.400002571,-3.694766785,4,130.0,1,0,0.0,65,336
10.0,35.0,40.44005,-3.65424,4,79.0,1,0,0.0,20,339
17.0,66.0,40.42645618248492,-3.709261719566519,3,42.0,3,0,0.0,1,8
10.0,45.0,40.43006649741226,-3.651086674194001,3,36.0,1,0,0.0,3,349
14.0,63.0,40.4566783,-3.7004628,3,57.0,30,0,0.0,4,363
17.0,79.0,40.41423,-3.70248,3,72.0,2,0,0.0,1,357
16.0,64.0,40.45547323349548,-3.675836425053817,3,99.0,1,0,0.0,73,342
17.0,66.0,40.421597844832895,-3.706431810216227,4,123.0,2,0,0.0,16,314
17.0,61.0,40.41379,-3.70654,3,80.0,1,0,0.0,8,11
17.0,66.0,40.42125,-3.70363,4,133.0,2,0,0.0,16,299
14.0,63.0,40.4566783,-3.7004628,3,57.0,30,0,0.0,4,363
14.0,63.0,40.4566783,-3.7004628,3,57.0,30,0,0.0,4,363
6.0,45.0,40.38966,-3.7278,4,93.0,1,0,0.0,1,311
14.0,63.0,40.4560562,-3.7007826,4,101.0,2,0,0.0,2,353
17.0,79.0,40.41695,-3.70008,3,64.0,2,0,0.0,5,340
17.0,76.0,40.42248,-3.71008,4,140.0,1,1,1.0,21,337
8.0,48.0,40.39463,-3.66344,3,28.0,5,0,0.0,1,287
12.0,27.0,40.4659068,-3.6306726,3,37.0,1,0,0.0,1,362
16.0,51.0,40.40108,-3.67653,4,89.0,1,0,0.0,36,324
17.0,76.0,40.4115127,-3.7137619,4,140.0,4,0,0.0,1,283
17.0,76.0,40.42077,-3.70995,4,150.0,2,0,0.0,2,362
6.0,39.0,40.3978519,-3.7340766,3,38.0,1,0,0.0,1,359
